question_id,career,bank,year,phase,source_confidence,option_or_assertion,paraphrased_claim,verdict_or_role,knowledge_atom,distractor_mechanism,editorial_implication
"VUNESP_PCSP_2023_FUNC","Delegado PC-SP","VUNESP","2023","objetiva","secondary_located","A","A função penal é proteger bens jurídicos relevantes","CORRECT","function.protect_legal_goods","direct-concept","Função de proteção de bens jurídicos precisa aparecer cedo e sem rodeios"
"VUNESP_PCSP_2023_FUNC","Delegado PC-SP","VUNESP","2023","objetiva","secondary_located","B","A função penal é simplesmente aplicar penas e medidas","DISTRACTOR","function.vs_consequence","effect-for-function","Distinguir função do sistema de suas consequências jurídicas"
"VUNESP_PCSP_2023_FUNC","Delegado PC-SP","VUNESP","2023","objetiva","secondary_located","C","A função penal é resolver conflitos e pacificar a sociedade em geral","DISTRACTOR","function.vs_other_branches","overbroad-social-function","Mostrar por que fórmulas gerais de pacificação não definem especificamente a função penal"
"VUNESP_PCSP_2023_FUNC","Delegado PC-SP","VUNESP","2023","objetiva","secondary_located","D","A função penal é realizar objetivos constitucionais sociais amplos","DISTRACTOR","function.vs_constitutional_goal","category-shift","Ensinar a identificar finalidade constitucional geral usada como distrator"
"VUNESP_PCSP_2023_FUNC","Delegado PC-SP","VUNESP","2023","objetiva","secondary_located","E","A função penal é garantir execução de qualquer lei","DISTRACTOR","function.vs_enforcement","overgeneralization","Evitar conceito expansivo de Direito Penal como garantidor universal"

"CEBRASPE_PCRO_2022_SYMBOLIC","Delegado PC-RO","CEBRASPE","2022","objetiva","secondary_located","STEM","Descrição de inflação legislativa, emergência/terror penal e efeito predominante de percepção","TARGET_SIGNAL","function.symbolic","description-to-label","Ensinar sinais semânticos que levam à função simbólica"
"CEBRASPE_PCRO_2022_SYMBOLIC","Delegado PC-RO","CEBRASPE","2022","objetiva","secondary_located","A","Rótulo ético-social","DISTRACTOR","function.ethical_social","nearby-doctrinal-label","Definição curta e contraste com simbólica"
"CEBRASPE_PCRO_2022_SYMBOLIC","Delegado PC-RO","CEBRASPE","2022","objetiva","secondary_located","B","Rótulo função simbólica","CORRECT","function.symbolic","precise-label","Função simbólica é conhecimento examinável"
"CEBRASPE_PCRO_2022_SYMBOLIC","Delegado PC-RO","CEBRASPE","2022","objetiva","secondary_located","C","Rótulo instrumento de controle social","DISTRACTOR","function.social_control","general-truth-wrong-label","Questão pode usar afirmação verdadeira mas inadequada ao trecho"
"CEBRASPE_PCRO_2022_SYMBOLIC","Delegado PC-RO","CEBRASPE","2022","objetiva","secondary_located","D","Rótulo função motivadora","DISTRACTOR","function.motivating","nearby-doctrinal-label","Contrastar ameaça de sanção/orientação de conduta com efeito simbólico"
"CEBRASPE_PCRO_2022_SYMBOLIC","Delegado PC-RO","CEBRASPE","2022","objetiva","secondary_located","E","Rótulo função promocional","DISTRACTOR","function.promotional","nearby-doctrinal-label","Promocional exige contexto/autoria; não confundir com simbólica"

"CEBRASPE_PCPB_2022_TOTAL_Q74","Delegado PC-PB","CEBRASPE","2022","objetiva","official_pdf","TARGET","Ciência total/conjunta do Direito Penal é associada a Franz von Liszt","CORRECT","science.total.von_liszt","author-identification","Autor e expressão precisam constar no núcleo discriminativo"
"CEBRASPE_PCPB_2022_TOTAL_Q75","Delegado PC-PB","CEBRASPE","2022","objetiva","official_pdf","I","Criminologia forneceria estratégias/meios de controle do crime","FALSE","criminology.role","role-swap","Estratégia/diretriz pertence à Política Criminal, não à Criminologia"
"CEBRASPE_PCPB_2022_TOTAL_Q75","Delegado PC-PB","CEBRASPE","2022","objetiva","official_pdf","II","Política Criminal forneceria substrato empírico sobre crime e controle social","FALSE","policy_criminal.role","role-swap","Substrato empírico é papel criminológico"
"CEBRASPE_PCPB_2022_TOTAL_Q75","Delegado PC-PB","CEBRASPE","2022","objetiva","official_pdf","III","Direito Penal tipifica infrações e associa sanções a condutas juridicamente indesejadas","TRUE","dogmatics.role","correct-definition","Conectar conceito de Penal à tríade von Liszt"

"FGV_PCSC_2024_TOTAL","Delegado PC-SC","FGV","2024","objetiva","official_exam_page+secondary_item","A","Ciência conjunta integra Criminologia, Política Criminal e Dogmática","TRUE","science.total.structure","integration","Usar quadro simples dos três pilares"
"FGV_PCSC_2024_TOTAL","Delegado PC-SC","FGV","2024","objetiva","official_exam_page+secondary_item","B","Dogmática opera com normas e princípios penais/processuais","TRUE","dogmatics.normative","discipline-definition","Normativo/dever-ser precisa ser recuperável"
"FGV_PCSC_2024_TOTAL","Delegado PC-SC","FGV","2024","objetiva","official_exam_page+secondary_item","C","Política Criminal formula estratégias/políticas de prevenção e reação","TRUE","policy_criminal.role","discipline-definition","Ensinar como ponte entre dados e decisão normativa/institucional"
"FGV_PCSC_2024_TOTAL","Delegado PC-SC","FGV","2024","objetiva","official_exam_page+secondary_item","D","Criminologia é empírica e interdisciplinar","TRUE","criminology.empirical","epistemic-discriminator","Ser/empírico é palavra-chave de discriminação"
"FGV_PCSC_2024_TOTAL","Delegado PC-SC","FGV","2024","objetiva","official_exam_page+secondary_item","E","Criminologia seria ciência normativa do dever-ser","FALSE_TARGET","criminology.vs_dogmatics","epistemological-inversion","FGV usa uma única palavra epistemológica para invalidar alternativa erudita"

"FUNDATEC_PCRS_2025_FUNCTIONS","Delegado PC-RS","FUNDATEC","2025","objetiva","secondary_located","I","Função promocional é apresentada como transformação/incentivo social além de proteção de bens","FALSE_IN_OFFICIAL_SET_NEEDS_DOCTRINAL_AUDIT","function.promotional","doctrinal-attribution-conflict","Não ensinar como consenso; registrar autor/corrente e formulação da banca"
"FUNDATEC_PCRS_2025_FUNCTIONS","Delegado PC-RS","FUNDATEC","2025","objetiva","secondary_located","II","Fragmentariedade seleciona as ofensas mais graves a bens relevantes","TRUE","principle.fragmentarity","near-concept","Explicação deve diferenciar seleção de bens/ofensas"
"FUNDATEC_PCRS_2025_FUNCTIONS","Delegado PC-RS","FUNDATEC","2025","objetiva","secondary_located","III","Subsidiariedade reserva o Penal à ultima ratio quando outros meios são insuficientes","TRUE","principle.subsidiarity_intervention","near-concept","Parêntese de reconexão deve contrastar com fragmentariedade"
"FUNDATEC_PCRS_2025_FUNCTIONS","Delegado PC-RS","FUNDATEC","2025","objetiva","secondary_located","IV","Natureza sancionatória autorizaria criar autonomamente novos bens jurídicos sem tutela prévia","FALSE","character.sanctioning","absolutization","Ensinar natureza sancionatória com nuance, sem frase absoluta"

"TJPR_2026_Q32","Magistratura TJPR","FGV","2026","objetiva","official_exam+official_final_key","A","Restituição posterior do bem tornaria automaticamente insignificante a lesão","FALSE","principle.insignificance","postfactum-to-material-typicity","Restituição não equivale automaticamente à insignificância"
"TJPR_2026_Q32","Magistratura TJPR","FGV","2026","objetiva","official_exam+official_final_key","B","Adequação social excluiria tipicidade formal porque grupo específico aceita a conduta","FALSE","principle.social_adequacy","formal-vs-material+social-acceptance","FGV cruza categoria dogmática com argumento sociológico"
"TJPR_2026_Q32","Magistratura TJPR","FGV","2026","objetiva","official_exam+official_final_key","C","Insignificância é obstada pelas circunstâncias do bem público e valor relevante","CORRECT_OFFICIAL","principle.insignificance","contextual-application","Não basta decorar requisitos; treinar aplicação ao caso concreto"
"TJPR_2026_Q32","Magistratura TJPR","FGV","2026","objetiva","official_exam+official_final_key","D","Fragmentariedade justificaria absolvição porque existem tutelas civil/administrativa","FALSE","principle.fragmentarity","fragmentarity-vs-subsidiarity","Distrator usa ideia de subsidiariedade sob rótulo de fragmentariedade"
"TJPR_2026_Q32","Magistratura TJPR","FGV","2026","objetiva","official_exam+official_final_key","E","Ofensividade excluiria culpabilidade por ausência de perigo concreto duradouro","FALSE","principle.offensiveness","category-error+concrete-danger-absolutization","Duas armadilhas: ofensividade não é culpabilidade; perigo concreto não é universal"

"MPRJ_2026_Q23","Ministério Público RJ","FGV","2026","objetiva","official_pdf","SIGNAL","Descumprimento de medida protetiva exige identificar bem jurídico e irrelevância do consentimento em hipótese legal","APPLIED_SIGNAL","legal_good.applied","foundation-inside-applied-case","Bem jurídico introdutório reaparece em problema de Parte Especial"
"MPRJ_2026_Q24","Ministério Público RJ","FGV","2026","objetiva","official_pdf","SIGNAL","Crime ambiental exige classificar natureza do delito e potencialidade de dano","APPLIED_SIGNAL","danger_damage_classification","concept-transfer","Fundamentos reaparecem como classificação aplicada"
"MPRJ_2026_Q25","Ministério Público RJ","FGV","2026","objetiva","official_pdf","SIGNAL","Crime de arma envolve tutela antecipada/perigo abstrato","APPLIED_SIGNAL","abstract_danger","principle-to-jurisprudence-transfer","Evitar regra simplista ofensividade = perigo concreto sempre"

"MPPA_2023_DISC_SUBS","Ministério Público PA","CEBRASPE","2023","discursiva","official_standard_answer","OUTPUT","Distinguir especialidade e subsidiariedade no conflito aparente de normas; subsidiariedade pode ser expressa ou tácita","OUTPUT_TARGET","norm_conflict.subsidiarity","homonym-confusion","Registrar homônimo: subsidiariedade da intervenção penal ≠ subsidiariedade no conflito aparente de normas"

"ENAM_2026_1","Magistratura/ENAM","FGV","2026","objetiva","official_pdf","NEGATIVE_EXAM_SIGNAL","Prova localizada não apresentou cobrança direta dos rótulos criminologia/despenalização/fragmentariedade no recorte pesquisado","NO_DIRECT_HIT","coverage.temporal","absence-in-one-edition","Não rebaixar conteúdo expresso em edital por ausência numa edição"
"TJPE_2026","Magistratura TJPE","FGV","2026","objetiva","official_fgv_page+official_exam","NEGATIVE_EXAM_SIGNAL","Prova de 29/09/2026 prioriza aplicação legal/jurisprudencial; sem hit direto nos rótulos introdutórios pesquisados","NO_DIRECT_HIT","coverage.latest","fresh-negative-signal","Registrar comportamento recente sem inferir irrelevância do bloco"
