career,bank,year,phase,exam_or_source,topic,mechanism,source_confidence,editorial_effect
"Delegado PC-SP","VUNESP","2023","objetiva","PC-SP Delegado","função do Direito Penal","pergunta direta; proteção de bens jurídicos","question bank + exam metadata","função deve aparecer cedo e de forma recuperável"
"Delegado PC-RO","CEBRASPE","2022","objetiva","PC-RO Delegado","função simbólica","trecho doutrinário de Cleber Masson; identificar rótulo","question bank + exam metadata","ensinar rótulos + sinais semânticos + autoria"
"Delegado PC-PB","CEBRASPE","2022","objetiva","PC-PB Delegado","Ciência Total do Direito Penal","identificar Franz von Liszt","question bank + exam metadata","autor/corrente é conhecimento examinável"
"Delegado PC-PB","CEBRASPE","2022","objetiva","PC-PB Delegado","Dogmática x Criminologia x Política Criminal","inversão de função dos três pilares","question bank + exam metadata","tabela discriminativa obrigatória"
"Delegado PC-SC","FGV","2024","objetiva","PC-SC Delegado","Ciência Total do Direito Penal","ser x dever-ser; empírico x normativo","question bank + exam metadata","ensinar aliases e eixo epistemológico"
"Delegado PC-RS","FUNDATEC","2025","objetiva","PC-RS Delegado","funções e características","promocional + fragmentariedade + subsidiariedade + sancionatória","prova PDF + question bank","unidade de estudo precisa integrar múltiplos nós"
"Delegado PF","CEBRASPE","2025","edital","PF Delegado","introdução ao Direito Penal","conceito + caracteres + função + princípios + relações + política criminal","official edital","alta prioridade do bloco introdutório"
"Magistratura/ENAM","FGV","2026","edital","ENAM 2026.1","introdução ao Direito Penal","conceito + características + finalidade + des/criminalização + des/penalização + criminologia","official edital","núcleo comum precisa ser mais amplo que conceito/objeto"
"Magistratura TJSC","FGV","2024","edital","TJSC Juiz","introdução ao Direito Penal","conceito + funções + caracteres + Ciências Penais + escolas + bem jurídico","official edital","profundidade doutrinária introdutória alta"
"Ministério Público RJ","FGV","2026","edital","MPRJ Promotor","conceito e características","Ponto 1 mistura introdução + norma + fontes + teoria do delito","official program","fundação precisa transferir rápido para aplicação"
"Ministério Público RJ","FGV","2026","discursiva","MPRJ Promotor","produção penal","casos complexos; resposta objetiva justificada; divergências doutrinárias/jurisprudenciais","official discursive exam","MASTER deve alimentar output, sem transformar intro em tratado"
"Advocacia Pública Federal","CEBRASPE","2022","edital","AGU Procurador Federal","Direito Penal","programa começa por aplicação da lei penal e teoria do crime, sem intro autônomo","official edital","reduzir prioridade do bloco introdutório no overlay AGU"
