career_cluster,exam,bank,cycle,objective_or_first_written,advanced_phases,current_status,official_source,penal_intro_status,ingestion_status,priority
Delegado,PF Delegado,CEBRASPE,2025,"prova objetiva 2025","discursiva + oral; oral realizada 13-14/12/2025; ciclo avançou em 2026","verified","https://cdn.cebraspe.org.br/concursos/PF_25/arquivos/Ed_1_PF_25_Abertura.html","edital intro explícita: conceito caracteres função princípios relações política criminal","PARTIAL","A"
Delegado,PC-DF Delegado,CEBRASPE,2026,"05/07/2026","discursiva 05/07; oral convocada 30/09; prevista 08-11/10/2026","verified current","official Cebraspe PC_DF_26_DELEGADO page","pending semantic ingestion","LOCATED_NOT_INGESTED","A"
Delegado,PC-PI Delegado,FGV,2025/2026,"official page lists 27/01/2026; metadata conflict tracked","discursiva 2026; cycle active through Sep 2026","verified current","https://conhecimento.fgv.br/concursos/pcpi25/1","Q42 principles; Q71 Classical School; Q72 critical criminology/selectivity","PARTIAL_ALT_LEVEL","A"
Delegado,PC-MG Delegado,FGV,2024/2026,"exam cycle 2024/25","contest activity through 23/09/2026","verified","https://conhecimento.fgv.br/concursos/pcmg24/01","pending","LOCATED_NOT_INGESTED","A"
Delegado,PC-SC Delegado,FGV,2023/2024,"objective 2024","discursive + oral 2024; judicial updates through 21/09/2026","verified","https://conhecimento.fgv.br/concursos/pcsc23/1","Ciência Total / ser vs dever-ser already ingested","PARTIAL_ALT_LEVEL","A"
Delegado,PC-PE Delegado,CEBRASPE,2023/2024,"objective cycle 2023/24","discursive practical standard applied 03/03/2024; later formation updates through 2026","verified partial","official Cebraspe PC_PE_23 files","pending intro-item sweep","LOCATED_NOT_INGESTED","A"
Delegado,PC-SP Delegado,VUNESP,2023,"objective 2023","multiple phases","evidence located; official page verification pending","VUNESP official page to archive","function question ingested from secondary reproduction","PARTIAL_SOURCE_PENDING","A"
Delegado,PC-RS Delegado,FUNDATEC,2025/2026,"preliminary stage Dec 2025","oral cycle Sep 2026","verified contest; item PDF provenance pending","https://pc.rs.gov.br/concurso-publico-para-delegado-de-policia-2025","functions/characteristics item ingested with source warning","PARTIAL_SOURCE_PENDING","A"
Delegado,PC-PR Delegado,FGV,2026,"not yet published as of 01/10/2026","competition ongoing","verified current","official FGV PC-PR 2026 page","LIVE only; no question corpus yet","UPCOMING_NO_EXAM","A"

Magistratura,ENAM 5º Exame,FGV,2026.1,"09/06/2026","n/a habilitação","verified","https://conhecimento.fgv.br/exames/enam/5exame","edital intro amplo; no direct target hits in current scan","PARTIAL","A"
Magistratura,TJPE Juiz,FGV,2026,"29/09/2026","future stages","verified freshest","https://conhecimento.fgv.br/concursos/tjpe26","fresh negative signal: Penal application-heavy in initial scan","PARTIAL_NEGATIVE_SIGNAL","A"
Magistratura,TJPR Juiz,FGV,2025/2026,"24/02/2026","discursive + civil/criminal sentence May 2026; stage 3 Sep","verified","https://conhecimento.fgv.br/concursos/tjpr25","Q32 cross-principle application ingested","PARTIAL_ALT_LEVEL","A"
Magistratura,TJBA Juiz,FGV,2026,"26/05/2026","written discursive + sentences 05/08/2026; session 24/09","verified","https://conhecimento.fgv.br/juiztjba","pending","LOCATED_NOT_INGESTED","A"
Magistratura,TJMS Juiz,FGV,2025/2026,"objective cycle 2025/26","sentences/results through Sep 2026","verified","https://conhecimento.fgv.br/concursos/tjmsjuiz25","pending","LOCATED_NOT_INGESTED","B"
Magistratura,TJSC Juiz,FGV,2025,"objective/written cycle 2025","oral Nov-Dec 2025","verified","https://conhecimento.fgv.br/concursos/tjscjuiz25","program explicitly includes concept functions characters sciences penal","PROGRAM_INGESTED","A"
Magistratura,TJCE Juiz,FGV,2025/2026,"objective cycle 2025","discursive/sentence through May 2026; suspended","verified","https://conhecimento.fgv.br/concursos/tjce25","pending","LOCATED_NOT_INGESTED","B"
Magistratura,TRF1 Juiz Federal,FGV,2025/2026,"objective cycle 2025","oral call 21/09/2026","verified current","https://conhecimento.fgv.br/concursos/trf1juiz25","older held-out legal-good question already known from prior TRF1 exam; current cycle pending","LOCATED_NOT_INGESTED","A"
Magistratura,TRF2 Juiz Federal,FGV,2026,"12/04/2026 per definitive key; files posted 13/04","later objective result May","verified","https://conhecimento.fgv.br/concursos/trf2juiz","no direct target-label hits in initial semantic scan","PARTIAL_NEGATIVE_SIGNAL","A"
Magistratura,TRF3 Juiz Federal,FGV,2025,"objective/written 2025","oral Oct 2025; final Nov 2025","verified","https://conhecimento.fgv.br/concursos/trf3juiz","pending","LOCATED_NOT_INGESTED","B"
Magistratura,TRF5 Juiz Federal,FGV,2025,"objective/written 2025","oral Dec 2025","verified","https://conhecimento.fgv.br/concursos/trf5juiz","program/oral relevance known; item sweep pending","LOCATED_NOT_INGESTED","B"

Ministerio_Publico,MPRJ XXXIX Promotor,FGV,2026,"preambular 01/06/2026","Penal/Proc Penal discursive 03/08/2026; results Sep","verified current","https://conhecimento.fgv.br/concursos/mprjpromotor2026","applied Penal signals + discursive corpus","PARTIAL","A"
Ministerio_Publico,MPRJ XXXVIII Promotor,FGV,2025/2026,"preambular 04/08/2025","oral/titles cycle ending Jan 2026","verified","https://conhecimento.fgv.br/concursos/mprjpromotor2025","pending","LOCATED_NOT_INGESTED","B"
Ministerio_Publico,MPMT Promotor,FGV,2026,"preambular 15/06/2026","discursive Sep 2026","verified","https://conhecimento.fgv.br/concursos/mpmt","pending","LOCATED_NOT_INGESTED","A"
Ministerio_Publico,MPGO Promotor,FGV,2023/2024,"preambular 30/01/2024","later phases","verified","https://conhecimento.fgv.br/concursos/mpgo23","pending","LOCATED_NOT_INGESTED","B"
Ministerio_Publico,MPPA Promotor,CEBRASPE,2023,"objective/discursive cycle 2023","discursive standard available","verified partial","official Cebraspe MPPA files","subsidiarity homonym/output signal ingested","PARTIAL","A"

Defensoria,DPERJ Defensor,FGV,2026,"applied 30/08/2026; PDF published 31/08","future stages","verified current","https://conhecimento.fgv.br/concursos/dperj2026","Q55 expansion/critical criminology ingested; Q56-Q58 adjacent criminology","PARTIAL_ALT_LEVEL","A"
Defensoria,DPE-PE Defensor,FGV,2025,"03/06/2025","oral Dec 2025; final Jan 2026","verified","https://conhecimento.fgv.br/concursos/dpe-pe","pending","LOCATED_NOT_INGESTED","A"

Advocacia_Publica,PGE-AC Procurador do Estado,FGV,2026,"27/05/2026","discursiva + peça + parecer 19/08/2026","verified current","https://conhecimento.fgv.br/concursos/pgeac","pending Penal relevance scan","LOCATED_NOT_INGESTED","A"
Advocacia_Publica,PGM/CMRJ Procurador,FGV,2025/2026,"written general/specific cycle 2026","titles/advanced stage Sep 2026","verified current","https://conhecimento.fgv.br/concursos/concursopgmcmrioproc","pending Penal relevance scan","LOCATED_NOT_INGESTED","A"
Advocacia_Publica,Procurador Municipal Vitória,FGV,2024/2025,"objective/written 2024/25","discursive + oral Feb-Mar 2025","verified","https://conhecimento.fgv.br/concursos/prefvitoria/4","pending","LOCATED_NOT_INGESTED","B"
Advocacia_Publica,ALERJ Procurador Legislativo,FGV,2025/2026,"objective/written cycle 2025/26","oral Jul 2026; final oral Aug","verified","https://conhecimento.fgv.br/concursos/alerj2025/2","pending Penal relevance scan","LOCATED_NOT_INGESTED","B"
Advocacia_Publica,AGU Procurador Federal,CEBRASPE,2022,"objective 2022","discursive/oral as applicable","baseline older than primary window","official Cebraspe AGU files","program starts Penal at application of law/theory of crime; used as overlay contrast","PROGRAM_ONLY","B"

Other_High_Legal,TCDF Procurador MPCDF,CEBRASPE,2024,"objective 2024","discursive + oral","verified","https://cdn.cebraspe.org.br/concursos/tc_df_24_procurador/","high-level legal-career comparator; Penal relevance to scan","LOCATED_NOT_INGESTED","C"
