dd_id,dd_pdf_pages,section,baseline_element,previous_sample_status,previous_sample_location,required_action
C01,5,Conceito,"Princípios e regras; crimes e contravenções; fatos puníveis e sanções",PRESERVED,conceito,"Manter estrutura e conferência de terminologia"
C02,5,Conceito,"Sanção penal como gênero; penas e medidas de segurança",PRESERVED,conceito,"Preservar distinção; não reduzir sanção a prisão"
C03,5,Conceito,"Pena primeira via; medida de segurança segunda via; reparação terceira via",OMITTED,none,"Restaurar com contexto doutrinário; não confundir proposta reparatória com classificação do art.32 CP"
C04,5,Conceito,"Direito Público; indisponibilidade das normas e direção geral",PARTIAL,conceito,"Recuperar explicação dos atributos; a explicação sobre ofendido não cobre todo o trecho"
C05,5,Conceito,"Estado titular do direito de punir e sujeito passivo mediato",OMITTED,none,"Recuperar e conferir os alcances da formulação doutrinária"
C06,5,Conceito,"Franz von Liszt: definição formal e associação causal-naturalista",OMITTED,none,"Preservar autor; definição e associação presentes na fonte"
C07,5,Conceito,"Edmund Mezger: definição formal e associação neoclássica",OMITTED,none,"Preservar autor; definição e associação presentes na fonte"
C08,5,Conceito,"Hans Welzel: definição de Direito Penal; pena ou medida de segurança",OMITTED_AS_DEFINITION,caracteristicas,"Mencionar Welzel na teoria da ação não preserva esta definição"
C09,5,Conceito,"Juarez Cirino dos Santos: definição de crimes; penas e medidas de segurança",OMITTED,none,"Preservar definição e autor"
C10,5-6,Conceito,"Direito Penal e Direito Criminal; denominação na CF art.22 I",OMITTED,none,"Restaurar discussão terminológica e dispositivo correspondente"
C11,6,Conceito,"Aspecto formal: qualifica comportamentos; define agentes; fixa sanções",SUBSTANTIALLY_PRESERVED,conceito,"Tornar explícita a dimensão dos agentes sem repetir toda a explicação"
C12,6,Conceito,"Aspecto material: gravidade dos comportamentos e bens indispensáveis",PRESERVED,conceito,"Preservar critérios e ligação com bens jurídicos"
C13,6,Conceito,"Aspecto sociológico ou dinâmico: controle social e convivência",PRESERVED_WITH_ALIAS_OMISSION,conceito,"Preservar também a nomenclatura dinâmico"
C14,6,Conceito,"Controle por vários ramos; Direito Penal como soldado de reserva",SUBSTANTIALLY_PRESERVED_WITH_ALIAS_OMISSION,conceito,"Preservar a expressão da fonte e contextualizar ultima ratio"
C15,6,Conceito,"Trecho aponta pena privativa de liberdade como distinção da norma penal",CORRECTIVE_EXPANSION_NOT_EXPLAINED,conceito,"Não reproduzir como consequência única; registrar ressalva com CP art.32"
K01,6,Características,"Ciência; normas e princípios organizados em dogmática",SUBSTANTIALLY_PRESERVED,caracteristicas,"Preservar explicação e referência classificatória"
K02,6,Características,"Cultural: dever-ser em contraste com ser",PRESERVED,caracteristicas,"Manter contraste sem extensão decorativa"
K03,6,Características,"Normativa: estudo da lei penal; Direito positivo",PRESERVED_WITH_ALIAS_OMISSION,caracteristicas,"Recuperar Direito positivo como expressão correspondente"
K04,7,Características,"Valorativa: escala de valores e hierarquização",PARTIAL,caracteristicas,"Conservar os critérios da fonte; não substituir por mera avaliação genérica"
K05,7,Características,"Finalista: finalidade prática de proteção dos bens fundamentais",PRESERVED_WITH_ADDITION,caracteristicas,"Manter explicação; distinguir teoria da ação sem substituir definição formal de Welzel"
K06,7,Características,"Predominantemente sancionatória: tutela penal de bens disciplinados por outros ramos",PRESERVED,caracteristicas,"Preservar predominância e exemplos pertinentes"
K07,7,Características,"Possibilidade constitutiva: proteção de interesses não regulados por outras áreas",PARTIAL,caracteristicas,"Explicar em que consiste; dizer apenas que há dimensão constitutiva é insuficiente"
K08,7,Características,"Fragmentária: seleção dos valores e interesses mais relevantes",PRESERVED_WITH_ADDITION,caracteristicas,"Conservar seleção; ponte com subsidiariedade não substitui restante da base"
B01,7,Objeto,"Definição atribuída a Pacelli; desenvolvimento pessoal e social",MEANING_PARTLY_PRESERVED_AUTHOR_OMITTED,protecao,"Preservar atribuição e critérios; relacionar às páginas26-29"
B02,7,Objeto,"Roxin: derivação político-criminal da Lei Fundamental e limites punitivos",MEANING_PARTLY_PRESERVED_AUTHOR_OMITTED,protecao,"Preservar atribuição; não trocar por comentário constitucional sem autor"
B03,7,Objeto,"Legislador seleciona bens; ausência de discricionariedade irrestrita",PRESERVED,protecao,"Manter a distinção e aprofundamentos correspondentes"
B04,7,Objeto,"Constituição orienta seleção e contém mandados de criminalização",PRESERVED_WITH_EXAMPLE,protecao,"Preservar a dupla função e conferir dispositivo do exemplo"
B05,7,Objeto,"Constituição limita violação de direitos; visão garantista",SUBSTANTIALLY_PRESERVED_WITH_ALIAS_OMISSION,protecao,"Preservar conexão garantista e sua relação com tópico próprio"
