left,right,relation,evidence_question_ids
principle.subsidiarity_intervention,subsidiarity.norms,HOMONYM,CEBRASPE_PCDF_2026_Q74;MPPA_2023_DISC_SUBS
principle.subsidiarity_intervention,principle.fragmentarity,NEIGHBOR_NOT_ALIAS,TJPR_2026_Q32
criminology.empirical,dogmatics.normative,METHOD_SWAP,FGV_PCSC_2024_TOTAL
criminology.empirical,policy_criminal.role,ROLE_SWAP,FGV_PCSC_2024_TOTAL
decriminalization,depenalization,STATUS_VS_SANCTION,MPPA_2023_DISC_Q2
decriminalization.abolitio,law.continuity,PARTIAL_STATUTORY_CHANGE,FGV_TJPE_2026_Q48
penalty.positive_prevention,penalty.positive_prevention_limiting,THEORETICAL_VERSION,MPMS_2026_Q14
criminology.resocialization,criminology.restoration,MODEL_SWAP,CEBRASPE_PF_2025_Q99
typicity.formal_material,consummation.formal,HOMONYM_FORMAL,MPRJ_2026_Q24;FGV_ALERJ_2026_Q48
legal_good.history,legal_good.methodological,AUTHOR_THEORY_FUSION,CEBRASPE_PF_2025_Q52
legal_good.consent,legal_good.justice,CONTEXT_NOT_CONTRADICTION,MPRJ_2026_Q23;CEBRASPE_PF_2026_ORAL_Q3
legal_good.danger_abstract,legal_good.accumulation,DISTINCT_CLASSIFICATION_AXES,CEBRASPE_PF_2025_Q67;MPRJ_2026_Q24
