assertion_id,question_id,option_or_assertion,paraphrased_claim,bank_position,knowledge_atoms,aliases,author_doctrine,statute_precedent,distractor_mechanism,official_answer,expert_disagreement,source_confidence,source_id,key_source_id,legal_state_date,legal_verification,defect_status,editorial_implication,rubric_weight,canonical_atom_ids
MPRJ_2026_Q23::A,MPRJ_2026_Q23,A,A aceitação da vítima torna o descumprimento crime impossível.,REJECTED_BY_KEY,legal_good.consent;typicity.material;culpability.prohibition_error,,,Lei 11.340/2006 art.24-A; STJ AREsp 2.330.912 / STJ_CONSENT_2023,CATEGORY_SHIFT,D,NOT_SEARCHED_SYSTEMATICALLY,OFFICIAL_DOCUMENT,FGV_PAGE_011_DOC_71,FGV_PAGE_011_DOC_70;FGV_PAGE_011_DOC_67,2026-05-31,OFFICIAL_STJ_SOURCE_SUPPORTS_RULE_WITH_CONTEXT; full case-specific legal audit remains open,NO_DEFECT_ESTABLISHED,"Conectar bem jurídico, tipo e fatos; não usar a alternativa errada como regra.",,legal_good.consent;typicity.material;culpability.prohibition_error
MPRJ_2026_Q23::B,MPRJ_2026_Q23,B,O bem administração da justiça torna irrelevante o consentimento da vítima e mantém a tipicidade.,REJECTED_BY_KEY,legal_good.consent;typicity.material;culpability.prohibition_error,,,Lei 11.340/2006 art.24-A; STJ AREsp 2.330.912 / STJ_CONSENT_2023,LEGAL_GOOD_ABSOLUTIZATION,D,NOT_SEARCHED_SYSTEMATICALLY,OFFICIAL_DOCUMENT,FGV_PAGE_011_DOC_71,FGV_PAGE_011_DOC_70;FGV_PAGE_011_DOC_67,2026-05-31,OFFICIAL_STJ_SOURCE_SUPPORTS_RULE_WITH_CONTEXT; full case-specific legal audit remains open,NO_DEFECT_ESTABLISHED,"Conectar bem jurídico, tipo e fatos; não usar a alternativa errada como regra.",,legal_good.consent;typicity.material;culpability.prohibition_error
MPRJ_2026_Q23::C,MPRJ_2026_Q23,C,A concordância da vítima gera necessariamente erro de proibição inevitável.,REJECTED_BY_KEY,legal_good.consent;typicity.material;culpability.prohibition_error,,,Lei 11.340/2006 art.24-A; STJ AREsp 2.330.912 / STJ_CONSENT_2023,AUTOMATIC_EXCULPATION,D,NOT_SEARCHED_SYSTEMATICALLY,OFFICIAL_DOCUMENT,FGV_PAGE_011_DOC_71,FGV_PAGE_011_DOC_70;FGV_PAGE_011_DOC_67,2026-05-31,OFFICIAL_STJ_SOURCE_SUPPORTS_RULE_WITH_CONTEXT; full case-specific legal audit remains open,NO_DEFECT_ESTABLISHED,"Conectar bem jurídico, tipo e fatos; não usar a alternativa errada como regra.",,legal_good.consent;typicity.material;culpability.prohibition_error
MPRJ_2026_Q23::D,MPRJ_2026_Q23,D,"No caso narrado, o consentimento da vítima para aproximação afasta ameaça ao bem tutelado e o dolo de desobediência, tornando a conduta atípica.",SELECTED_BY_KEY,legal_good.consent;typicity.material;culpability.prohibition_error,,,Lei 11.340/2006 art.24-A; STJ AREsp 2.330.912 / STJ_CONSENT_2023,CASE_DISTINCTION,D,NOT_SEARCHED_SYSTEMATICALLY,OFFICIAL_DOCUMENT,FGV_PAGE_011_DOC_71,FGV_PAGE_011_DOC_70;FGV_PAGE_011_DOC_67,2026-05-31,OFFICIAL_STJ_SOURCE_SUPPORTS_RULE_WITH_CONTEXT; full case-specific legal audit remains open,NO_DEFECT_ESTABLISHED,"Conectar bem jurídico, tipo e fatos; não usar a alternativa errada como regra.",,legal_good.consent;typicity.material;culpability.prohibition_error
MPRJ_2026_Q23::E,MPRJ_2026_Q23,E,O perigo abstrato dispensa a demonstração do dolo de desobediência.,REJECTED_BY_KEY,legal_good.consent;typicity.material;culpability.prohibition_error,,,Lei 11.340/2006 art.24-A; STJ AREsp 2.330.912 / STJ_CONSENT_2023,OBJECTIVE_LIABILITY,D,NOT_SEARCHED_SYSTEMATICALLY,OFFICIAL_DOCUMENT,FGV_PAGE_011_DOC_71,FGV_PAGE_011_DOC_70;FGV_PAGE_011_DOC_67,2026-05-31,OFFICIAL_STJ_SOURCE_SUPPORTS_RULE_WITH_CONTEXT; full case-specific legal audit remains open,NO_DEFECT_ESTABLISHED,"Conectar bem jurídico, tipo e fatos; não usar a alternativa errada como regra.",,legal_good.consent;typicity.material;culpability.prohibition_error
MPRJ_2026_Q24::A,MPRJ_2026_Q24,A,Poluição é crime material: exige dano efetivo e perícia.,REJECTED_BY_KEY,legal_good.danger_abstract;typicity.formal_material,,,Lei 9.605/1998 art.54; STJ Tema 1377 / STJ_POLLUTION_2025,RESULT_REQUIRED,C,NOT_SEARCHED_SYSTEMATICALLY,OFFICIAL_DOCUMENT,FGV_PAGE_011_DOC_71,FGV_PAGE_011_DOC_70;FGV_PAGE_011_DOC_67,2026-05-31,OFFICIAL_STJ_SOURCE_SUPPORTS_RULE_WITH_CONTEXT; full case-specific legal audit remains open,NO_DEFECT_ESTABLISHED,"Conectar bem jurídico, tipo e fatos; não usar a alternativa errada como regra.",,legal_good.danger_abstract;typicity.formal_material
MPRJ_2026_Q24::B,MPRJ_2026_Q24,B,Poluição sonora no caso é apenas contravenção.,REJECTED_BY_KEY,legal_good.danger_abstract;typicity.formal_material,,,Lei 9.605/1998 art.54; STJ Tema 1377 / STJ_POLLUTION_2025,WRONG_OFFENSE,C,NOT_SEARCHED_SYSTEMATICALLY,OFFICIAL_DOCUMENT,FGV_PAGE_011_DOC_71,FGV_PAGE_011_DOC_70;FGV_PAGE_011_DOC_67,2026-05-31,OFFICIAL_STJ_SOURCE_SUPPORTS_RULE_WITH_CONTEXT; full case-specific legal audit remains open,NO_DEFECT_ESTABLISHED,"Conectar bem jurídico, tipo e fatos; não usar a alternativa errada como regra.",,legal_good.danger_abstract;typicity.formal_material
MPRJ_2026_Q24::C,MPRJ_2026_Q24,C,"Potencialidade de dano basta à configuração do delito formal de poluição, sem perícia obrigatória.",SELECTED_BY_KEY,legal_good.danger_abstract;typicity.formal_material,,,Lei 9.605/1998 art.54; STJ Tema 1377 / STJ_POLLUTION_2025,DANGER_VS_DAMAGE,C,NOT_SEARCHED_SYSTEMATICALLY,OFFICIAL_DOCUMENT,FGV_PAGE_011_DOC_71,FGV_PAGE_011_DOC_70;FGV_PAGE_011_DOC_67,2026-05-31,OFFICIAL_STJ_SOURCE_SUPPORTS_RULE_WITH_CONTEXT; full case-specific legal audit remains open,NO_DEFECT_ESTABLISHED,"Conectar bem jurídico, tipo e fatos; não usar a alternativa errada como regra.",,legal_good.danger_abstract;typicity.formal_material
MPRJ_2026_Q24::D,MPRJ_2026_Q24,D,Ausência de perícia produz nulidade absoluta da persecução.,REJECTED_BY_KEY,legal_good.danger_abstract;typicity.formal_material,,,Lei 9.605/1998 art.54; STJ Tema 1377 / STJ_POLLUTION_2025,PROOF_AS_ELEMENT,C,NOT_SEARCHED_SYSTEMATICALLY,OFFICIAL_DOCUMENT,FGV_PAGE_011_DOC_71,FGV_PAGE_011_DOC_70;FGV_PAGE_011_DOC_67,2026-05-31,OFFICIAL_STJ_SOURCE_SUPPORTS_RULE_WITH_CONTEXT; full case-specific legal audit remains open,NO_DEFECT_ESTABLISHED,"Conectar bem jurídico, tipo e fatos; não usar a alternativa errada como regra.",,legal_good.danger_abstract;typicity.formal_material
MPRJ_2026_Q24::E,MPRJ_2026_Q24,E,A configuração exige perda auditiva permanente comprovada.,REJECTED_BY_KEY,legal_good.danger_abstract;typicity.formal_material,,,Lei 9.605/1998 art.54; STJ Tema 1377 / STJ_POLLUTION_2025,EXCESSIVE_DAMAGE_THRESHOLD,C,NOT_SEARCHED_SYSTEMATICALLY,OFFICIAL_DOCUMENT,FGV_PAGE_011_DOC_71,FGV_PAGE_011_DOC_70;FGV_PAGE_011_DOC_67,2026-05-31,OFFICIAL_STJ_SOURCE_SUPPORTS_RULE_WITH_CONTEXT; full case-specific legal audit remains open,NO_DEFECT_ESTABLISHED,"Conectar bem jurídico, tipo e fatos; não usar a alternativa errada como regra.",,legal_good.danger_abstract;typicity.formal_material
MPRJ_2026_Q25::A,MPRJ_2026_Q25,A,O porte de arma exige exame pericial que comprove lesividade concreta.,REJECTED_BY_KEY,legal_good.danger_abstract;insignificance.context,,,Lei 10.826/2003; STJ_ARMS_2024,CONCRETE_DANGER_REQUIRED,B,NOT_SEARCHED_SYSTEMATICALLY,OFFICIAL_DOCUMENT,FGV_PAGE_011_DOC_71,FGV_PAGE_011_DOC_70;FGV_PAGE_011_DOC_67,2026-05-31,OFFICIAL_STJ_SOURCE_SUPPORTS_RULE_WITH_CONTEXT; full case-specific legal audit remains open,NO_DEFECT_ESTABLISHED,"Conectar bem jurídico, tipo e fatos; não usar a alternativa errada como regra.",,legal_good.danger_abstract;insignificance.context
MPRJ_2026_Q25::B,MPRJ_2026_Q25,B,O delito é de perigo abstrato e dispensa comprovação da potencialidade lesiva para sua configuração.,SELECTED_BY_KEY,legal_good.danger_abstract;insignificance.context,,,Lei 10.826/2003; STJ_ARMS_2024,ABSTRACT_DANGER_RULE,B,NOT_SEARCHED_SYSTEMATICALLY,OFFICIAL_DOCUMENT,FGV_PAGE_011_DOC_71,FGV_PAGE_011_DOC_70;FGV_PAGE_011_DOC_67,2026-05-31,OFFICIAL_STJ_SOURCE_SUPPORTS_RULE_WITH_CONTEXT; full case-specific legal audit remains open,NO_DEFECT_ESTABLISHED,"Conectar bem jurídico, tipo e fatos; não usar a alternativa errada como regra.",,legal_good.danger_abstract;insignificance.context
MPRJ_2026_Q25::C,MPRJ_2026_Q25,C,Arma com numeração suprimida recebe o regime da arma de uso permitido.,REJECTED_BY_KEY,legal_good.danger_abstract;insignificance.context,,,Lei 10.826/2003; STJ_ARMS_2024,LEGAL_CLASS_SWAP,B,NOT_SEARCHED_SYSTEMATICALLY,OFFICIAL_DOCUMENT,FGV_PAGE_011_DOC_71,FGV_PAGE_011_DOC_70;FGV_PAGE_011_DOC_67,2026-05-31,OFFICIAL_STJ_SOURCE_SUPPORTS_RULE_WITH_CONTEXT; full case-specific legal audit remains open,NO_DEFECT_ESTABLISHED,"Conectar bem jurídico, tipo e fatos; não usar a alternativa errada como regra.",,legal_good.danger_abstract;insignificance.context
MPRJ_2026_Q25::D,MPRJ_2026_Q25,D,Insignificância se aplica à munição independentemente da quantidade.,REJECTED_BY_KEY,legal_good.danger_abstract;insignificance.context,,,Lei 10.826/2003; STJ_ARMS_2024,ABSOLUTIZATION,B,NOT_SEARCHED_SYSTEMATICALLY,OFFICIAL_DOCUMENT,FGV_PAGE_011_DOC_71,FGV_PAGE_011_DOC_70;FGV_PAGE_011_DOC_67,2026-05-31,OFFICIAL_STJ_SOURCE_SUPPORTS_RULE_WITH_CONTEXT; full case-specific legal audit remains open,NO_DEFECT_ESTABLISHED,"Conectar bem jurídico, tipo e fatos; não usar a alternativa errada como regra.",,legal_good.danger_abstract;insignificance.context
MPRJ_2026_Q25::E,MPRJ_2026_Q25,E,A aptidão do artefato é insuficiente sem demonstração de perigo concreto à vítima.,REJECTED_BY_KEY,legal_good.danger_abstract;insignificance.context,,,Lei 10.826/2003; STJ_ARMS_2024,CONCRETE_DANGER_REQUIRED,B,NOT_SEARCHED_SYSTEMATICALLY,OFFICIAL_DOCUMENT,FGV_PAGE_011_DOC_71,FGV_PAGE_011_DOC_70;FGV_PAGE_011_DOC_67,2026-05-31,OFFICIAL_STJ_SOURCE_SUPPORTS_RULE_WITH_CONTEXT; full case-specific legal audit remains open,NO_DEFECT_ESTABLISHED,"Conectar bem jurídico, tipo e fatos; não usar a alternativa errada como regra.",,legal_good.danger_abstract;insignificance.context
MPRJ_2026_Q20::A,MPRJ_2026_Q20,A,Porte de arma branca é crime de perigo abstrato que dispensa análise subjetiva e potencial lesivo.,REJECTED_BY_KEY,legality.analogy;legal_good.danger_abstract;typicity.dolo,,,LCP art.19; Lei10.826/2003 art.14; precedente STF específico a completar,DANGER_CLASSIFICATION_SWAP,E,NOT_SEARCHED_SYSTEMATICALLY,OFFICIAL_DOCUMENT,FGV_PAGE_011_DOC_71,FGV_PAGE_011_DOC_70;FGV_PAGE_011_DOC_67,2026-05-31,BANK_POSITION_ONLY_UNLESS_ASSERTION_SAYS_OTHERWISE,NO_DEFECT_ESTABLISHED,"Usar como caso de transferência dos limites, classificação e temporalidade; não importar toda a legislação especial para a introdução.",,legality.analogy;legal_good.danger_abstract;typicity.dolo
MPRJ_2026_Q20::B,MPRJ_2026_Q20,B,Porte de arma branca se subsume por analogia in bonam partem ao art.14 do Estatuto do Desarmamento.,REJECTED_BY_KEY,legality.analogy;legal_good.danger_abstract;typicity.dolo,,,LCP art.19; Lei10.826/2003 art.14; precedente STF específico a completar,ANALOGY_LABEL_INVERSION,E,NOT_SEARCHED_SYSTEMATICALLY,OFFICIAL_DOCUMENT,FGV_PAGE_011_DOC_71,FGV_PAGE_011_DOC_70;FGV_PAGE_011_DOC_67,2026-05-31,BANK_POSITION_ONLY_UNLESS_ASSERTION_SAYS_OTHERWISE,NO_DEFECT_ESTABLISHED,"Usar como caso de transferência dos limites, classificação e temporalidade; não importar toda a legislação especial para a introdução.",,legality.analogy;legal_good.danger_abstract;typicity.dolo
MPRJ_2026_Q20::C,MPRJ_2026_Q20,C,Punição do porte depende de regulamento específico do Executivo estadual.,REJECTED_BY_KEY,legality.analogy;legal_good.danger_abstract;typicity.dolo,,,LCP art.19; Lei10.826/2003 art.14; precedente STF específico a completar,INVENTED_REGULATORY_CONDITION,E,NOT_SEARCHED_SYSTEMATICALLY,OFFICIAL_DOCUMENT,FGV_PAGE_011_DOC_71,FGV_PAGE_011_DOC_70;FGV_PAGE_011_DOC_67,2026-05-31,BANK_POSITION_ONLY_UNLESS_ASSERTION_SAYS_OTHERWISE,NO_DEFECT_ESTABLISHED,"Usar como caso de transferência dos limites, classificação e temporalidade; não importar toda a legislação especial para a introdução.",,legality.analogy;legal_good.danger_abstract;typicity.dolo
MPRJ_2026_Q20::D,MPRJ_2026_Q20,D,O Estatuto do Desarmamento revogou tacitamente o art.19 da LCP também para armas brancas.,REJECTED_BY_KEY,legality.analogy;legal_good.danger_abstract;typicity.dolo,,,LCP art.19; Lei10.826/2003 art.14; precedente STF específico a completar,OVERBROAD_REPEAL,E,NOT_SEARCHED_SYSTEMATICALLY,OFFICIAL_DOCUMENT,FGV_PAGE_011_DOC_71,FGV_PAGE_011_DOC_70;FGV_PAGE_011_DOC_67,2026-05-31,BANK_POSITION_ONLY_UNLESS_ASSERTION_SAYS_OTHERWISE,NO_DEFECT_ESTABLISHED,"Usar como caso de transferência dos limites, classificação e temporalidade; não importar toda a legislação especial para a introdução.",,legality.analogy;legal_good.danger_abstract;typicity.dolo
MPRJ_2026_Q20::E,MPRJ_2026_Q20,E,"O art.19 da LCP permanece aplicável a arma branca, com exame concreto de potencial lesivo e elemento subjetivo.",SELECTED_BY_KEY,legality.analogy;legal_good.danger_abstract;typicity.dolo,,,LCP art.19; Lei10.826/2003 art.14; precedente STF específico a completar,CONTEXTUAL_APTITUDE,E,NOT_SEARCHED_SYSTEMATICALLY,OFFICIAL_DOCUMENT,FGV_PAGE_011_DOC_71,FGV_PAGE_011_DOC_70;FGV_PAGE_011_DOC_67,2026-05-31,BANK_POSITION_ONLY_UNLESS_ASSERTION_SAYS_OTHERWISE,NO_DEFECT_ESTABLISHED,"Usar como caso de transferência dos limites, classificação e temporalidade; não importar toda a legislação especial para a introdução.",,legality.analogy;legal_good.danger_abstract;typicity.dolo
MPRJ_2026_Q21::A,MPRJ_2026_Q21,A,"Ocultação autônoma prolongada é crime instantâneo de efeitos permanentes, regido somente pela lei do início.",REJECTED_BY_KEY,law.beneficial_retroactivity;legality.strict,,,Lei9.613/1998; Lei12.683/2012; STF Súmula711,PERMANENCE_CLASSIFICATION_SWAP,E,NOT_SEARCHED_SYSTEMATICALLY,OFFICIAL_DOCUMENT,FGV_PAGE_011_DOC_71,FGV_PAGE_011_DOC_70;FGV_PAGE_011_DOC_67,2026-05-31,BANK_POSITION_ONLY_UNLESS_ASSERTION_SAYS_OTHERWISE,NO_DEFECT_ESTABLISHED,"Usar como caso de transferência dos limites, classificação e temporalidade; não importar toda a legislação especial para a introdução.",,law.beneficial_retroactivity;legality.strict
MPRJ_2026_Q21::B,MPRJ_2026_Q21,B,A lavagem se consuma no recebimento do valor e toda ocultação posterior é exaurimento da corrupção.,REJECTED_BY_KEY,law.beneficial_retroactivity;legality.strict,,,Lei9.613/1998; Lei12.683/2012; STF Súmula711,AUTONOMY_REMOVAL,E,NOT_SEARCHED_SYSTEMATICALLY,OFFICIAL_DOCUMENT,FGV_PAGE_011_DOC_71,FGV_PAGE_011_DOC_70;FGV_PAGE_011_DOC_67,2026-05-31,BANK_POSITION_ONLY_UNLESS_ASSERTION_SAYS_OTHERWISE,NO_DEFECT_ESTABLISHED,"Usar como caso de transferência dos limites, classificação e temporalidade; não importar toda a legislação especial para a introdução.",,law.beneficial_retroactivity;legality.strict
MPRJ_2026_Q21::C,MPRJ_2026_Q21,C,A autonomia da lavagem impede a aplicação da Súmula711 à ocultação permanente.,REJECTED_BY_KEY,law.beneficial_retroactivity;legality.strict,,,Lei9.613/1998; Lei12.683/2012; STF Súmula711,FALSE_EXCEPTION,E,NOT_SEARCHED_SYSTEMATICALLY,OFFICIAL_DOCUMENT,FGV_PAGE_011_DOC_71,FGV_PAGE_011_DOC_70;FGV_PAGE_011_DOC_67,2026-05-31,BANK_POSITION_ONLY_UNLESS_ASSERTION_SAYS_OTHERWISE,NO_DEFECT_ESTABLISHED,"Usar como caso de transferência dos limites, classificação e temporalidade; não importar toda a legislação especial para a introdução.",,law.beneficial_retroactivity;legality.strict
MPRJ_2026_Q21::D,MPRJ_2026_Q21,D,Ocultar espécie em parede falsa é atípico porque a lavagem sempre exige ingresso no sistema financeiro.,REJECTED_BY_KEY,law.beneficial_retroactivity;legality.strict,,,Lei9.613/1998; Lei12.683/2012; STF Súmula711,INVENTED_ELEMENT,E,NOT_SEARCHED_SYSTEMATICALLY,OFFICIAL_DOCUMENT,FGV_PAGE_011_DOC_71,FGV_PAGE_011_DOC_70;FGV_PAGE_011_DOC_67,2026-05-31,BANK_POSITION_ONLY_UNLESS_ASSERTION_SAYS_OTHERWISE,NO_DEFECT_ESTABLISHED,"Usar como caso de transferência dos limites, classificação e temporalidade; não importar toda a legislação especial para a introdução.",,law.beneficial_retroactivity;legality.strict
MPRJ_2026_Q21::E,MPRJ_2026_Q21,E,A modalidade de ocultação autônoma permanece consumando-se; aplica-se lei mais grave vigente antes da cessação.,SELECTED_BY_KEY,law.beneficial_retroactivity;legality.strict,,,Lei9.613/1998; Lei12.683/2012; STF Súmula711,TIME_OF_PERMANENCE,E,NOT_SEARCHED_SYSTEMATICALLY,OFFICIAL_DOCUMENT,FGV_PAGE_011_DOC_71,FGV_PAGE_011_DOC_70;FGV_PAGE_011_DOC_67,2026-05-31,BANK_POSITION_ONLY_UNLESS_ASSERTION_SAYS_OTHERWISE,NO_DEFECT_ESTABLISHED,"Usar como caso de transferência dos limites, classificação e temporalidade; não importar toda a legislação especial para a introdução.",,law.beneficial_retroactivity;legality.strict
MPRJ_2026_Q22::A,MPRJ_2026_Q22,A,Reincidente genérico condenado por hediondo com morte progride com40% por analogia ao crime sem morte.,REJECTED_BY_KEY,law.beneficial_retroactivity;legality.analogy,,,Lei13.964/2019; LEP art.112; precedente STJ específico a completar,WRONG_ANALOGY_REFERENCE,D,NOT_SEARCHED_SYSTEMATICALLY,OFFICIAL_DOCUMENT,FGV_PAGE_011_DOC_71,FGV_PAGE_011_DOC_70;FGV_PAGE_011_DOC_67,2026-05-31,BANK_POSITION_ONLY_UNLESS_ASSERTION_SAYS_OTHERWISE,NO_DEFECT_ESTABLISHED,"Usar como caso de transferência dos limites, classificação e temporalidade; não importar toda a legislação especial para a introdução.",,law.beneficial_retroactivity;legality.analogy
MPRJ_2026_Q22::B,MPRJ_2026_Q22,B,Toda reincidência exige60% independentemente de ser genérica ou específica.,REJECTED_BY_KEY,law.beneficial_retroactivity;legality.analogy,,,Lei13.964/2019; LEP art.112; precedente STJ específico a completar,RECIDIVISM_CATEGORY_SWAP,D,NOT_SEARCHED_SYSTEMATICALLY,OFFICIAL_DOCUMENT,FGV_PAGE_011_DOC_71,FGV_PAGE_011_DOC_70;FGV_PAGE_011_DOC_67,2026-05-31,BANK_POSITION_ONLY_UNLESS_ASSERTION_SAYS_OTHERWISE,NO_DEFECT_ESTABLISHED,"Usar como caso de transferência dos limites, classificação e temporalidade; não importar toda a legislação especial para a introdução.",,law.beneficial_retroactivity;legality.analogy
MPRJ_2026_Q22::C,MPRJ_2026_Q22,C,Aplicar50% retroativamente seria sempre lex tertia se preservado o livramento condicional.,REJECTED_BY_KEY,law.beneficial_retroactivity;legality.analogy,,,Lei13.964/2019; LEP art.112; precedente STJ específico a completar,LEX_TERTIA_OVEREXTENSION,D,NOT_SEARCHED_SYSTEMATICALLY,OFFICIAL_DOCUMENT,FGV_PAGE_011_DOC_71,FGV_PAGE_011_DOC_70;FGV_PAGE_011_DOC_67,2026-05-31,BANK_POSITION_ONLY_UNLESS_ASSERTION_SAYS_OTHERWISE,NO_DEFECT_ESTABLISHED,"Usar como caso de transferência dos limites, classificação e temporalidade; não importar toda a legislação especial para a introdução.",,law.beneficial_retroactivity;legality.analogy
MPRJ_2026_Q22::D,MPRJ_2026_Q22,D,Admite-se retroatividade de50% ao reincidente genérico por hediondo com morte no caso narrado.,SELECTED_BY_KEY,law.beneficial_retroactivity;legality.analogy,,,Lei13.964/2019; LEP art.112; precedente STJ específico a completar,BENEFICIAL_RETROACTIVITY,D,NOT_SEARCHED_SYSTEMATICALLY,OFFICIAL_DOCUMENT,FGV_PAGE_011_DOC_71,FGV_PAGE_011_DOC_70;FGV_PAGE_011_DOC_67,2026-05-31,BANK_POSITION_ONLY_UNLESS_ASSERTION_SAYS_OTHERWISE,NO_DEFECT_ESTABLISHED,"Usar como caso de transferência dos limites, classificação e temporalidade; não importar toda a legislação especial para a introdução.",,law.beneficial_retroactivity;legality.analogy
MPRJ_2026_Q22::E,MPRJ_2026_Q22,E,Lacuna legal sobre reincidente genérico deve ser interpretada em prejuízo do réu para manter3/5.,REJECTED_BY_KEY,law.beneficial_retroactivity;legality.analogy,,,Lei13.964/2019; LEP art.112; precedente STJ específico a completar,IN_MALAM_PARTEM,D,NOT_SEARCHED_SYSTEMATICALLY,OFFICIAL_DOCUMENT,FGV_PAGE_011_DOC_71,FGV_PAGE_011_DOC_70;FGV_PAGE_011_DOC_67,2026-05-31,BANK_POSITION_ONLY_UNLESS_ASSERTION_SAYS_OTHERWISE,NO_DEFECT_ESTABLISHED,"Usar como caso de transferência dos limites, classificação e temporalidade; não importar toda a legislação especial para a introdução.",,law.beneficial_retroactivity;legality.analogy
FGV_DPERJ_2026_Q56::A,FGV_DPERJ_2026_Q56,A,O quadro descrito corresponde à vitimologia.,REJECTED_BY_KEY,criminology.necropolitics,,,,WRONG_LABEL,B,NOT_SEARCHED_SYSTEMATICALLY,OFFICIAL_DOCUMENT,FGV_PAGE_005_DOC_27,FGV_PAGE_005_DOC_23,2026-08-30,BANK_POSITION_ONLY_UNLESS_ASSERTION_SAYS_OTHERWISE,NO_DEFECT_ESTABLISHED,"Reconhecer autor, conceito e descrição; não incluir teorias apenas como lista.",,criminology.necropolitics
FGV_DPERJ_2026_Q56::B,FGV_DPERJ_2026_Q56,B,O quadro descrito corresponde à necropolítica.,SELECTED_BY_KEY,criminology.necropolitics,,Achille Mbembe; referência de 2016 no enunciado,,DESCRIPTION_TO_LABEL,B,NOT_SEARCHED_SYSTEMATICALLY,OFFICIAL_DOCUMENT,FGV_PAGE_005_DOC_27,FGV_PAGE_005_DOC_23,2026-08-30,BANK_POSITION_ONLY_UNLESS_ASSERTION_SAYS_OTHERWISE,NO_DEFECT_ESTABLISHED,"Reconhecer autor, conceito e descrição; não incluir teorias apenas como lista.",,criminology.necropolitics
FGV_DPERJ_2026_Q56::C,FGV_DPERJ_2026_Q56,C,O quadro descrito corresponde à criminologia queer.,REJECTED_BY_KEY,criminology.necropolitics,,,,WRONG_LABEL,B,NOT_SEARCHED_SYSTEMATICALLY,OFFICIAL_DOCUMENT,FGV_PAGE_005_DOC_27,FGV_PAGE_005_DOC_23,2026-08-30,BANK_POSITION_ONLY_UNLESS_ASSERTION_SAYS_OTHERWISE,NO_DEFECT_ESTABLISHED,"Reconhecer autor, conceito e descrição; não incluir teorias apenas como lista.",,criminology.necropolitics
FGV_DPERJ_2026_Q56::D,FGV_DPERJ_2026_Q56,D,O quadro descrito corresponde à criminologia midiática.,REJECTED_BY_KEY,criminology.necropolitics,,,,WRONG_LABEL,B,NOT_SEARCHED_SYSTEMATICALLY,OFFICIAL_DOCUMENT,FGV_PAGE_005_DOC_27,FGV_PAGE_005_DOC_23,2026-08-30,BANK_POSITION_ONLY_UNLESS_ASSERTION_SAYS_OTHERWISE,NO_DEFECT_ESTABLISHED,"Reconhecer autor, conceito e descrição; não incluir teorias apenas como lista.",,criminology.necropolitics
FGV_DPERJ_2026_Q56::E,FGV_DPERJ_2026_Q56,E,O quadro descrito corresponde à criminologia positivista.,REJECTED_BY_KEY,criminology.necropolitics,,,,WRONG_LABEL,B,NOT_SEARCHED_SYSTEMATICALLY,OFFICIAL_DOCUMENT,FGV_PAGE_005_DOC_27,FGV_PAGE_005_DOC_23,2026-08-30,BANK_POSITION_ONLY_UNLESS_ASSERTION_SAYS_OTHERWISE,NO_DEFECT_ESTABLISHED,"Reconhecer autor, conceito e descrição; não incluir teorias apenas como lista.",,criminology.necropolitics
FGV_DPERJ_2026_Q57::I,FGV_DPERJ_2026_Q57,I,"Populismo penal associa opinião popular, espetacularização e descrédito do conhecimento especializado.",TRUE_BY_KEY,criminology.punitive_populism,,,,DESCRIPTION_TO_LABEL,"E = V,V,F",NOT_SEARCHED_SYSTEMATICALLY,OFFICIAL_DOCUMENT,FGV_PAGE_005_DOC_27,FGV_PAGE_005_DOC_23,2026-08-30,BANK_POSITION_ONLY_UNLESS_ASSERTION_SAYS_OTHERWISE,NO_DEFECT_ESTABLISHED,"Distinguir explicação biológica, sociológica e política criminal.",,criminology.punitive_populism
FGV_DPERJ_2026_Q57::II,FGV_DPERJ_2026_Q57,II,Teorias do consenso leem o crime como anomalia ligada a falhas de socialização e desorganização social.,TRUE_BY_KEY,criminology.consensus,,,,THEORETICAL_FRAME,"E = V,V,F",NOT_SEARCHED_SYSTEMATICALLY,OFFICIAL_DOCUMENT,FGV_PAGE_005_DOC_27,FGV_PAGE_005_DOC_23,2026-08-30,BANK_POSITION_ONLY_UNLESS_ASSERTION_SAYS_OTHERWISE,NO_DEFECT_ESTABLISHED,"Distinguir explicação biológica, sociológica e política criminal.",,criminology.consensus
FGV_DPERJ_2026_Q57::III,FGV_DPERJ_2026_Q57,III,Criminologia biológica explica a distribuição territorial do crime pela ecologia social.,FALSE_BY_KEY,criminology.ecology,,,,ROLE_SWAP,"E = V,V,F",NOT_SEARCHED_SYSTEMATICALLY,OFFICIAL_DOCUMENT,FGV_PAGE_005_DOC_27,FGV_PAGE_005_DOC_23,2026-08-30,BANK_POSITION_ONLY_UNLESS_ASSERTION_SAYS_OTHERWISE,NO_DEFECT_ESTABLISHED,"Distinguir explicação biológica, sociológica e política criminal.",,criminology.ecology
FGV_DPERJ_2026_Q58::A,FGV_DPERJ_2026_Q58,A,Outsiders é identificado com criminologia feminista.,REJECTED_BY_KEY,criminology.labeling,etiquetamento;labelling approach;labeling approach;reação social,Howard Becker; Outsiders (1963),,WRONG_AUTHOR_THEORY,C,NOT_SEARCHED_SYSTEMATICALLY,OFFICIAL_DOCUMENT,FGV_PAGE_005_DOC_27,FGV_PAGE_005_DOC_23,2026-08-30,BANK_POSITION_ONLY_UNLESS_ASSERTION_SAYS_OTHERWISE,NO_DEFECT_ESTABLISHED,Ligar Becker à reação social e ao etiquetamento sem confundir os mecanismos das demais teorias.,,criminology.labeling
FGV_DPERJ_2026_Q58::B,FGV_DPERJ_2026_Q58,B,Outsiders é identificado com teoria da anomia.,REJECTED_BY_KEY,criminology.labeling,etiquetamento;labelling approach;labeling approach;reação social,Howard Becker; Outsiders (1963),,WRONG_AUTHOR_THEORY,C,NOT_SEARCHED_SYSTEMATICALLY,OFFICIAL_DOCUMENT,FGV_PAGE_005_DOC_27,FGV_PAGE_005_DOC_23,2026-08-30,BANK_POSITION_ONLY_UNLESS_ASSERTION_SAYS_OTHERWISE,NO_DEFECT_ESTABLISHED,Ligar Becker à reação social e ao etiquetamento sem confundir os mecanismos das demais teorias.,,criminology.labeling
FGV_DPERJ_2026_Q58::C,FGV_DPERJ_2026_Q58,C,Outsiders é identificado com teoria da reação social.,SELECTED_BY_KEY,criminology.labeling,etiquetamento;labelling approach;labeling approach;reação social,Howard Becker; Outsiders (1963),,AUTHOR_TO_THEORY,C,NOT_SEARCHED_SYSTEMATICALLY,OFFICIAL_DOCUMENT,FGV_PAGE_005_DOC_27,FGV_PAGE_005_DOC_23,2026-08-30,BANK_POSITION_ONLY_UNLESS_ASSERTION_SAYS_OTHERWISE,NO_DEFECT_ESTABLISHED,Ligar Becker à reação social e ao etiquetamento sem confundir os mecanismos das demais teorias.,,criminology.labeling
FGV_DPERJ_2026_Q58::D,FGV_DPERJ_2026_Q58,D,Outsiders é identificado com associação diferencial.,REJECTED_BY_KEY,criminology.labeling,etiquetamento;labelling approach;labeling approach;reação social,Howard Becker; Outsiders (1963),,WRONG_AUTHOR_THEORY,C,NOT_SEARCHED_SYSTEMATICALLY,OFFICIAL_DOCUMENT,FGV_PAGE_005_DOC_27,FGV_PAGE_005_DOC_23,2026-08-30,BANK_POSITION_ONLY_UNLESS_ASSERTION_SAYS_OTHERWISE,NO_DEFECT_ESTABLISHED,Ligar Becker à reação social e ao etiquetamento sem confundir os mecanismos das demais teorias.,,criminology.labeling
FGV_DPERJ_2026_Q58::E,FGV_DPERJ_2026_Q58,E,Outsiders é identificado com teoria das subculturas.,REJECTED_BY_KEY,criminology.labeling,etiquetamento;labelling approach;labeling approach;reação social,Howard Becker; Outsiders (1963),,WRONG_AUTHOR_THEORY,C,NOT_SEARCHED_SYSTEMATICALLY,OFFICIAL_DOCUMENT,FGV_PAGE_005_DOC_27,FGV_PAGE_005_DOC_23,2026-08-30,BANK_POSITION_ONLY_UNLESS_ASSERTION_SAYS_OTHERWISE,NO_DEFECT_ESTABLISHED,Ligar Becker à reação social e ao etiquetamento sem confundir os mecanismos das demais teorias.,,criminology.labeling
FGV_TJPE_2026_Q41::A,FGV_TJPE_2026_Q41,A,O art.34 da Lei de Drogas não autoriza equiparação a hediondo e exige progressão pelas regras dos crimes comuns.,SELECTED_BY_KEY,legality.strict;legality.analogy;classification.heinous,,,Lei 11.343/2006 art.34; Lei 8.072/1990; precedente específico pendente,CLOSED_LIST,A,NOT_SEARCHED_SYSTEMATICALLY,OFFICIAL_DOCUMENT,FGV_PAGE_006_DOC_18,FGV_PAGE_006_DOC_17,APPLICATION_DATE_UNRESOLVED,BANK_POSITION_ONLY_UNLESS_ASSERTION_SAYS_OTHERWISE,NO_DEFECT_ESTABLISHED,Usar como transferência de legalidade estrita; acórdão específico atual ainda precisa ser obtido. Não converter gabarito preliminar em regra definitiva.,,legality.strict;legality.analogy;classification.heinous
FGV_TJPE_2026_Q41::B,FGV_TJPE_2026_Q41,B,O art.34 integra necessariamente o tráfico equiparado a hediondo por previsão constitucional.,REJECTED_BY_KEY,legality.strict;legality.analogy;classification.heinous,,,Lei 11.343/2006 art.34; Lei 8.072/1990; precedente específico pendente,OVEREXTENSION,A,NOT_SEARCHED_SYSTEMATICALLY,OFFICIAL_DOCUMENT,FGV_PAGE_006_DOC_18,FGV_PAGE_006_DOC_17,APPLICATION_DATE_UNRESOLVED,BANK_POSITION_ONLY_UNLESS_ASSERTION_SAYS_OTHERWISE,NO_DEFECT_ESTABLISHED,Usar como transferência de legalidade estrita; acórdão específico atual ainda precisa ser obtido. Não converter gabarito preliminar em regra definitiva.,,legality.strict;legality.analogy;classification.heinous
FGV_TJPE_2026_Q41::C,FGV_TJPE_2026_Q41,C,"O art.34 é equiparado, mas progressão mais grave só incide para reincidente hediondo.",REJECTED_BY_KEY,legality.strict;legality.analogy;classification.heinous,,,Lei 11.343/2006 art.34; Lei 8.072/1990; precedente específico pendente,FALSE_EXCEPTION,A,NOT_SEARCHED_SYSTEMATICALLY,OFFICIAL_DOCUMENT,FGV_PAGE_006_DOC_18,FGV_PAGE_006_DOC_17,APPLICATION_DATE_UNRESOLVED,BANK_POSITION_ONLY_UNLESS_ASSERTION_SAYS_OTHERWISE,NO_DEFECT_ESTABLISHED,Usar como transferência de legalidade estrita; acórdão específico atual ainda precisa ser obtido. Não converter gabarito preliminar em regra definitiva.,,legality.strict;legality.analogy;classification.heinous
FGV_TJPE_2026_Q41::D,FGV_TJPE_2026_Q41,D,Pode-se equiparar por interpretação analógica embora ausente previsão expressa.,REJECTED_BY_KEY,legality.strict;legality.analogy;classification.heinous,,,Lei 11.343/2006 art.34; Lei 8.072/1990; precedente específico pendente,IN_MALAM_PARTEM,A,NOT_SEARCHED_SYSTEMATICALLY,OFFICIAL_DOCUMENT,FGV_PAGE_006_DOC_18,FGV_PAGE_006_DOC_17,APPLICATION_DATE_UNRESOLVED,BANK_POSITION_ONLY_UNLESS_ASSERTION_SAYS_OTHERWISE,NO_DEFECT_ESTABLISHED,Usar como transferência de legalidade estrita; acórdão específico atual ainda precisa ser obtido. Não converter gabarito preliminar em regra definitiva.,,legality.strict;legality.analogy;classification.heinous
FGV_TJPE_2026_Q41::E,FGV_TJPE_2026_Q41,E,Todos os delitos da Lei de Drogas são equiparados a hediondos.,REJECTED_BY_KEY,legality.strict;legality.analogy;classification.heinous,,,Lei 11.343/2006 art.34; Lei 8.072/1990; precedente específico pendente,ABSOLUTIZATION,A,NOT_SEARCHED_SYSTEMATICALLY,OFFICIAL_DOCUMENT,FGV_PAGE_006_DOC_18,FGV_PAGE_006_DOC_17,APPLICATION_DATE_UNRESOLVED,BANK_POSITION_ONLY_UNLESS_ASSERTION_SAYS_OTHERWISE,NO_DEFECT_ESTABLISHED,Usar como transferência de legalidade estrita; acórdão específico atual ainda precisa ser obtido. Não converter gabarito preliminar em regra definitiva.,,legality.strict;legality.analogy;classification.heinous
FGV_TJPE_2026_Q48::A,FGV_TJPE_2026_Q48,A,Ambas as condutas do antigo art.89 permanecem típicas por continuidade normativa.,REJECTED_BY_KEY,decriminalization.abolitio;law.continuity,continuidade típico-normativa;continuidade normativo-típica,,Lei 8.666/1993 art.89; CP art.337-E; STJ_LICITACAO_2024,WHOLE_FOR_PART,B,NOT_SEARCHED_SYSTEMATICALLY,OFFICIAL_DOCUMENT,FGV_PAGE_006_DOC_18,FGV_PAGE_006_DOC_17,APPLICATION_DATE_UNRESOLVED,OFFICIAL_STJ_ACCORDAO_SUPPORT; bank key preliminary,NO_DEFECT_ESTABLISHED,"Mostrar comparação da conduta, e não mera revogação de artigo; conservar a pergunta histórica.",,decriminalization.abolitio;law.continuity
FGV_TJPE_2026_Q48::B,FGV_TJPE_2026_Q48,B,"A falta de formalidades deixou de ser criminalizada, pois não foi reproduzida no art.337-E.",SELECTED_BY_KEY,decriminalization.abolitio;law.continuity,continuidade típico-normativa;continuidade normativo-típica,,Lei 8.666/1993 art.89; CP art.337-E; STJ_LICITACAO_2024,TYPE_COMPARISON,B,NOT_SEARCHED_SYSTEMATICALLY,OFFICIAL_DOCUMENT,FGV_PAGE_006_DOC_18,FGV_PAGE_006_DOC_17,APPLICATION_DATE_UNRESOLVED,OFFICIAL_STJ_ACCORDAO_SUPPORT; bank key preliminary,NO_DEFECT_ESTABLISHED,"Mostrar comparação da conduta, e não mera revogação de artigo; conservar a pergunta histórica.",,decriminalization.abolitio;law.continuity
FGV_TJPE_2026_Q48::C,FGV_TJPE_2026_Q48,C,Há apenas lei mais benéfica: a falta de formalidades continua criminosa.,REJECTED_BY_KEY,decriminalization.abolitio;law.continuity,continuidade típico-normativa;continuidade normativo-típica,,Lei 8.666/1993 art.89; CP art.337-E; STJ_LICITACAO_2024,WRONG_TEMPORAL_INSTITUTE,B,NOT_SEARCHED_SYSTEMATICALLY,OFFICIAL_DOCUMENT,FGV_PAGE_006_DOC_18,FGV_PAGE_006_DOC_17,APPLICATION_DATE_UNRESOLVED,OFFICIAL_STJ_ACCORDAO_SUPPORT; bank key preliminary,NO_DEFECT_ESTABLISHED,"Mostrar comparação da conduta, e não mera revogação de artigo; conservar a pergunta histórica.",,decriminalization.abolitio;law.continuity
FGV_TJPE_2026_Q48::D,FGV_TJPE_2026_Q48,D,"Toda conduta do antigo art.89 foi abolida, inclusive contratação fora das hipóteses legais.",REJECTED_BY_KEY,decriminalization.abolitio;law.continuity,continuidade típico-normativa;continuidade normativo-típica,,Lei 8.666/1993 art.89; CP art.337-E; STJ_LICITACAO_2024,PART_FOR_WHOLE,B,NOT_SEARCHED_SYSTEMATICALLY,OFFICIAL_DOCUMENT,FGV_PAGE_006_DOC_18,FGV_PAGE_006_DOC_17,APPLICATION_DATE_UNRESOLVED,OFFICIAL_STJ_ACCORDAO_SUPPORT; bank key preliminary,NO_DEFECT_ESTABLISHED,"Mostrar comparação da conduta, e não mera revogação de artigo; conservar a pergunta histórica.",,decriminalization.abolitio;law.continuity
FGV_TJPE_2026_Q48::E,FGV_TJPE_2026_Q48,E,A falta de formalidades permanece punível somente para o ente público e não para o particular.,REJECTED_BY_KEY,decriminalization.abolitio;law.continuity,continuidade típico-normativa;continuidade normativo-típica,,Lei 8.666/1993 art.89; CP art.337-E; STJ_LICITACAO_2024,INVENTED_SUBJECT_RESTRICTION,B,NOT_SEARCHED_SYSTEMATICALLY,OFFICIAL_DOCUMENT,FGV_PAGE_006_DOC_18,FGV_PAGE_006_DOC_17,APPLICATION_DATE_UNRESOLVED,OFFICIAL_STJ_ACCORDAO_SUPPORT; bank key preliminary,NO_DEFECT_ESTABLISHED,"Mostrar comparação da conduta, e não mera revogação de artigo; conservar a pergunta histórica.",,decriminalization.abolitio;law.continuity
CEBRASPE_PF_2025_Q52::ITEM,CEBRASPE_PF_2025_Q52,ITEM,Birnbaum teria concebido o bem jurídico como mero critério interpretativo confundido com ratio legis.,FALSE_BY_KEY,legal_good.history;legal_good.methodological,,Johann Birnbaum; concepção metodológica/ratio legis (atribuição corretiva exige doutrina primária).,,AUTHOR_THEORY_FUSION,E,NOT_SEARCHED_SYSTEMATICALLY,OFFICIAL_DOCUMENT,CEB_PF_25_DOC_43,CEB_PF_25_DOC_22,2025-07-27,BANK_POSITION_ONLY_UNLESS_ASSERTION_SAYS_OTHERWISE,NO_DEFECT_ESTABLISHED,Separar origem histórica e concepção metodológica; não atribuir autor alternativo sem fonte.,,legal_good.history;legal_good.methodological
CEBRASPE_PF_2025_Q53::ITEM,CEBRASPE_PF_2025_Q53,ITEM,"Na corrente doutrinária referida, segurança e paz públicas podem ser bens apenas aparentes por agregação ou indeterminação, incapazes de cumprir função crítica.",TRUE_BY_KEY,legal_good.critical;legal_good.apparent_collective,bem coletivo aparente;pseudobem coletivo,Corrente crítica não identificada nominalmente no item.,,DOCTRINAL_SCOPE,C,NOT_SEARCHED_SYSTEMATICALLY,OFFICIAL_DOCUMENT,CEB_PF_25_DOC_43,CEB_PF_25_DOC_22,2025-07-27,BANK_POSITION_ONLY_UNLESS_ASSERTION_SAYS_OTHERWISE,NO_DEFECT_ESTABLISHED,Atribuir à corrente examinada; não decretar inválidos todos os bens coletivos.,,legal_good.critical;legal_good.apparent_collective
CEBRASPE_PF_2025_Q54::ITEM,CEBRASPE_PF_2025_Q54,ITEM,"Todo valor constitucional exigiria proteção penal, mesmo por paternalismo rígido e direto.",FALSE_BY_KEY,legal_good.constitution;minimal_intervention,,,,ABSOLUTIZATION,E,NOT_SEARCHED_SYSTEMATICALLY,OFFICIAL_DOCUMENT,CEB_PF_25_DOC_43,CEB_PF_25_DOC_22,2025-07-27,BANK_POSITION_ONLY_UNLESS_ASSERTION_SAYS_OTHERWISE,NO_DEFECT_ESTABLISHED,Distinguir dignidade constitucional de necessidade de criminalização.,,legal_good.constitution;principle.minimum_intervention
CEBRASPE_PF_2025_Q65::ITEM,CEBRASPE_PF_2025_Q65,ITEM,"A fabricação de documento público falso exige imitatio veri, aptidão para lesionar a fé pública.",TRUE_BY_KEY,legal_good.offensiveness;typicity.material,ofensividade;lesividade,,,APTITUDE_TO_INJURE,C,NOT_SEARCHED_SYSTEMATICALLY,OFFICIAL_DOCUMENT,CEB_PF_25_DOC_43,CEB_PF_25_DOC_22,2025-07-27,BANK_POSITION_ONLY_UNLESS_ASSERTION_SAYS_OTHERWISE,NO_DEFECT_ESTABLISHED,"Ponte entre bem jurídico e aptidão lesiva, sem exigir dano efetivo.",,principle.offensiveness;typicity.material
CEBRASPE_PF_2025_Q66::ITEM,CEBRASPE_PF_2025_Q66,ITEM,Incorporação legítima e regular de pessoa jurídica denunciada transfere a sanção penal à incorporadora.,FALSE_BY_KEY,sanction.personality;corporate_liability,,,,SANCTION_TRANSFER,E,NOT_SEARCHED_SYSTEMATICALLY,OFFICIAL_DOCUMENT,CEB_PF_25_DOC_43,CEB_PF_25_DOC_22,2025-07-27,BANK_POSITION_ONLY_UNLESS_ASSERTION_SAYS_OTHERWISE,NO_DEFECT_ESTABLISHED,Distinguir responsabilidade penal e sucessão civil; verificar exceções como fraude.,,sanction.personality;corporate_liability
CEBRASPE_PF_2025_Q67::ITEM,CEBRASPE_PF_2025_Q67,ITEM,Crimes de acumulação vinculam conduta individual de pequena lesividade ao risco agregado de repetição massiva.,TRUE_BY_KEY,legal_good.accumulation,,,,INDIVIDUAL_VS_AGGREGATE,C,NOT_SEARCHED_SYSTEMATICALLY,OFFICIAL_DOCUMENT,CEB_PF_25_DOC_43,CEB_PF_25_DOC_22,2025-07-27,BANK_POSITION_ONLY_UNLESS_ASSERTION_SAYS_OTHERWISE,NO_DEFECT_ESTABLISHED,Distinguir lesão individual diminuta de acumulação e não criar exceção automática à insignificância.,,legal_good.accumulation
CEBRASPE_PF_2025_Q97::ITEM,CEBRASPE_PF_2025_Q97,ITEM,"Wilson e Kelling relacionam desordem percebida e aumento do crime, defendendo repressão imediata das pequenas infrações.",TRUE_BY_KEY,criminology.broken_windows,janelas quebradas;broken windows,James Q. Wilson; George L. Kelling,,AUTHOR_TO_THEORY,C,NOT_SEARCHED_SYSTEMATICALLY,OFFICIAL_DOCUMENT,CEB_PF_25_DOC_43,CEB_PF_25_DOC_22,2025-07-27,BANK_POSITION_ONLY_UNLESS_ASSERTION_SAYS_OTHERWISE,NO_DEFECT_ESTABLISHED,Descrever a teoria cobrada sem apresentar sua eficácia como fato empiricamente comprovado.,,criminology.broken_windows
CEBRASPE_PF_2025_Q98::ITEM,CEBRASPE_PF_2025_Q98,ITEM,"Crime de colarinho branco compreende criminalidade de pessoas de alto status no exercício profissional, contrariando a redução do crime às classes pobres.",TRUE_BY_KEY,criminology.white_collar,white-collar crime;crime de colarinho branco,Autor não nomeado neste enunciado; não preencher por memória.,,DESCRIPTION_TO_LABEL,C,NOT_SEARCHED_SYSTEMATICALLY,OFFICIAL_DOCUMENT,CEB_PF_25_DOC_43,CEB_PF_25_DOC_22,2025-07-27,BANK_POSITION_ONLY_UNLESS_ASSERTION_SAYS_OTHERWISE,NO_DEFECT_ESTABLISHED,Ligar seletividade a recortes empíricos com delimitação do conceito.,,criminology.white_collar
CEBRASPE_PF_2025_Q99::ITEM,CEBRASPE_PF_2025_Q99,ITEM,"O modelo ressocializador teria por finalidade recompor interesses e reparar o dano da vítima, restaurando o status quo.",FALSE_BY_KEY,criminology.resocialization;criminology.restoration,,,,ROLE_SWAP,E,NOT_SEARCHED_SYSTEMATICALLY,OFFICIAL_DOCUMENT,CEB_PF_25_DOC_43,CEB_PF_25_DOC_22,2025-07-27,BANK_POSITION_ONLY_UNLESS_ASSERTION_SAYS_OTHERWISE,NO_DEFECT_ESTABLISHED,Distinguir reintegração do autor de restauração do conflito.,,criminology.resocialization;criminology.restoration
CEBRASPE_PF_2025_Q100::ITEM,CEBRASPE_PF_2025_Q100,ITEM,Justiça restaurativa caracteriza-se por formalismo e transfere a decisão ao mediador.,FALSE_BY_KEY,criminology.restoration,,,,DECISION_ROLE_SWAP,E,NOT_SEARCHED_SYSTEMATICALLY,OFFICIAL_DOCUMENT,CEB_PF_25_DOC_43,CEB_PF_25_DOC_22,2025-07-27,BANK_POSITION_ONLY_UNLESS_ASSERTION_SAYS_OTHERWISE,NO_DEFECT_ESTABLISHED,"Distinguir facilitação, participação e decisão; evitar confundir mediação com jurisdição.",,criminology.restoration
CEBRASPE_PCDF_2026_Q74::ITEM,CEBRASPE_PCDF_2026_Q74,ITEM,A natureza formal da apropriação indébita previdenciária dispensaria exaurimento administrativo para encaminhamento de representação fiscal.,FALSE_BY_KEY,minimal_intervention;subsidiarity.intervention;tax.crime_representation,ultima ratio;última razão;subsidiariedade da intervenção,,ADI 4980; Lei 9.430/1996 art.83; justificativa oficial transcrita no documento,PROCEDURAL_CATEGORY_CONFLATION,E,NOT_SEARCHED_SYSTEMATICALLY,OFFICIAL_DOCUMENT,CEB_PC_DF_26_DELEGADO_DOC_3,CEB_PC_DF_26_DELEGADO_DOC_1,2026-07-05,OFFICIAL_EXAM_REASONING; primary judgment acquisition pending,NO_DEFECT_ESTABLISHED,"Explicar por que ultima ratio reaparece no regime de representação, sem confundir com natureza do delito.",,principle.minimum_intervention;principle.subsidiarity_intervention;tax.crime_representation
CEBRASPE_PCDF_2026_Q73::ITEM,CEBRASPE_PCDF_2026_Q73,ITEM,"Persecução de redução tributária por declaração falsa depende de constituição definitiva do crédito, excetuada a investigação policial.",FALSE_BY_KEY,typicity.material;tax.launch,,,Lei 8.137/1990 art.1; STF Pet 3593 QO na justificativa oficial,FALSE_EXCEPTION,E,NOT_SEARCHED_SYSTEMATICALLY,OFFICIAL_DOCUMENT,CEB_PC_DF_26_DELEGADO_DOC_3,CEB_PC_DF_26_DELEGADO_DOC_1,2026-07-05,BANK_POSITION_ONLY_UNLESS_ASSERTION_SAYS_OTHERWISE,NO_DEFECT_ESTABLISHED,"Distinguir tipo material, lançamento e possibilidades de investigação conexa; não ensinar vedação universal de investigar.",,typicity.material;tax.launch
MPMS_2026_Q14::I,MPMS_2026_Q14,I,"Kant e Hegel representam teorias retributivas: fundamentação ética e jurídica, respectivamente.",TRUE_BY_KEY,penalty.retribution,retribuição;teorias absolutas,Kant; Hegel,,AUTHOR_TO_THEORY,"B = I,III,IV,V",NOT_SEARCHED_SYSTEMATICALLY,OFFICIAL_DOCUMENT,MPMS_2026_DOC_65,MPMS_2026_DOC_62,APPLICATION_DATE_UNRESOLVED,BANK_POSITION_ONLY_UNLESS_ASSERTION_SAYS_OTHERWISE,NO_DEFECT_ESTABLISHED,"Distinguir função do Direito Penal, função da pena e versões fundamentadora/limitadora com atribuição.",,penalty.retribution
MPMS_2026_Q14::II,MPMS_2026_Q14,II,Teorias unificadoras não aceitam retribuição e culpabilidade como limites da intervenção punitiva.,FALSE_BY_KEY,penalty.unification;culpability.limit,,,,NEGATION_OF_LIMIT,"B = I,III,IV,V",NOT_SEARCHED_SYSTEMATICALLY,OFFICIAL_DOCUMENT,MPMS_2026_DOC_65,MPMS_2026_DOC_62,APPLICATION_DATE_UNRESOLVED,BANK_POSITION_ONLY_UNLESS_ASSERTION_SAYS_OTHERWISE,NO_DEFECT_ESTABLISHED,"Distinguir função do Direito Penal, função da pena e versões fundamentadora/limitadora com atribuição.",,penalty.unification;culpability.limit
MPMS_2026_Q14::III,MPMS_2026_Q14,III,"Em Feuerbach, cominação avisa e aplicação demonstra cumprimento da ameaça penal.",TRUE_BY_KEY,penalty.general_prevention,,Feuerbach,,MECHANISM_TO_THEORY,"B = I,III,IV,V",NOT_SEARCHED_SYSTEMATICALLY,OFFICIAL_DOCUMENT,MPMS_2026_DOC_65,MPMS_2026_DOC_62,APPLICATION_DATE_UNRESOLVED,BANK_POSITION_ONLY_UNLESS_ASSERTION_SAYS_OTHERWISE,NO_DEFECT_ESTABLISHED,"Distinguir função do Direito Penal, função da pena e versões fundamentadora/limitadora com atribuição.",,penalty.general_prevention
MPMS_2026_Q14::IV,MPMS_2026_Q14,IV,Prevenção geral positiva fundamentadora liga função ético-social e vigência da norma; critica-se a não prioridade do bem jurídico.,TRUE_BY_KEY,penalty.positive_prevention;legal_good.norm,prevenção geral positiva fundamentadora,Welzel; Jakobs,,THEORETICAL_ATTRIBUTION,"B = I,III,IV,V",NOT_SEARCHED_SYSTEMATICALLY,OFFICIAL_DOCUMENT,MPMS_2026_DOC_65,MPMS_2026_DOC_62,APPLICATION_DATE_UNRESOLVED,BANK_POSITION_ONLY_UNLESS_ASSERTION_SAYS_OTHERWISE,NO_DEFECT_ESTABLISHED,"Distinguir função do Direito Penal, função da pena e versões fundamentadora/limitadora com atribuição.",,penalty.positive_prevention;legal_good.norm
MPMS_2026_Q14::V,MPMS_2026_Q14,V,Hassemer é associado à prevenção geral positiva limitadora do poder estatal.,TRUE_BY_KEY,penalty.positive_prevention_limiting,prevenção geral positiva limitadora,Hassemer,,THEORETICAL_ATTRIBUTION,"B = I,III,IV,V",NOT_SEARCHED_SYSTEMATICALLY,OFFICIAL_DOCUMENT,MPMS_2026_DOC_65,MPMS_2026_DOC_62,APPLICATION_DATE_UNRESOLVED,BANK_POSITION_ONLY_UNLESS_ASSERTION_SAYS_OTHERWISE,NO_DEFECT_ESTABLISHED,"Distinguir função do Direito Penal, função da pena e versões fundamentadora/limitadora com atribuição.",,penalty.positive_prevention_limiting
MPMS_2026_Q15::A,MPMS_2026_Q15,A,"Medidas de segurança escapam às garantias penais, inclusive retroatividade benéfica.",REJECTED_BY_KEY,law.beneficial_retroactivity;law.intermediate,lex intermedia;lei intermediária,,CF art.5 XL; CP art.2; STF Súmula 711; cotejo primário ainda pendente,REMOVAL_OF_GUARANTEE,E,NOT_SEARCHED_SYSTEMATICALLY,OFFICIAL_DOCUMENT,MPMS_2026_DOC_65,MPMS_2026_DOC_62,APPLICATION_DATE_UNRESOLVED,BANK_POSITION_ONLY_UNLESS_ASSERTION_SAYS_OTHERWISE,NO_DEFECT_ESTABLISHED,Ponte curta para lei penal no tempo; núcleo canônico fora da introdução.,,law.beneficial_retroactivity;law.intermediate
MPMS_2026_Q15::B,MPMS_2026_Q15,B,Lei mais grave só incide sobre crime permanente ou continuado se anterior ao primeiro ato executivo.,REJECTED_BY_KEY,law.beneficial_retroactivity;law.intermediate,lex intermedia;lei intermediária,,CF art.5 XL; CP art.2; STF Súmula 711; cotejo primário ainda pendente,WRONG_TIME_BOUNDARY,E,NOT_SEARCHED_SYSTEMATICALLY,OFFICIAL_DOCUMENT,MPMS_2026_DOC_65,MPMS_2026_DOC_62,APPLICATION_DATE_UNRESOLVED,BANK_POSITION_ONLY_UNLESS_ASSERTION_SAYS_OTHERWISE,NO_DEFECT_ESTABLISHED,Ponte curta para lei penal no tempo; núcleo canônico fora da introdução.,,law.beneficial_retroactivity;law.intermediate
MPMS_2026_Q15::C,MPMS_2026_Q15,C,"Lei mais favorável incide, mas respeita condenações já transitadas em julgado.",REJECTED_BY_KEY,law.beneficial_retroactivity;law.intermediate,lex intermedia;lei intermediária,,CF art.5 XL; CP art.2; STF Súmula 711; cotejo primário ainda pendente,FALSE_RES_JUDICATA_BARRIER,E,NOT_SEARCHED_SYSTEMATICALLY,OFFICIAL_DOCUMENT,MPMS_2026_DOC_65,MPMS_2026_DOC_62,APPLICATION_DATE_UNRESOLVED,BANK_POSITION_ONLY_UNLESS_ASSERTION_SAYS_OTHERWISE,NO_DEFECT_ESTABLISHED,Ponte curta para lei penal no tempo; núcleo canônico fora da introdução.,,law.beneficial_retroactivity;law.intermediate
MPMS_2026_Q15::D,MPMS_2026_Q15,D,É cabível combinar leis penais para beneficiar o réu conforme jurisprudência consolidada.,REJECTED_BY_KEY,law.beneficial_retroactivity;law.intermediate,lex intermedia;lei intermediária,,CF art.5 XL; CP art.2; STF Súmula 711; cotejo primário ainda pendente,LEX_TERTIA,E,NOT_SEARCHED_SYSTEMATICALLY,OFFICIAL_DOCUMENT,MPMS_2026_DOC_65,MPMS_2026_DOC_62,APPLICATION_DATE_UNRESOLVED,BANK_POSITION_ONLY_UNLESS_ASSERTION_SAYS_OTHERWISE,NO_DEFECT_ESTABLISHED,Ponte curta para lei penal no tempo; núcleo canônico fora da introdução.,,law.beneficial_retroactivity;law.intermediate
MPMS_2026_Q15::E,MPMS_2026_Q15,E,"Lei intermediária mais favorável pode incidir apesar de não vigorar no fato nem na sentença, por dupla extra-atividade.",SELECTED_BY_KEY,law.beneficial_retroactivity;law.intermediate,lex intermedia;lei intermediária,,CF art.5 XL; CP art.2; STF Súmula 711; cotejo primário ainda pendente,TEMPORAL_COMPARISON,E,NOT_SEARCHED_SYSTEMATICALLY,OFFICIAL_DOCUMENT,MPMS_2026_DOC_65,MPMS_2026_DOC_62,APPLICATION_DATE_UNRESOLVED,BANK_POSITION_ONLY_UNLESS_ASSERTION_SAYS_OTHERWISE,NO_DEFECT_ESTABLISHED,Ponte curta para lei penal no tempo; núcleo canônico fora da introdução.,,law.beneficial_retroactivity;law.intermediate
MPMS_2026_Q19::A,MPMS_2026_Q19,A,Homicídio com arma restrita implica necessariamente majorante e dois crimes em concurso formal.,REJECTED_BY_KEY,conflict.consumption;conflict.progression;sanction.execution_limit,absorção;consunção,,,NECESSARY_CONCURRENCE,C,NOT_SEARCHED_SYSTEMATICALLY,OFFICIAL_DOCUMENT,MPMS_2026_DOC_65,MPMS_2026_DOC_62,APPLICATION_DATE_UNRESOLVED,BANK_POSITION_ONLY_UNLESS_ASSERTION_SAYS_OTHERWISE,NO_DEFECT_ESTABLISHED,"Comparar especialidade, subsidiariedade e consunção; separar conceito e caso, sem reduzir à pena mais alta.",,conflict.consumption;conflict.progression;sanction.execution_limit
MPMS_2026_Q19::B,MPMS_2026_Q19,B,Tipo misto alternativo sempre impede concurso de crimes.,REJECTED_BY_KEY,conflict.consumption;conflict.progression;sanction.execution_limit,absorção;consunção,,,ABSOLUTIZATION,C,NOT_SEARCHED_SYSTEMATICALLY,OFFICIAL_DOCUMENT,MPMS_2026_DOC_65,MPMS_2026_DOC_62,APPLICATION_DATE_UNRESOLVED,BANK_POSITION_ONLY_UNLESS_ASSERTION_SAYS_OTHERWISE,NO_DEFECT_ESTABLISHED,"Comparar especialidade, subsidiariedade e consunção; separar conceito e caso, sem reduzir à pena mais alta.",,conflict.consumption;conflict.progression;sanction.execution_limit
MPMS_2026_Q19::C,MPMS_2026_Q19,C,"Consunção depende da relação entre crime-meio e crime-fim, sem critério obrigatório de maior gravidade abstrata.",SELECTED_BY_KEY,conflict.consumption;conflict.progression;sanction.execution_limit,absorção;consunção,,,MEANS_END_RELATION,C,NOT_SEARCHED_SYSTEMATICALLY,OFFICIAL_DOCUMENT,MPMS_2026_DOC_65,MPMS_2026_DOC_62,APPLICATION_DATE_UNRESOLVED,BANK_POSITION_ONLY_UNLESS_ASSERTION_SAYS_OTHERWISE,NO_DEFECT_ESTABLISHED,"Comparar especialidade, subsidiariedade e consunção; separar conceito e caso, sem reduzir à pena mais alta.",,conflict.consumption;conflict.progression;sanction.execution_limit
MPMS_2026_Q19::D,MPMS_2026_Q19,D,Crime progressivo exige alteração posterior da intenção para crime mais grave.,REJECTED_BY_KEY,conflict.consumption;conflict.progression;sanction.execution_limit,absorção;consunção,,,PROGRESSION_SWAP,C,NOT_SEARCHED_SYSTEMATICALLY,OFFICIAL_DOCUMENT,MPMS_2026_DOC_65,MPMS_2026_DOC_62,APPLICATION_DATE_UNRESOLVED,BANK_POSITION_ONLY_UNLESS_ASSERTION_SAYS_OTHERWISE,NO_DEFECT_ESTABLISHED,"Comparar especialidade, subsidiariedade e consunção; separar conceito e caso, sem reduzir à pena mais alta.",,conflict.consumption;conflict.progression;sanction.execution_limit
MPMS_2026_Q19::E,MPMS_2026_Q19,E,"Concurso material deve limitar a própria guia a quarenta anos, ressalvada detração.",REJECTED_BY_KEY,conflict.consumption;conflict.progression;sanction.execution_limit,absorção;consunção,,,SENTENCE_VS_EXECUTION_LIMIT,C,NOT_SEARCHED_SYSTEMATICALLY,OFFICIAL_DOCUMENT,MPMS_2026_DOC_65,MPMS_2026_DOC_62,APPLICATION_DATE_UNRESOLVED,BANK_POSITION_ONLY_UNLESS_ASSERTION_SAYS_OTHERWISE,NO_DEFECT_ESTABLISHED,"Comparar especialidade, subsidiariedade e consunção; separar conceito e caso, sem reduzir à pena mais alta.",,conflict.consumption;conflict.progression;sanction.execution_limit
CEBRASPE_PF_2026_ORAL_Q3::R1,CEBRASPE_PF_2026_ORAL_Q3,R1,Identificar administração da justiça como bem tutelado na falsa imputação sob pretexto de colaboração.,REQUIRED_BY_RUBRIC,legal_good.justice,,,Lei 12.850/2013 art.19,OUTPUT_REASONING,PADRAO_PUBLICO,NOT_SEARCHED_SYSTEMATICALLY,OFFICIAL_DOCUMENT,CEB_PF_25_DOC_0,CEB_PF_25_DOC_0,2026-07-19,BANK_POSITION_ONLY_UNLESS_ASSERTION_SAYS_OTHERWISE,NO_DEFECT_ESTABLISHED,Treinar conclusão + fundamento + distinção em fala; roteiro oficial prevê perguntas apenas sobre pontos omitidos.,,legal_good.justice
CEBRASPE_PF_2026_ORAL_Q3::R2,CEBRASPE_PF_2026_ORAL_Q3,R2,Enquadrar o contexto descrito no art.19 da Lei de Organizações Criminosas.,REQUIRED_BY_RUBRIC,conflict.speciality,lex specialis;especialidade,,Lei 12.850/2013 art.19,OUTPUT_REASONING,PADRAO_PUBLICO,NOT_SEARCHED_SYSTEMATICALLY,OFFICIAL_DOCUMENT,CEB_PF_25_DOC_0,CEB_PF_25_DOC_0,2026-07-19,BANK_POSITION_ONLY_UNLESS_ASSERTION_SAYS_OTHERWISE,NO_DEFECT_ESTABLISHED,Treinar conclusão + fundamento + distinção em fala; roteiro oficial prevê perguntas apenas sobre pontos omitidos.,,conflict.speciality
CEBRASPE_PF_2026_ORAL_Q3::R3,CEBRASPE_PF_2026_ORAL_Q3,R3,Definir especialidade e justificar por que o tipo especial afasta calúnia do art.138 no caso narrado.,REQUIRED_BY_RUBRIC,conflict.speciality,lex specialis;especialidade,,CP art.138; Lei 12.850/2013 art.19,OUTPUT_REASONING,PADRAO_PUBLICO,NOT_SEARCHED_SYSTEMATICALLY,OFFICIAL_DOCUMENT,CEB_PF_25_DOC_0,CEB_PF_25_DOC_0,2026-07-19,BANK_POSITION_ONLY_UNLESS_ASSERTION_SAYS_OTHERWISE,NO_DEFECT_ESTABLISHED,Treinar conclusão + fundamento + distinção em fala; roteiro oficial prevê perguntas apenas sobre pontos omitidos.,,conflict.speciality
MPPA_2023_DISC_SUBS::2.1a,MPPA_2023_DISC_SUBS,2.1a,Conceituar especialidade: lei especial prevalece sobre lei geral no conflito.,REQUIRED_BY_RUBRIC,conflict.speciality,lex specialis;especialidade,,CP art.12 referido pelo espelho,OUTPUT_CONCEPT_AND_EXAMPLE,PADRAO_DEFINITIVO,NOT_SEARCHED_SYSTEMATICALLY,OFFICIAL_DOCUMENT,CEB_MP_PA_22_PROMOTOR_DOC_8,CEB_MP_PA_22_PROMOTOR_DOC_5,2023-04-15,BANK_POSITION_ONLY_UNLESS_ASSERTION_SAYS_OTHERWISE,NO_DEFECT_ESTABLISHED,Rubrica exige conceito E exemplo. Não trocar subsidiariedade normativa por ultima ratio.,Cada quesito 2.1/2.2/2.3: conceito0/1/2; componentes a/b não são pontos independentes,conflict.speciality
MPPA_2023_DISC_SUBS::2.1b,MPPA_2023_DISC_SUBS,2.1b,Dar exemplo correto de especialidade.,REQUIRED_BY_RUBRIC,conflict.speciality,lex specialis;especialidade,,Espelho: contrabando e tráfico,OUTPUT_CONCEPT_AND_EXAMPLE,PADRAO_DEFINITIVO,NOT_SEARCHED_SYSTEMATICALLY,OFFICIAL_DOCUMENT,CEB_MP_PA_22_PROMOTOR_DOC_8,CEB_MP_PA_22_PROMOTOR_DOC_5,2023-04-15,BANK_POSITION_ONLY_UNLESS_ASSERTION_SAYS_OTHERWISE,NO_DEFECT_ESTABLISHED,Rubrica exige conceito E exemplo. Não trocar subsidiariedade normativa por ultima ratio.,Cada quesito 2.1/2.2/2.3: conceito0/1/2; componentes a/b não são pontos independentes,conflict.speciality
MPPA_2023_DISC_SUBS::2.2a,MPPA_2023_DISC_SUBS,2.2a,Conceituar subsidiariedade entre normas: relação de menor gravidade; formas expressa e tácita.,REQUIRED_BY_RUBRIC,subsidiarity.norms,subsidiariedade expressa;subsidiariedade tácita,,CP art.132; CTB arts.311 e302 referidos pelo espelho,OUTPUT_CONCEPT_AND_EXAMPLE,PADRAO_DEFINITIVO,NOT_SEARCHED_SYSTEMATICALLY,OFFICIAL_DOCUMENT,CEB_MP_PA_22_PROMOTOR_DOC_8,CEB_MP_PA_22_PROMOTOR_DOC_5,2023-04-15,BANK_POSITION_ONLY_UNLESS_ASSERTION_SAYS_OTHERWISE,NO_DEFECT_ESTABLISHED,Rubrica exige conceito E exemplo. Não trocar subsidiariedade normativa por ultima ratio.,Cada quesito 2.1/2.2/2.3: conceito0/1/2; componentes a/b não são pontos independentes,subsidiarity.norms
MPPA_2023_DISC_SUBS::2.2b,MPPA_2023_DISC_SUBS,2.2b,Dar exemplo que efetivamente represente subsidiariedade entre normas.,REQUIRED_BY_RUBRIC,subsidiarity.norms,subsidiariedade expressa;subsidiariedade tácita,,CP art.132,OUTPUT_CONCEPT_AND_EXAMPLE,PADRAO_DEFINITIVO,NOT_SEARCHED_SYSTEMATICALLY,OFFICIAL_DOCUMENT,CEB_MP_PA_22_PROMOTOR_DOC_8,CEB_MP_PA_22_PROMOTOR_DOC_5,2023-04-15,BANK_POSITION_ONLY_UNLESS_ASSERTION_SAYS_OTHERWISE,NO_DEFECT_ESTABLISHED,Rubrica exige conceito E exemplo. Não trocar subsidiariedade normativa por ultima ratio.,Cada quesito 2.1/2.2/2.3: conceito0/1/2; componentes a/b não são pontos independentes,subsidiarity.norms
MPPA_2023_DISC_SUBS::2.3a,MPPA_2023_DISC_SUBS,2.3a,"Conceituar consunção pela relação de fase/meio e fim, sem necessária hierarquia de gravidade.",REQUIRED_BY_RUBRIC,conflict.consumption,absorção;consunção,,STJ Súmula17,OUTPUT_CONCEPT_AND_EXAMPLE,PADRAO_DEFINITIVO,NOT_SEARCHED_SYSTEMATICALLY,OFFICIAL_DOCUMENT,CEB_MP_PA_22_PROMOTOR_DOC_8,CEB_MP_PA_22_PROMOTOR_DOC_5,2023-04-15,BANK_POSITION_ONLY_UNLESS_ASSERTION_SAYS_OTHERWISE,NO_DEFECT_ESTABLISHED,Rubrica exige conceito E exemplo. Não trocar subsidiariedade normativa por ultima ratio.,Cada quesito 2.1/2.2/2.3: conceito0/1/2; componentes a/b não são pontos independentes,conflict.consumption
MPPA_2023_DISC_SUBS::2.3b,MPPA_2023_DISC_SUBS,2.3b,Exemplificar falso absorvido por estelionato quando nele se exaure sem potencialidade lesiva residual.,REQUIRED_BY_RUBRIC,conflict.consumption,absorção;consunção,,STJ Súmula17,OUTPUT_CONCEPT_AND_EXAMPLE,PADRAO_DEFINITIVO,NOT_SEARCHED_SYSTEMATICALLY,OFFICIAL_DOCUMENT,CEB_MP_PA_22_PROMOTOR_DOC_8,CEB_MP_PA_22_PROMOTOR_DOC_5,2023-04-15,BANK_POSITION_ONLY_UNLESS_ASSERTION_SAYS_OTHERWISE,NO_DEFECT_ESTABLISHED,Rubrica exige conceito E exemplo. Não trocar subsidiariedade normativa por ultima ratio.,Cada quesito 2.1/2.2/2.3: conceito0/1/2; componentes a/b não são pontos independentes,conflict.consumption
MPPA_2023_DISC_Q2::2.1,MPPA_2023_DISC_Q2,2.1,"O art.28 não prevê privação de liberdade; prevê advertência, serviço à comunidade e medida educativa.",HISTORICAL_RUBRIC,depenalization;decriminalization,,,Lei 11.343/2006 art.28; STF_TEMA506 posterior,TEMPORAL_STATE_CHANGE,PADRAO_DEFINITIVO_HISTORICO,NOT_SEARCHED_SYSTEMATICALLY,OFFICIAL_DOCUMENT,CEB_MP_PA_22_PROMOTOR_DOC_8,CEB_MP_PA_22_PROMOTOR_DOC_5,2023-04-15,BANK_POSITION_ONLY_UNLESS_ASSERTION_SAYS_OTHERWISE,HISTORICAL_NOT_CURRENT_GENERAL_RULE,"Contrastar despenalização histórica e descriminalização do porte de cannabis para uso pessoal, sem estender a decisão a toda droga.",,depenalization;decriminalization
MPPA_2023_DISC_Q2::2.2,MPPA_2023_DISC_Q2,2.2,Não cabe conversão regressiva dessas sanções em prisão.,HISTORICAL_RUBRIC,depenalization;decriminalization,,,Lei 11.343/2006 art.28; STF_TEMA506 posterior,TEMPORAL_STATE_CHANGE,PADRAO_DEFINITIVO_HISTORICO,NOT_SEARCHED_SYSTEMATICALLY,OFFICIAL_DOCUMENT,CEB_MP_PA_22_PROMOTOR_DOC_8,CEB_MP_PA_22_PROMOTOR_DOC_5,2023-04-15,BANK_POSITION_ONLY_UNLESS_ASSERTION_SAYS_OTHERWISE,HISTORICAL_NOT_CURRENT_GENERAL_RULE,"Contrastar despenalização histórica e descriminalização do porte de cannabis para uso pessoal, sem estender a decisão a toda droga.",,depenalization;decriminalization
MPPA_2023_DISC_Q2::2.3,MPPA_2023_DISC_Q2,2.3,O espelho considera desproporcional usar antecedente do art.28 para agravar reincidência em outros crimes.,HISTORICAL_RUBRIC,depenalization;decriminalization,,,Lei 11.343/2006 art.28; STF_TEMA506 posterior,TEMPORAL_STATE_CHANGE,PADRAO_DEFINITIVO_HISTORICO,NOT_SEARCHED_SYSTEMATICALLY,OFFICIAL_DOCUMENT,CEB_MP_PA_22_PROMOTOR_DOC_8,CEB_MP_PA_22_PROMOTOR_DOC_5,2023-04-15,BANK_POSITION_ONLY_UNLESS_ASSERTION_SAYS_OTHERWISE,HISTORICAL_NOT_CURRENT_GENERAL_RULE,"Contrastar despenalização histórica e descriminalização do porte de cannabis para uso pessoal, sem estender a decisão a toda droga.",,depenalization;decriminalization
MPRJ_2026_DISC_PENAL_Q6::N1a,MPRJ_2026_DISC_PENAL_Q6,N1a,Identificar o art.166 da Lei Geral do Esporte no porte para venda de ingresso acima do preço.,REQUIRED_BY_RUBRIC,legality.typification,,,Lei 14.597/2023 art.166; RHC 47.835/RJ citado pelo espelho,OUTPUT_REASONING,PADRAO_PUBLICADO,NOT_SEARCHED_SYSTEMATICALLY,OFFICIAL_DOCUMENT,FGV_PAGE_011_DOC_33,FGV_PAGE_011_DOC_26,APPLICATION_DATE_UNRESOLVED,BANK_POSITION_ONLY_UNLESS_ASSERTION_SAYS_OTHERWISE,NO_DEFECT_ESTABLISHED,Fazer a introdução sustentar classificação + bem jurídico + aplicação; deixar detalhe esportivo no nó específico.,N1 total15; componente sem peso individual publicado,legality.typification
MPRJ_2026_DISC_PENAL_Q6::N1b,MPRJ_2026_DISC_PENAL_Q6,N1b,"Classificar como perigo abstrato e identificar tutela do torcedor, esporte e relações de consumo.",REQUIRED_BY_RUBRIC,legal_good.danger_abstract;legal_good.consumer,,,Lei 14.597/2023 art.166; RHC 47.835/RJ citado pelo espelho,OUTPUT_REASONING,PADRAO_PUBLICADO,NOT_SEARCHED_SYSTEMATICALLY,OFFICIAL_DOCUMENT,FGV_PAGE_011_DOC_33,FGV_PAGE_011_DOC_26,APPLICATION_DATE_UNRESOLVED,BANK_POSITION_ONLY_UNLESS_ASSERTION_SAYS_OTHERWISE,NO_DEFECT_ESTABLISHED,Fazer a introdução sustentar classificação + bem jurídico + aplicação; deixar detalhe esportivo no nó específico.,N1 total15; componente sem peso individual publicado,legal_good.danger_abstract;legal_good.consumer
MPRJ_2026_DISC_PENAL_Q6::N1c,MPRJ_2026_DISC_PENAL_Q6,N1c,Distinguir evento esportivo da hipótese da Lei de Economia Popular que o espelho associa a eventos culturais.,REQUIRED_BY_RUBRIC,conflict.speciality,lex specialis;especialidade,,Lei 14.597/2023 art.166; RHC 47.835/RJ citado pelo espelho,OUTPUT_REASONING,PADRAO_PUBLICADO,NOT_SEARCHED_SYSTEMATICALLY,OFFICIAL_DOCUMENT,FGV_PAGE_011_DOC_33,FGV_PAGE_011_DOC_26,APPLICATION_DATE_UNRESOLVED,BANK_POSITION_ONLY_UNLESS_ASSERTION_SAYS_OTHERWISE,NO_DEFECT_ESTABLISHED,Fazer a introdução sustentar classificação + bem jurídico + aplicação; deixar detalhe esportivo no nó específico.,N1 total15; componente sem peso individual publicado,conflict.speciality
MPRJ_2026_DISC_PENAL_Q6::N1d,MPRJ_2026_DISC_PENAL_Q6,N1d,"Indicar crime comum, sujeitos passivos e dolo de revenda lucrativa indevida.",REQUIRED_BY_RUBRIC,typicity.subjects;typicity.dolo,,,Lei 14.597/2023 art.166; RHC 47.835/RJ citado pelo espelho,OUTPUT_REASONING,PADRAO_PUBLICADO,NOT_SEARCHED_SYSTEMATICALLY,OFFICIAL_DOCUMENT,FGV_PAGE_011_DOC_33,FGV_PAGE_011_DOC_26,APPLICATION_DATE_UNRESOLVED,BANK_POSITION_ONLY_UNLESS_ASSERTION_SAYS_OTHERWISE,NO_DEFECT_ESTABLISHED,Fazer a introdução sustentar classificação + bem jurídico + aplicação; deixar detalhe esportivo no nó específico.,N1 total15; componente sem peso individual publicado,typicity.subjects;typicity.dolo
MPRJ_2026_DISC_PENAL_Q6::N2,MPRJ_2026_DISC_PENAL_Q6,N2,A existência de ingressos na bilheteria ou o esgotamento de setor não integra o tipo nem cria majorante autônoma.,REQUIRED_BY_RUBRIC,legal_good.danger_abstract,,,Lei 14.597/2023 art.166; RHC 47.835/RJ citado pelo espelho,RESULT_REQUIRED,PADRAO_PUBLICADO,NOT_SEARCHED_SYSTEMATICALLY,OFFICIAL_DOCUMENT,FGV_PAGE_011_DOC_33,FGV_PAGE_011_DOC_26,APPLICATION_DATE_UNRESOLVED,BANK_POSITION_ONLY_UNLESS_ASSERTION_SAYS_OTHERWISE,NO_DEFECT_ESTABLISHED,Fazer a introdução sustentar classificação + bem jurídico + aplicação; deixar detalhe esportivo no nó específico.,10,legal_good.danger_abstract
MPRJ_2026_DISC_PENAL_Q6::N3,MPRJ_2026_DISC_PENAL_Q6,N3,A consumação independe de venda efetiva e de escassez na bilheteria; portar para venda já realiza o tipo.,REQUIRED_BY_RUBRIC,consummation.exhaustion,,,Lei 14.597/2023 art.166; RHC 47.835/RJ citado pelo espelho,RESULT_REQUIRED,PADRAO_PUBLICADO,NOT_SEARCHED_SYSTEMATICALLY,OFFICIAL_DOCUMENT,FGV_PAGE_011_DOC_33,FGV_PAGE_011_DOC_26,APPLICATION_DATE_UNRESOLVED,BANK_POSITION_ONLY_UNLESS_ASSERTION_SAYS_OTHERWISE,NO_DEFECT_ESTABLISHED,Fazer a introdução sustentar classificação + bem jurídico + aplicação; deixar detalhe esportivo no nó específico.,10,consummation.exhaustion
MPRJ_2026_DISC_PENAL_Q6::N4,MPRJ_2026_DISC_PENAL_Q6,N4,Cancelamento posterior por clima ou Defesa Civil não desfaz o delito já consumado no caso narrado.,REQUIRED_BY_RUBRIC,consummation.exhaustion,,,Lei 14.597/2023 art.166; RHC 47.835/RJ citado pelo espelho,RESULT_REQUIRED,PADRAO_PUBLICADO,NOT_SEARCHED_SYSTEMATICALLY,OFFICIAL_DOCUMENT,FGV_PAGE_011_DOC_33,FGV_PAGE_011_DOC_26,APPLICATION_DATE_UNRESOLVED,BANK_POSITION_ONLY_UNLESS_ASSERTION_SAYS_OTHERWISE,NO_DEFECT_ESTABLISHED,Fazer a introdução sustentar classificação + bem jurídico + aplicação; deixar detalhe esportivo no nó específico.,15,consummation.exhaustion
FGV_ALERJ_2026_Q48::A,FGV_ALERJ_2026_Q48,A,"A oferta de vantagem indevida ao parlamentar consuma corrupção ativa, delito formal.",SELECTED_BY_KEY,legal_good.danger_abstract;consummation.formal,,,CP art.333; cotejo legislativo primário pendente,FORMAL_CONSUMMATION,A,NOT_SEARCHED_SYSTEMATICALLY,OFFICIAL_DOCUMENT,FGV_PAGE_080_DOC_54,FGV_PAGE_080_DOC_49,2026-02-08,BANK_POSITION_ONLY_UNLESS_ASSERTION_SAYS_OTHERWISE,NO_DEFECT_ESTABLISHED,A base sobre bem jurídico e consumação deve transferir para atuação de procuradoria; não confundir corrupção ativa com compra efetiva do ato.,,legal_good.danger_abstract;consummation.formal
FGV_ALERJ_2026_Q48::B,FGV_ALERJ_2026_Q48,B,A recusa da vantagem pelo parlamentar torna o delito apenas tentado.,REJECTED_BY_KEY,legal_good.danger_abstract;consummation.formal,,,CP art.333; cotejo legislativo primário pendente,RESULT_REQUIRED,A,NOT_SEARCHED_SYSTEMATICALLY,OFFICIAL_DOCUMENT,FGV_PAGE_080_DOC_54,FGV_PAGE_080_DOC_49,2026-02-08,BANK_POSITION_ONLY_UNLESS_ASSERTION_SAYS_OTHERWISE,NO_DEFECT_ESTABLISHED,A base sobre bem jurídico e consumação deve transferir para atuação de procuradoria; não confundir corrupção ativa com compra efetiva do ato.,,legal_good.danger_abstract;consummation.formal
FGV_ALERJ_2026_Q48::C,FGV_ALERJ_2026_Q48,C,Recusa e ausência de ato funcional praticado tornam a conduta atípica por falta de lesão ao bem jurídico.,REJECTED_BY_KEY,legal_good.danger_abstract;consummation.formal,,,CP art.333; cotejo legislativo primário pendente,DAMAGE_REQUIRED,A,NOT_SEARCHED_SYSTEMATICALLY,OFFICIAL_DOCUMENT,FGV_PAGE_080_DOC_54,FGV_PAGE_080_DOC_49,2026-02-08,BANK_POSITION_ONLY_UNLESS_ASSERTION_SAYS_OTHERWISE,NO_DEFECT_ESTABLISHED,A base sobre bem jurídico e consumação deve transferir para atuação de procuradoria; não confundir corrupção ativa com compra efetiva do ato.,,legal_good.danger_abstract;consummation.formal
FGV_ALERJ_2026_Q48::D,FGV_ALERJ_2026_Q48,D,O oferecimento diretamente ao parlamentar configura tráfico de influência.,REJECTED_BY_KEY,legal_good.danger_abstract;consummation.formal,,,CP art.333; cotejo legislativo primário pendente,WRONG_OFFENSE,A,NOT_SEARCHED_SYSTEMATICALLY,OFFICIAL_DOCUMENT,FGV_PAGE_080_DOC_54,FGV_PAGE_080_DOC_49,2026-02-08,BANK_POSITION_ONLY_UNLESS_ASSERTION_SAYS_OTHERWISE,NO_DEFECT_ESTABLISHED,A base sobre bem jurídico e consumação deve transferir para atuação de procuradoria; não confundir corrupção ativa com compra efetiva do ato.,,legal_good.danger_abstract;consummation.formal
FGV_ALERJ_2026_Q48::E,FGV_ALERJ_2026_Q48,E,"O enquadramento depende de procedimento adicional para apurar seriedade e idoneidade, sob pena de crime impossível.",REJECTED_BY_KEY,legal_good.danger_abstract;consummation.formal,,,CP art.333; cotejo legislativo primário pendente,UNSTATED_FACT_DEPENDENCE,A,NOT_SEARCHED_SYSTEMATICALLY,OFFICIAL_DOCUMENT,FGV_PAGE_080_DOC_54,FGV_PAGE_080_DOC_49,2026-02-08,BANK_POSITION_ONLY_UNLESS_ASSERTION_SAYS_OTHERWISE,NO_DEFECT_ESTABLISHED,A base sobre bem jurídico e consumação deve transferir para atuação de procuradoria; não confundir corrupção ativa com compra efetiva do ato.,,legal_good.danger_abstract;consummation.formal
VUNESP_PCSP_2023_FUNC::A,VUNESP_PCSP_2023_FUNC,A,A função penal é proteger bens jurídicos relevantes,CORRECT,function.protect_legal_goods,,,,direct-concept,LEGACY_UNVERIFIED,NOT_SEARCHED_SYSTEMATICALLY,SECONDARY_PROVENANCE_PENDING,,,APPLICATION_DATE_UNRESOLVED,INHERITED_PARAPHRASE_NOT_INDEPENDENT_LEGAL_VALIDATION,NO_DEFECT_ESTABLISHED,Função de proteção de bens jurídicos precisa aparecer cedo e sem rodeios,,function.protect_legal_goods
VUNESP_PCSP_2023_FUNC::B,VUNESP_PCSP_2023_FUNC,B,A função penal é simplesmente aplicar penas e medidas,DISTRACTOR,function.vs_consequence,,,,effect-for-function,LEGACY_UNVERIFIED,NOT_SEARCHED_SYSTEMATICALLY,SECONDARY_PROVENANCE_PENDING,,,APPLICATION_DATE_UNRESOLVED,INHERITED_PARAPHRASE_NOT_INDEPENDENT_LEGAL_VALIDATION,NO_DEFECT_ESTABLISHED,Distinguir função do sistema de suas consequências jurídicas,,function.vs_consequence
VUNESP_PCSP_2023_FUNC::C,VUNESP_PCSP_2023_FUNC,C,A função penal é resolver conflitos e pacificar a sociedade em geral,DISTRACTOR,function.vs_other_branches,,,,overbroad-social-function,LEGACY_UNVERIFIED,NOT_SEARCHED_SYSTEMATICALLY,SECONDARY_PROVENANCE_PENDING,,,APPLICATION_DATE_UNRESOLVED,INHERITED_PARAPHRASE_NOT_INDEPENDENT_LEGAL_VALIDATION,NO_DEFECT_ESTABLISHED,Mostrar por que fórmulas gerais de pacificação não definem especificamente a função penal,,function.vs_other_branches
VUNESP_PCSP_2023_FUNC::D,VUNESP_PCSP_2023_FUNC,D,A função penal é realizar objetivos constitucionais sociais amplos,DISTRACTOR,function.vs_constitutional_goal,,,,category-shift,LEGACY_UNVERIFIED,NOT_SEARCHED_SYSTEMATICALLY,SECONDARY_PROVENANCE_PENDING,,,APPLICATION_DATE_UNRESOLVED,INHERITED_PARAPHRASE_NOT_INDEPENDENT_LEGAL_VALIDATION,NO_DEFECT_ESTABLISHED,Ensinar a identificar finalidade constitucional geral usada como distrator,,function.vs_constitutional_goal
VUNESP_PCSP_2023_FUNC::E,VUNESP_PCSP_2023_FUNC,E,A função penal é garantir execução de qualquer lei,DISTRACTOR,function.vs_enforcement,,,,overgeneralization,LEGACY_UNVERIFIED,NOT_SEARCHED_SYSTEMATICALLY,SECONDARY_PROVENANCE_PENDING,,,APPLICATION_DATE_UNRESOLVED,INHERITED_PARAPHRASE_NOT_INDEPENDENT_LEGAL_VALIDATION,NO_DEFECT_ESTABLISHED,Evitar conceito expansivo de Direito Penal como garantidor universal,,function.vs_enforcement
FGV_PCSC_2024_TOTAL::A,FGV_PCSC_2024_TOTAL,A,"Ciência conjunta integra Criminologia, Política Criminal e Dogmática",TRUE,science.total.structure,ciência conjunta;ciência total;gesamte Strafrechtswissenschaft,,,integration,LEGACY_UNVERIFIED,NOT_SEARCHED_SYSTEMATICALLY,SECONDARY_PROVENANCE_PENDING,,,APPLICATION_DATE_UNRESOLVED,INHERITED_PARAPHRASE_NOT_INDEPENDENT_LEGAL_VALIDATION,NO_DEFECT_ESTABLISHED,Usar quadro simples dos três pilares,,science.total.structure
FGV_PCSC_2024_TOTAL::B,FGV_PCSC_2024_TOTAL,B,Dogmática opera com normas e princípios penais/processuais,TRUE,dogmatics.normative,,,,discipline-definition,LEGACY_UNVERIFIED,NOT_SEARCHED_SYSTEMATICALLY,SECONDARY_PROVENANCE_PENDING,,,APPLICATION_DATE_UNRESOLVED,INHERITED_PARAPHRASE_NOT_INDEPENDENT_LEGAL_VALIDATION,NO_DEFECT_ESTABLISHED,Normativo/dever-ser precisa ser recuperável,,dogmatics.normative
FGV_PCSC_2024_TOTAL::C,FGV_PCSC_2024_TOTAL,C,Política Criminal formula estratégias/políticas de prevenção e reação,TRUE,policy_criminal.role,,,,discipline-definition,LEGACY_UNVERIFIED,NOT_SEARCHED_SYSTEMATICALLY,SECONDARY_PROVENANCE_PENDING,,,APPLICATION_DATE_UNRESOLVED,INHERITED_PARAPHRASE_NOT_INDEPENDENT_LEGAL_VALIDATION,NO_DEFECT_ESTABLISHED,Ensinar como ponte entre dados e decisão normativa/institucional,,policy_criminal.role
FGV_PCSC_2024_TOTAL::D,FGV_PCSC_2024_TOTAL,D,Criminologia é empírica e interdisciplinar,TRUE,criminology.empirical,,,,epistemic-discriminator,LEGACY_UNVERIFIED,NOT_SEARCHED_SYSTEMATICALLY,SECONDARY_PROVENANCE_PENDING,,,APPLICATION_DATE_UNRESOLVED,INHERITED_PARAPHRASE_NOT_INDEPENDENT_LEGAL_VALIDATION,NO_DEFECT_ESTABLISHED,Ser/empírico é palavra-chave de discriminação,,criminology.empirical
FGV_PCSC_2024_TOTAL::E,FGV_PCSC_2024_TOTAL,E,Criminologia seria ciência normativa do dever-ser,FALSE_TARGET,criminology.vs_dogmatics,,,,epistemological-inversion,LEGACY_UNVERIFIED,NOT_SEARCHED_SYSTEMATICALLY,SECONDARY_PROVENANCE_PENDING,,,APPLICATION_DATE_UNRESOLVED,INHERITED_PARAPHRASE_NOT_INDEPENDENT_LEGAL_VALIDATION,NO_DEFECT_ESTABLISHED,FGV usa uma única palavra epistemológica para invalidar alternativa erudita,,criminology.vs_dogmatics
FUNDATEC_PCRS_2025_FUNCTIONS::I,FUNDATEC_PCRS_2025_FUNCTIONS,I,Função promocional é apresentada como transformação/incentivo social além de proteção de bens,FALSE_IN_OFFICIAL_SET_NEEDS_DOCTRINAL_AUDIT,function.promotional,,,,doctrinal-attribution-conflict,LEGACY_UNVERIFIED,NOT_SEARCHED_SYSTEMATICALLY,SECONDARY_PROVENANCE_PENDING,,,APPLICATION_DATE_UNRESOLVED,INHERITED_PARAPHRASE_NOT_INDEPENDENT_LEGAL_VALIDATION,NO_DEFECT_ESTABLISHED,Não ensinar como consenso; registrar autor/corrente e formulação da banca,,function.promotional
FUNDATEC_PCRS_2025_FUNCTIONS::II,FUNDATEC_PCRS_2025_FUNCTIONS,II,Fragmentariedade seleciona as ofensas mais graves a bens relevantes,TRUE,principle.fragmentarity,,,,near-concept,LEGACY_UNVERIFIED,NOT_SEARCHED_SYSTEMATICALLY,SECONDARY_PROVENANCE_PENDING,,,APPLICATION_DATE_UNRESOLVED,INHERITED_PARAPHRASE_NOT_INDEPENDENT_LEGAL_VALIDATION,NO_DEFECT_ESTABLISHED,Explicação deve diferenciar seleção de bens/ofensas,,principle.fragmentarity
FUNDATEC_PCRS_2025_FUNCTIONS::III,FUNDATEC_PCRS_2025_FUNCTIONS,III,Subsidiariedade reserva o Penal à ultima ratio quando outros meios são insuficientes,TRUE,principle.subsidiarity_intervention,ultima ratio;última razão;subsidiariedade da intervenção,,,near-concept,LEGACY_UNVERIFIED,NOT_SEARCHED_SYSTEMATICALLY,SECONDARY_PROVENANCE_PENDING,,,APPLICATION_DATE_UNRESOLVED,INHERITED_PARAPHRASE_NOT_INDEPENDENT_LEGAL_VALIDATION,NO_DEFECT_ESTABLISHED,Parêntese de reconexão deve contrastar com fragmentariedade,,principle.subsidiarity_intervention
FUNDATEC_PCRS_2025_FUNCTIONS::IV,FUNDATEC_PCRS_2025_FUNCTIONS,IV,Natureza sancionatória autorizaria criar autonomamente novos bens jurídicos sem tutela prévia,FALSE,character.sanctioning,,,,absolutization,LEGACY_UNVERIFIED,NOT_SEARCHED_SYSTEMATICALLY,SECONDARY_PROVENANCE_PENDING,,,APPLICATION_DATE_UNRESOLVED,INHERITED_PARAPHRASE_NOT_INDEPENDENT_LEGAL_VALIDATION,NO_DEFECT_ESTABLISHED,"Ensinar natureza sancionatória com nuance, sem frase absoluta",,character.sanctioning
TJPR_2026_Q32::A,TJPR_2026_Q32,A,Restituição posterior do bem tornaria automaticamente insignificante a lesão,FALSE,principle.insignificance,,,,postfactum-to-material-typicity,C,NOT_SEARCHED_SYSTEMATICALLY,LEGACY_ASSERTION_WITH_OFFICIAL_DOCS_ACQUIRED,FGV_PAGE_071_DOC_63,FGV_PAGE_071_DOC_57,APPLICATION_DATE_UNRESOLVED,INHERITED_PARAPHRASE_NOT_INDEPENDENT_LEGAL_VALIDATION,NO_DEFECT_ESTABLISHED,Restituição não equivale automaticamente à insignificância,,principle.insignificance
TJPR_2026_Q32::B,TJPR_2026_Q32,B,Adequação social excluiria tipicidade formal porque grupo específico aceita a conduta,FALSE,principle.social_adequacy,,,,formal-vs-material+social-acceptance,C,NOT_SEARCHED_SYSTEMATICALLY,LEGACY_ASSERTION_WITH_OFFICIAL_DOCS_ACQUIRED,FGV_PAGE_071_DOC_63,FGV_PAGE_071_DOC_57,APPLICATION_DATE_UNRESOLVED,INHERITED_PARAPHRASE_NOT_INDEPENDENT_LEGAL_VALIDATION,NO_DEFECT_ESTABLISHED,FGV cruza categoria dogmática com argumento sociológico,,principle.social_adequacy
TJPR_2026_Q32::C,TJPR_2026_Q32,C,Insignificância é obstada pelas circunstâncias do bem público e valor relevante,CORRECT_OFFICIAL,principle.insignificance,,,,contextual-application,C,NOT_SEARCHED_SYSTEMATICALLY,LEGACY_ASSERTION_WITH_OFFICIAL_DOCS_ACQUIRED,FGV_PAGE_071_DOC_63,FGV_PAGE_071_DOC_57,APPLICATION_DATE_UNRESOLVED,INHERITED_PARAPHRASE_NOT_INDEPENDENT_LEGAL_VALIDATION,NO_DEFECT_ESTABLISHED,Não basta decorar requisitos; treinar aplicação ao caso concreto,,principle.insignificance
TJPR_2026_Q32::D,TJPR_2026_Q32,D,Fragmentariedade justificaria absolvição porque existem tutelas civil/administrativa,FALSE,principle.fragmentarity,,,,fragmentarity-vs-subsidiarity,C,NOT_SEARCHED_SYSTEMATICALLY,LEGACY_ASSERTION_WITH_OFFICIAL_DOCS_ACQUIRED,FGV_PAGE_071_DOC_63,FGV_PAGE_071_DOC_57,APPLICATION_DATE_UNRESOLVED,INHERITED_PARAPHRASE_NOT_INDEPENDENT_LEGAL_VALIDATION,NO_DEFECT_ESTABLISHED,Distrator usa ideia de subsidiariedade sob rótulo de fragmentariedade,,principle.fragmentarity
TJPR_2026_Q32::E,TJPR_2026_Q32,E,Ofensividade excluiria culpabilidade por ausência de perigo concreto duradouro,FALSE,principle.offensiveness,ofensividade;lesividade,,,category-error+concrete-danger-absolutization,C,NOT_SEARCHED_SYSTEMATICALLY,LEGACY_ASSERTION_WITH_OFFICIAL_DOCS_ACQUIRED,FGV_PAGE_071_DOC_63,FGV_PAGE_071_DOC_57,APPLICATION_DATE_UNRESOLVED,INHERITED_PARAPHRASE_NOT_INDEPENDENT_LEGAL_VALIDATION,NO_DEFECT_ESTABLISHED,Duas armadilhas: ofensividade não é culpabilidade; perigo concreto não é universal,,principle.offensiveness
FGV_PCPI_2026_Q42::A,FGV_PCPI_2026_Q42,A,Legalidade imporia punição do furto de R$5 só porque há tipificação formal,FALSE,principle.legality_vs_insignificance,,,,literal-legality-overreach,D,NOT_SEARCHED_SYSTEMATICALLY,LEGACY_ASSERTION_WITH_OFFICIAL_DOCS_ACQUIRED,FGV_PAGE_068_EXTRA_70,FGV_PAGE_068_EXTRA_64,APPLICATION_DATE_UNRESOLVED,INHERITED_PARAPHRASE_NOT_INDEPENDENT_LEGAL_VALIDATION,NO_DEFECT_ESTABLISHED,Ensinar que tipicidade formal não elimina análise de tipicidade material/insignificância,,principle.legality_vs_insignificance
FGV_PCPI_2026_Q42::B,FGV_PCPI_2026_Q42,B,"Pequeno valor afastaria culpabilidade por erro de tipo permissivo, não tipicidade",FALSE,principle.insignificance,,,,dogmatic-level-error,D,NOT_SEARCHED_SYSTEMATICALLY,LEGACY_ASSERTION_WITH_OFFICIAL_DOCS_ACQUIRED,FGV_PAGE_068_EXTRA_70,FGV_PAGE_068_EXTRA_64,APPLICATION_DATE_UNRESOLVED,INHERITED_PARAPHRASE_NOT_INDEPENDENT_LEGAL_VALIDATION,NO_DEFECT_ESTABLISHED,"FGV explora plano dogmático: insignificância atua na tipicidade material, não culpabilidade",,principle.insignificance
FGV_PCPI_2026_Q42::C,FGV_PCPI_2026_Q42,C,Intervenção estatal justificaria repressão penal mesmo para lesão mínima,FALSE,principle.minimum_intervention,,,,principle-inversion,D,NOT_SEARCHED_SYSTEMATICALLY,LEGACY_ASSERTION_WITH_OFFICIAL_DOCS_ACQUIRED,FGV_PAGE_068_EXTRA_70,FGV_PAGE_068_EXTRA_64,APPLICATION_DATE_UNRESOLVED,INHERITED_PARAPHRASE_NOT_INDEPENDENT_LEGAL_VALIDATION,NO_DEFECT_ESTABLISHED,Treinar leitura de princípio usado em sentido oposto ao seu fundamento,,principle.minimum_intervention
FGV_PCPI_2026_Q42::D,FGV_PCPI_2026_Q42,D,"Insignificância gera atipicidade pela mínima ofensividade/reprovabilidade, ausência de periculosidade e ínfima lesão",CORRECT_OFFICIAL,principle.insignificance,,,,four-vector-application,D,NOT_SEARCHED_SYSTEMATICALLY,LEGACY_ASSERTION_WITH_OFFICIAL_DOCS_ACQUIRED,FGV_PAGE_068_EXTRA_70,FGV_PAGE_068_EXTRA_64,APPLICATION_DATE_UNRESOLVED,INHERITED_PARAPHRASE_NOT_INDEPENDENT_LEGAL_VALIDATION,NO_DEFECT_ESTABLISHED,"Ensinar vetores e aplicação a caso concreto, não só definição",,principle.insignificance
FGV_PCPI_2026_Q42::E,FGV_PCPI_2026_Q42,E,Fragmentariedade derivaria do poder-dever de punir e impediria reconhecer furto porque ilícito penal também é civil,FALSE,principle.fragmentarity,,,,conceptual-gibberish+wrong-foundation,D,NOT_SEARCHED_SYSTEMATICALLY,LEGACY_ASSERTION_WITH_OFFICIAL_DOCS_ACQUIRED,FGV_PAGE_068_EXTRA_70,FGV_PAGE_068_EXTRA_64,APPLICATION_DATE_UNRESOLVED,INHERITED_PARAPHRASE_NOT_INDEPENDENT_LEGAL_VALIDATION,NO_DEFECT_ESTABLISHED,Treinar alternativas que combinam termos verdadeiros em cadeia causal falsa,,principle.fragmentarity
FGV_PCPI_2026_Q71::A,FGV_PCPI_2026_Q71,A,Escola clássica: delito ligado ao livre-arbítrio e escolhas morais,TRUE,schools.classical.free_will,,,,historical-doctrine,C (INCORRETA),NOT_SEARCHED_SYSTEMATICALLY,LEGACY_ASSERTION_WITH_OFFICIAL_DOCS_ACQUIRED,FGV_PAGE_068_EXTRA_70,FGV_PAGE_068_EXTRA_64,APPLICATION_DATE_UNRESOLVED,INHERITED_PARAPHRASE_NOT_INDEPENDENT_LEGAL_VALIDATION,NO_DEFECT_ESTABLISHED,Escolas/evolução não pode ser tratada como mero overlay de Magistratura,,schools.classical.free_will
FGV_PCPI_2026_Q71::B,FGV_PCPI_2026_Q71,B,Escola clássica racionaliza o castigo e reage a penas violentas/tortura do Antigo Regime,TRUE,schools.classical.humanization,,,,historical-context,C (INCORRETA),NOT_SEARCHED_SYSTEMATICALLY,LEGACY_ASSERTION_WITH_OFFICIAL_DOCS_ACQUIRED,FGV_PAGE_068_EXTRA_70,FGV_PAGE_068_EXTRA_64,APPLICATION_DATE_UNRESOLVED,INHERITED_PARAPHRASE_NOT_INDEPENDENT_LEGAL_VALIDATION,NO_DEFECT_ESTABLISHED,Contexto histórico é parte da cobrança atual de Delegado,,schools.classical.humanization
FGV_PCPI_2026_Q71::C,FGV_PCPI_2026_Q71,C,Beccaria veria pena como retribuição lógica sem finalidade específica,FALSE_TARGET,schools.classical.beccaria,,,,overstatement-of-retribution,C (INCORRETA),NOT_SEARCHED_SYSTEMATICALLY,LEGACY_ASSERTION_WITH_OFFICIAL_DOCS_ACQUIRED,FGV_PAGE_068_EXTRA_70,FGV_PAGE_068_EXTRA_64,APPLICATION_DATE_UNRESOLVED,INHERITED_PARAPHRASE_NOT_INDEPENDENT_LEGAL_VALIDATION,NO_DEFECT_ESTABLISHED,FGV cobra nuance sobre finalidade da pena dentro da escola clássica,,schools.classical.beccaria
FGV_PCPI_2026_Q71::D,FGV_PCPI_2026_Q71,D,"Escola clássica lança bases modernas, inclusive legalidade",TRUE,schools.classical.legality,,,,historical-link-to-principle,C (INCORRETA),NOT_SEARCHED_SYSTEMATICALLY,LEGACY_ASSERTION_WITH_OFFICIAL_DOCS_ACQUIRED,FGV_PAGE_068_EXTRA_70,FGV_PAGE_068_EXTRA_64,APPLICATION_DATE_UNRESOLVED,INHERITED_PARAPHRASE_NOT_INDEPENDENT_LEGAL_VALIDATION,NO_DEFECT_ESTABLISHED,Criar reconexão natural escola clássica ↔ legalidade,,schools.classical.legality
FGV_PCPI_2026_Q71::E,FGV_PCPI_2026_Q71,E,Defesa da sociedade aparece na escola clássica e é compartilhada com positivismo,TRUE_PER_OFFICIAL_KEY_CONTEXT,schools.classical.social_defense,,,,historical-comparison,C (INCORRETA),NOT_SEARCHED_SYSTEMATICALLY,LEGACY_ASSERTION_WITH_OFFICIAL_DOCS_ACQUIRED,FGV_PAGE_068_EXTRA_70,FGV_PAGE_068_EXTRA_64,APPLICATION_DATE_UNRESOLVED,INHERITED_PARAPHRASE_NOT_INDEPENDENT_LEGAL_VALIDATION,NO_DEFECT_ESTABLISHED,Exige auditoria doutrinária cuidadosa porque materiais comentados podem divergir na formulação histórica,,schools.classical.social_defense
FGV_PCPI_2026_Q72::I,FGV_PCPI_2026_Q72,I,Art. 168-A estaria alinhado ao ideal de intervenção mínima/ultima ratio em perspectiva criminológica minimalista,OFFICIAL_TREATS_FALSE_BUT_CONTESTED,criminology.minimalism,,,,contestable-theoretical-inference,B = II apenas,LEGACY_REPORT_STRATEGY_I_ALSO_DEFENSIBLE; commentary not reacquired in this run,LEGACY_ASSERTION_WITH_OFFICIAL_DOCS_ACQUIRED,FGV_PAGE_068_EXTRA_70,FGV_PAGE_068_EXTRA_64,APPLICATION_DATE_UNRESOLVED,INHERITED_PARAPHRASE_NOT_INDEPENDENT_LEGAL_VALIDATION,DISPUTED_NOT_RESOLVED,Não converter gabarito em doutrina; questão entra no ledger de controvérsia,,criminology.minimalism
FGV_PCPI_2026_Q72::II,FGV_PCPI_2026_Q72,II,Diferença entre tipos permite refletir sobre seletividade penal e processo criminalizante,TRUE_OFFICIAL,criminology.selectivity,,,,critical-comparison-of-statutes,B = II apenas,LEGACY_REPORT_STRATEGY_I_ALSO_DEFENSIBLE; commentary not reacquired in this run,LEGACY_ASSERTION_WITH_OFFICIAL_DOCS_ACQUIRED,FGV_PAGE_068_EXTRA_70,FGV_PAGE_068_EXTRA_64,APPLICATION_DATE_UNRESOLVED,INHERITED_PARAPHRASE_NOT_INDEPENDENT_LEGAL_VALIDATION,DISPUTED_NOT_RESOLVED,Seletividade/processo de criminalização sobe de prioridade para Delegado,,criminology.selectivity
FGV_PCPI_2026_Q72::III,FGV_PCPI_2026_Q72,III,Delegado deveria aplicar por analogia causa de extinção de punibilidade do art.168-A ao art.168 comum,FALSE,legality.analogy,,,,critical-theory-vs-positive-law,B = II apenas,LEGACY_REPORT_STRATEGY_I_ALSO_DEFENSIBLE; commentary not reacquired in this run,LEGACY_ASSERTION_WITH_OFFICIAL_DOCS_ACQUIRED,FGV_PAGE_068_EXTRA_70,FGV_PAGE_068_EXTRA_64,APPLICATION_DATE_UNRESOLVED,INHERITED_PARAPHRASE_NOT_INDEPENDENT_LEGAL_VALIDATION,DISPUTED_NOT_RESOLVED,A crítica criminológica não autoriza ultrapassar legalidade; integrar Criminologia ↔ dogmática,,legality.analogy
FGV_DPERJ_2026_Q55::A,FGV_DPERJ_2026_Q55,A,Expansão da criminalização seria funcional e por si reduziria criminalidade,FALSE,criminology.critical.expansion,,,,functionalism-overclaim,E,NOT_SEARCHED_SYSTEMATICALLY,LEGACY_ASSERTION_WITH_OFFICIAL_DOCS_ACQUIRED,FGV_PAGE_005_DOC_27,FGV_PAGE_005_DOC_23,APPLICATION_DATE_UNRESOLVED,INHERITED_PARAPHRASE_NOT_INDEPENDENT_LEGAL_VALIDATION,NO_DEFECT_ESTABLISHED,Ensinar que criminologia crítica não trata expansão punitiva como mecanismo autossuficiente de redução criminal,,criminology.critical.expansion
FGV_DPERJ_2026_Q55::B,FGV_DPERJ_2026_Q55,B,Criação de tipos e aumento de penas representariam orientação minimalista/abolicionista,FALSE,criminology.minimalism,,,,ideological-inversion,E,NOT_SEARCHED_SYSTEMATICALLY,LEGACY_ASSERTION_WITH_OFFICIAL_DOCS_ACQUIRED,FGV_PAGE_005_DOC_27,FGV_PAGE_005_DOC_23,APPLICATION_DATE_UNRESOLVED,INHERITED_PARAPHRASE_NOT_INDEPENDENT_LEGAL_VALIDATION,NO_DEFECT_ESTABLISHED,Minimalismo/abolicionismo usados em sentido oposto ao fenômeno descrito,,criminology.minimalism
FGV_DPERJ_2026_Q55::C,FGV_DPERJ_2026_Q55,C,"Inflação legislativa seria problema apenas técnico-dogmático, sem relação social/político-criminal",FALSE,criminology.critical.expansion,,,,discipline-isolation,E,NOT_SEARCHED_SYSTEMATICALLY,LEGACY_ASSERTION_WITH_OFFICIAL_DOCS_ACQUIRED,FGV_PAGE_005_DOC_27,FGV_PAGE_005_DOC_23,APPLICATION_DATE_UNRESOLVED,INHERITED_PARAPHRASE_NOT_INDEPENDENT_LEGAL_VALIDATION,NO_DEFECT_ESTABLISHED,"FGV exige integrar Dogmática, Política Criminal, economia e estrutura social",,criminology.critical.expansion
FGV_DPERJ_2026_Q55::D,FGV_DPERJ_2026_Q55,D,Hipertrofia confirmaria êxito etiológico-positivista e neutralização seletiva como resposta eficaz,FALSE,criminology.paradigms,,,,paradigm-misapplication,E,NOT_SEARCHED_SYSTEMATICALLY,LEGACY_ASSERTION_WITH_OFFICIAL_DOCS_ACQUIRED,FGV_PAGE_005_DOC_27,FGV_PAGE_005_DOC_23,APPLICATION_DATE_UNRESOLVED,INHERITED_PARAPHRASE_NOT_INDEPENDENT_LEGAL_VALIDATION,NO_DEFECT_ESTABLISHED,Teoria/paradigma correto pode ser usado para legitimar conclusão incompatível com o enunciado crítico,,criminology.paradigms
FGV_DPERJ_2026_Q55::E,FGV_DPERJ_2026_Q55,E,"Hipertrofia penal se articula à retração social, populismo punitivo e reprodução de desigualdade",CORRECT_OFFICIAL,criminology.critical.expansion,,,,critical-reading,E,NOT_SEARCHED_SYSTEMATICALLY,LEGACY_ASSERTION_WITH_OFFICIAL_DOCS_ACQUIRED,FGV_PAGE_005_DOC_27,FGV_PAGE_005_DOC_23,APPLICATION_DATE_UNRESOLVED,INHERITED_PARAPHRASE_NOT_INDEPENDENT_LEGAL_VALIDATION,NO_DEFECT_ESTABLISHED,Expansão/inflação/hipertrofia e populismo punitivo são cobrança atual de Defensoria em 2026,,criminology.critical.expansion
