career,atom_id,selected_question_count,selected_career_question_denominator,question_ids,new_decomposition_count,global_incidence,editorial_use
Delegado,typicity.material,2,19,CEBRASPE_PCDF_2026_Q73;CEBRASPE_PF_2025_Q65,2,NOT_ESTIMABLE,Candidato a discriminação/ponte; peso final bloqueado por cobertura incompleta
Delegado,legality.analogy,1,19,FGV_PCPI_2026_Q72,0,NOT_ESTIMABLE,Candidato a discriminação/ponte; peso final bloqueado por cobertura incompleta
Delegado,legal_good.history,1,19,CEBRASPE_PF_2025_Q52,1,NOT_ESTIMABLE,Candidato a discriminação/ponte; peso final bloqueado por cobertura incompleta
Delegado,legal_good.methodological,1,19,CEBRASPE_PF_2025_Q52,1,NOT_ESTIMABLE,Candidato a discriminação/ponte; peso final bloqueado por cobertura incompleta
Delegado,legal_good.critical,1,19,CEBRASPE_PF_2025_Q53,1,NOT_ESTIMABLE,Candidato a discriminação/ponte; peso final bloqueado por cobertura incompleta
Delegado,legal_good.apparent_collective,1,19,CEBRASPE_PF_2025_Q53,1,NOT_ESTIMABLE,Candidato a discriminação/ponte; peso final bloqueado por cobertura incompleta
Delegado,legal_good.constitution,1,19,CEBRASPE_PF_2025_Q54,1,NOT_ESTIMABLE,Candidato a discriminação/ponte; peso final bloqueado por cobertura incompleta
Delegado,principle.minimum_intervention,3,19,CEBRASPE_PCDF_2026_Q74;CEBRASPE_PF_2025_Q54;FGV_PCPI_2026_Q42,2,NOT_ESTIMABLE,Candidato a discriminação/ponte; peso final bloqueado por cobertura incompleta
Delegado,principle.offensiveness,1,19,CEBRASPE_PF_2025_Q65,1,NOT_ESTIMABLE,Candidato a discriminação/ponte; peso final bloqueado por cobertura incompleta
Delegado,sanction.personality,1,19,CEBRASPE_PF_2025_Q66,1,NOT_ESTIMABLE,Candidato a discriminação/ponte; peso final bloqueado por cobertura incompleta
Delegado,corporate_liability,1,19,CEBRASPE_PF_2025_Q66,1,NOT_ESTIMABLE,Candidato a discriminação/ponte; peso final bloqueado por cobertura incompleta
Delegado,legal_good.accumulation,1,19,CEBRASPE_PF_2025_Q67,1,NOT_ESTIMABLE,Candidato a discriminação/ponte; peso final bloqueado por cobertura incompleta
Delegado,criminology.broken_windows,1,19,CEBRASPE_PF_2025_Q97,1,NOT_ESTIMABLE,Candidato a discriminação/ponte; peso final bloqueado por cobertura incompleta
Delegado,criminology.white_collar,1,19,CEBRASPE_PF_2025_Q98,1,NOT_ESTIMABLE,Candidato a discriminação/ponte; peso final bloqueado por cobertura incompleta
Delegado,criminology.resocialization,1,19,CEBRASPE_PF_2025_Q99,1,NOT_ESTIMABLE,Candidato a discriminação/ponte; peso final bloqueado por cobertura incompleta
Delegado,criminology.restoration,2,19,CEBRASPE_PF_2025_Q100;CEBRASPE_PF_2025_Q99,2,NOT_ESTIMABLE,Candidato a discriminação/ponte; peso final bloqueado por cobertura incompleta
Delegado,principle.subsidiarity_intervention,2,19,CEBRASPE_PCDF_2026_Q74;FUNDATEC_PCRS_2025_FUNCTIONS,1,NOT_ESTIMABLE,Candidato a discriminação/ponte; peso final bloqueado por cobertura incompleta
Delegado,tax.crime_representation,1,19,CEBRASPE_PCDF_2026_Q74,1,NOT_ESTIMABLE,Candidato a discriminação/ponte; peso final bloqueado por cobertura incompleta
Delegado,tax.launch,1,19,CEBRASPE_PCDF_2026_Q73,1,NOT_ESTIMABLE,Candidato a discriminação/ponte; peso final bloqueado por cobertura incompleta
Delegado,legal_good.justice,1,19,CEBRASPE_PF_2026_ORAL_Q3,1,NOT_ESTIMABLE,Candidato a discriminação/ponte; peso final bloqueado por cobertura incompleta
Delegado,conflict.speciality,1,19,CEBRASPE_PF_2026_ORAL_Q3,1,NOT_ESTIMABLE,Candidato a discriminação/ponte; peso final bloqueado por cobertura incompleta
Delegado,function.protect_legal_goods,1,19,VUNESP_PCSP_2023_FUNC,0,NOT_ESTIMABLE,Candidato a discriminação/ponte; peso final bloqueado por cobertura incompleta
Delegado,function.vs_consequence,1,19,VUNESP_PCSP_2023_FUNC,0,NOT_ESTIMABLE,Candidato a discriminação/ponte; peso final bloqueado por cobertura incompleta
Delegado,function.vs_other_branches,1,19,VUNESP_PCSP_2023_FUNC,0,NOT_ESTIMABLE,Candidato a discriminação/ponte; peso final bloqueado por cobertura incompleta
Delegado,function.vs_constitutional_goal,1,19,VUNESP_PCSP_2023_FUNC,0,NOT_ESTIMABLE,Candidato a discriminação/ponte; peso final bloqueado por cobertura incompleta
Delegado,function.vs_enforcement,1,19,VUNESP_PCSP_2023_FUNC,0,NOT_ESTIMABLE,Candidato a discriminação/ponte; peso final bloqueado por cobertura incompleta
Delegado,science.total.structure,1,19,FGV_PCSC_2024_TOTAL,0,NOT_ESTIMABLE,Candidato a discriminação/ponte; peso final bloqueado por cobertura incompleta
Delegado,dogmatics.normative,1,19,FGV_PCSC_2024_TOTAL,0,NOT_ESTIMABLE,Candidato a discriminação/ponte; peso final bloqueado por cobertura incompleta
Delegado,policy_criminal.role,1,19,FGV_PCSC_2024_TOTAL,0,NOT_ESTIMABLE,Candidato a discriminação/ponte; peso final bloqueado por cobertura incompleta
Delegado,criminology.empirical,1,19,FGV_PCSC_2024_TOTAL,0,NOT_ESTIMABLE,Candidato a discriminação/ponte; peso final bloqueado por cobertura incompleta
Delegado,criminology.vs_dogmatics,1,19,FGV_PCSC_2024_TOTAL,0,NOT_ESTIMABLE,Candidato a discriminação/ponte; peso final bloqueado por cobertura incompleta
Delegado,function.promotional,1,19,FUNDATEC_PCRS_2025_FUNCTIONS,0,NOT_ESTIMABLE,Candidato a discriminação/ponte; peso final bloqueado por cobertura incompleta
Delegado,principle.fragmentarity,2,19,FGV_PCPI_2026_Q42;FUNDATEC_PCRS_2025_FUNCTIONS,0,NOT_ESTIMABLE,Candidato a discriminação/ponte; peso final bloqueado por cobertura incompleta
Delegado,character.sanctioning,1,19,FUNDATEC_PCRS_2025_FUNCTIONS,0,NOT_ESTIMABLE,Candidato a discriminação/ponte; peso final bloqueado por cobertura incompleta
Delegado,principle.insignificance,1,19,FGV_PCPI_2026_Q42,0,NOT_ESTIMABLE,Candidato a discriminação/ponte; peso final bloqueado por cobertura incompleta
Delegado,principle.legality_vs_insignificance,1,19,FGV_PCPI_2026_Q42,0,NOT_ESTIMABLE,Candidato a discriminação/ponte; peso final bloqueado por cobertura incompleta
Delegado,schools.classical.free_will,1,19,FGV_PCPI_2026_Q71,0,NOT_ESTIMABLE,Candidato a discriminação/ponte; peso final bloqueado por cobertura incompleta
Delegado,schools.classical.humanization,1,19,FGV_PCPI_2026_Q71,0,NOT_ESTIMABLE,Candidato a discriminação/ponte; peso final bloqueado por cobertura incompleta
Delegado,schools.classical.beccaria,1,19,FGV_PCPI_2026_Q71,0,NOT_ESTIMABLE,Candidato a discriminação/ponte; peso final bloqueado por cobertura incompleta
Delegado,schools.classical.legality,1,19,FGV_PCPI_2026_Q71,0,NOT_ESTIMABLE,Candidato a discriminação/ponte; peso final bloqueado por cobertura incompleta
Delegado,schools.classical.social_defense,1,19,FGV_PCPI_2026_Q71,0,NOT_ESTIMABLE,Candidato a discriminação/ponte; peso final bloqueado por cobertura incompleta
Delegado,criminology.minimalism,1,19,FGV_PCPI_2026_Q72,0,NOT_ESTIMABLE,Candidato a discriminação/ponte; peso final bloqueado por cobertura incompleta
Delegado,criminology.selectivity,1,19,FGV_PCPI_2026_Q72,0,NOT_ESTIMABLE,Candidato a discriminação/ponte; peso final bloqueado por cobertura incompleta
Magistratura,legality.analogy,1,3,FGV_TJPE_2026_Q41,1,NOT_ESTIMABLE,Candidato a discriminação/ponte; peso final bloqueado por cobertura incompleta
Magistratura,legality.strict,1,3,FGV_TJPE_2026_Q41,1,NOT_ESTIMABLE,Candidato a discriminação/ponte; peso final bloqueado por cobertura incompleta
Magistratura,classification.heinous,1,3,FGV_TJPE_2026_Q41,1,NOT_ESTIMABLE,Candidato a discriminação/ponte; peso final bloqueado por cobertura incompleta
Magistratura,decriminalization.abolitio,1,3,FGV_TJPE_2026_Q48,1,NOT_ESTIMABLE,Candidato a discriminação/ponte; peso final bloqueado por cobertura incompleta
Magistratura,law.continuity,1,3,FGV_TJPE_2026_Q48,1,NOT_ESTIMABLE,Candidato a discriminação/ponte; peso final bloqueado por cobertura incompleta
Magistratura,principle.offensiveness,1,3,TJPR_2026_Q32,0,NOT_ESTIMABLE,Candidato a discriminação/ponte; peso final bloqueado por cobertura incompleta
Magistratura,principle.fragmentarity,1,3,TJPR_2026_Q32,0,NOT_ESTIMABLE,Candidato a discriminação/ponte; peso final bloqueado por cobertura incompleta
Magistratura,principle.insignificance,1,3,TJPR_2026_Q32,0,NOT_ESTIMABLE,Candidato a discriminação/ponte; peso final bloqueado por cobertura incompleta
Magistratura,principle.social_adequacy,1,3,TJPR_2026_Q32,0,NOT_ESTIMABLE,Candidato a discriminação/ponte; peso final bloqueado por cobertura incompleta
Ministerio_Publico,legal_good.consent,1,12,MPRJ_2026_Q23,1,NOT_ESTIMABLE,Candidato a discriminação/ponte; peso final bloqueado por cobertura incompleta
Ministerio_Publico,typicity.material,1,12,MPRJ_2026_Q23,1,NOT_ESTIMABLE,Candidato a discriminação/ponte; peso final bloqueado por cobertura incompleta
Ministerio_Publico,culpability.prohibition_error,1,12,MPRJ_2026_Q23,1,NOT_ESTIMABLE,Candidato a discriminação/ponte; peso final bloqueado por cobertura incompleta
Ministerio_Publico,legal_good.danger_abstract,4,12,MPRJ_2026_DISC_PENAL_Q6;MPRJ_2026_Q20;MPRJ_2026_Q24;MPRJ_2026_Q25,4,NOT_ESTIMABLE,Candidato a discriminação/ponte; peso final bloqueado por cobertura incompleta
Ministerio_Publico,typicity.formal_material,1,12,MPRJ_2026_Q24,1,NOT_ESTIMABLE,Candidato a discriminação/ponte; peso final bloqueado por cobertura incompleta
Ministerio_Publico,insignificance.context,1,12,MPRJ_2026_Q25,1,NOT_ESTIMABLE,Candidato a discriminação/ponte; peso final bloqueado por cobertura incompleta
Ministerio_Publico,legality.analogy,2,12,MPRJ_2026_Q20;MPRJ_2026_Q22,2,NOT_ESTIMABLE,Candidato a discriminação/ponte; peso final bloqueado por cobertura incompleta
Ministerio_Publico,typicity.dolo,2,12,MPRJ_2026_DISC_PENAL_Q6;MPRJ_2026_Q20,2,NOT_ESTIMABLE,Candidato a discriminação/ponte; peso final bloqueado por cobertura incompleta
Ministerio_Publico,law.beneficial_retroactivity,3,12,MPMS_2026_Q15;MPRJ_2026_Q21;MPRJ_2026_Q22,3,NOT_ESTIMABLE,Candidato a discriminação/ponte; peso final bloqueado por cobertura incompleta
Ministerio_Publico,legality.strict,1,12,MPRJ_2026_Q21,1,NOT_ESTIMABLE,Candidato a discriminação/ponte; peso final bloqueado por cobertura incompleta
Ministerio_Publico,penalty.retribution,1,12,MPMS_2026_Q14,1,NOT_ESTIMABLE,Candidato a discriminação/ponte; peso final bloqueado por cobertura incompleta
Ministerio_Publico,penalty.unification,1,12,MPMS_2026_Q14,1,NOT_ESTIMABLE,Candidato a discriminação/ponte; peso final bloqueado por cobertura incompleta
Ministerio_Publico,culpability.limit,1,12,MPMS_2026_Q14,1,NOT_ESTIMABLE,Candidato a discriminação/ponte; peso final bloqueado por cobertura incompleta
Ministerio_Publico,penalty.general_prevention,1,12,MPMS_2026_Q14,1,NOT_ESTIMABLE,Candidato a discriminação/ponte; peso final bloqueado por cobertura incompleta
Ministerio_Publico,penalty.positive_prevention,1,12,MPMS_2026_Q14,1,NOT_ESTIMABLE,Candidato a discriminação/ponte; peso final bloqueado por cobertura incompleta
Ministerio_Publico,legal_good.norm,1,12,MPMS_2026_Q14,1,NOT_ESTIMABLE,Candidato a discriminação/ponte; peso final bloqueado por cobertura incompleta
Ministerio_Publico,penalty.positive_prevention_limiting,1,12,MPMS_2026_Q14,1,NOT_ESTIMABLE,Candidato a discriminação/ponte; peso final bloqueado por cobertura incompleta
Ministerio_Publico,law.intermediate,1,12,MPMS_2026_Q15,1,NOT_ESTIMABLE,Candidato a discriminação/ponte; peso final bloqueado por cobertura incompleta
Ministerio_Publico,conflict.consumption,2,12,MPMS_2026_Q19;MPPA_2023_DISC_SUBS,2,NOT_ESTIMABLE,Candidato a discriminação/ponte; peso final bloqueado por cobertura incompleta
Ministerio_Publico,conflict.progression,1,12,MPMS_2026_Q19,1,NOT_ESTIMABLE,Candidato a discriminação/ponte; peso final bloqueado por cobertura incompleta
Ministerio_Publico,sanction.execution_limit,1,12,MPMS_2026_Q19,1,NOT_ESTIMABLE,Candidato a discriminação/ponte; peso final bloqueado por cobertura incompleta
Ministerio_Publico,conflict.speciality,2,12,MPPA_2023_DISC_SUBS;MPRJ_2026_DISC_PENAL_Q6,2,NOT_ESTIMABLE,Candidato a discriminação/ponte; peso final bloqueado por cobertura incompleta
Ministerio_Publico,subsidiarity.norms,1,12,MPPA_2023_DISC_SUBS,1,NOT_ESTIMABLE,Candidato a discriminação/ponte; peso final bloqueado por cobertura incompleta
Ministerio_Publico,depenalization,1,12,MPPA_2023_DISC_Q2,1,NOT_ESTIMABLE,Candidato a discriminação/ponte; peso final bloqueado por cobertura incompleta
Ministerio_Publico,decriminalization,1,12,MPPA_2023_DISC_Q2,1,NOT_ESTIMABLE,Candidato a discriminação/ponte; peso final bloqueado por cobertura incompleta
Ministerio_Publico,legality.typification,1,12,MPRJ_2026_DISC_PENAL_Q6,1,NOT_ESTIMABLE,Candidato a discriminação/ponte; peso final bloqueado por cobertura incompleta
Ministerio_Publico,legal_good.consumer,1,12,MPRJ_2026_DISC_PENAL_Q6,1,NOT_ESTIMABLE,Candidato a discriminação/ponte; peso final bloqueado por cobertura incompleta
Ministerio_Publico,typicity.subjects,1,12,MPRJ_2026_DISC_PENAL_Q6,1,NOT_ESTIMABLE,Candidato a discriminação/ponte; peso final bloqueado por cobertura incompleta
Ministerio_Publico,consummation.exhaustion,1,12,MPRJ_2026_DISC_PENAL_Q6,1,NOT_ESTIMABLE,Candidato a discriminação/ponte; peso final bloqueado por cobertura incompleta
Defensoria,criminology.necropolitics,1,4,FGV_DPERJ_2026_Q56,1,NOT_ESTIMABLE,Candidato a discriminação/ponte; peso final bloqueado por cobertura incompleta
Defensoria,criminology.punitive_populism,1,4,FGV_DPERJ_2026_Q57,1,NOT_ESTIMABLE,Candidato a discriminação/ponte; peso final bloqueado por cobertura incompleta
Defensoria,criminology.consensus,1,4,FGV_DPERJ_2026_Q57,1,NOT_ESTIMABLE,Candidato a discriminação/ponte; peso final bloqueado por cobertura incompleta
Defensoria,criminology.ecology,1,4,FGV_DPERJ_2026_Q57,1,NOT_ESTIMABLE,Candidato a discriminação/ponte; peso final bloqueado por cobertura incompleta
Defensoria,criminology.labeling,1,4,FGV_DPERJ_2026_Q58,1,NOT_ESTIMABLE,Candidato a discriminação/ponte; peso final bloqueado por cobertura incompleta
Defensoria,criminology.minimalism,1,4,FGV_DPERJ_2026_Q55,0,NOT_ESTIMABLE,Candidato a discriminação/ponte; peso final bloqueado por cobertura incompleta
Defensoria,criminology.critical.expansion,1,4,FGV_DPERJ_2026_Q55,0,NOT_ESTIMABLE,Candidato a discriminação/ponte; peso final bloqueado por cobertura incompleta
Defensoria,criminology.paradigms,1,4,FGV_DPERJ_2026_Q55,0,NOT_ESTIMABLE,Candidato a discriminação/ponte; peso final bloqueado por cobertura incompleta
Advocacia_Publica,legal_good.danger_abstract,1,1,FGV_ALERJ_2026_Q48,1,NOT_ESTIMABLE,Candidato a discriminação/ponte; peso final bloqueado por cobertura incompleta
Advocacia_Publica,consummation.formal,1,1,FGV_ALERJ_2026_Q48,1,NOT_ESTIMABLE,Candidato a discriminação/ponte; peso final bloqueado por cobertura incompleta
