mechanism,kind,question_ids,selected_question_count,note
ABSOLUTIZATION,COBRANCA_OR_DISTRACTOR_SEE_BANK_POSITION,CEBRASPE_PF_2025_Q54;FGV_TJPE_2026_Q41;MPMS_2026_Q19;MPRJ_2026_Q25,4,Frequência no corpus selecionado; não incidência no universo de provas.
ABSTRACT_DANGER_RULE,COBRANCA_OR_DISTRACTOR_SEE_BANK_POSITION,MPRJ_2026_Q25,1,Frequência no corpus selecionado; não incidência no universo de provas.
ANALOGY_LABEL_INVERSION,COBRANCA_OR_DISTRACTOR_SEE_BANK_POSITION,MPRJ_2026_Q20,1,Frequência no corpus selecionado; não incidência no universo de provas.
APTITUDE_TO_INJURE,COBRANCA_OR_DISTRACTOR_SEE_BANK_POSITION,CEBRASPE_PF_2025_Q65,1,Frequência no corpus selecionado; não incidência no universo de provas.
AUTHOR_THEORY_FUSION,COBRANCA_OR_DISTRACTOR_SEE_BANK_POSITION,CEBRASPE_PF_2025_Q52,1,Frequência no corpus selecionado; não incidência no universo de provas.
AUTHOR_TO_THEORY,COBRANCA_OR_DISTRACTOR_SEE_BANK_POSITION,CEBRASPE_PF_2025_Q97;FGV_DPERJ_2026_Q58;MPMS_2026_Q14,3,Frequência no corpus selecionado; não incidência no universo de provas.
AUTOMATIC_EXCULPATION,COBRANCA_OR_DISTRACTOR_SEE_BANK_POSITION,MPRJ_2026_Q23,1,Frequência no corpus selecionado; não incidência no universo de provas.
AUTONOMY_REMOVAL,COBRANCA_OR_DISTRACTOR_SEE_BANK_POSITION,MPRJ_2026_Q21,1,Frequência no corpus selecionado; não incidência no universo de provas.
BENEFICIAL_RETROACTIVITY,COBRANCA_OR_DISTRACTOR_SEE_BANK_POSITION,MPRJ_2026_Q22,1,Frequência no corpus selecionado; não incidência no universo de provas.
CASE_DISTINCTION,COBRANCA_OR_DISTRACTOR_SEE_BANK_POSITION,MPRJ_2026_Q23,1,Frequência no corpus selecionado; não incidência no universo de provas.
CATEGORY_SHIFT,COBRANCA_OR_DISTRACTOR_SEE_BANK_POSITION,MPRJ_2026_Q23,1,Frequência no corpus selecionado; não incidência no universo de provas.
CLOSED_LIST,COBRANCA_OR_DISTRACTOR_SEE_BANK_POSITION,FGV_TJPE_2026_Q41,1,Frequência no corpus selecionado; não incidência no universo de provas.
CONCRETE_DANGER_REQUIRED,COBRANCA_OR_DISTRACTOR_SEE_BANK_POSITION,MPRJ_2026_Q25,1,Frequência no corpus selecionado; não incidência no universo de provas.
CONTEXTUAL_APTITUDE,COBRANCA_OR_DISTRACTOR_SEE_BANK_POSITION,MPRJ_2026_Q20,1,Frequência no corpus selecionado; não incidência no universo de provas.
DAMAGE_REQUIRED,COBRANCA_OR_DISTRACTOR_SEE_BANK_POSITION,FGV_ALERJ_2026_Q48,1,Frequência no corpus selecionado; não incidência no universo de provas.
DANGER_CLASSIFICATION_SWAP,COBRANCA_OR_DISTRACTOR_SEE_BANK_POSITION,MPRJ_2026_Q20,1,Frequência no corpus selecionado; não incidência no universo de provas.
DANGER_VS_DAMAGE,COBRANCA_OR_DISTRACTOR_SEE_BANK_POSITION,MPRJ_2026_Q24,1,Frequência no corpus selecionado; não incidência no universo de provas.
DECISION_ROLE_SWAP,COBRANCA_OR_DISTRACTOR_SEE_BANK_POSITION,CEBRASPE_PF_2025_Q100,1,Frequência no corpus selecionado; não incidência no universo de provas.
DESCRIPTION_TO_LABEL,COBRANCA_OR_DISTRACTOR_SEE_BANK_POSITION,CEBRASPE_PF_2025_Q98;FGV_DPERJ_2026_Q56;FGV_DPERJ_2026_Q57,3,Frequência no corpus selecionado; não incidência no universo de provas.
DOCTRINAL_SCOPE,COBRANCA_OR_DISTRACTOR_SEE_BANK_POSITION,CEBRASPE_PF_2025_Q53,1,Frequência no corpus selecionado; não incidência no universo de provas.
EXCESSIVE_DAMAGE_THRESHOLD,COBRANCA_OR_DISTRACTOR_SEE_BANK_POSITION,MPRJ_2026_Q24,1,Frequência no corpus selecionado; não incidência no universo de provas.
FALSE_EXCEPTION,COBRANCA_OR_DISTRACTOR_SEE_BANK_POSITION,CEBRASPE_PCDF_2026_Q73;FGV_TJPE_2026_Q41;MPRJ_2026_Q21,3,Frequência no corpus selecionado; não incidência no universo de provas.
FALSE_RES_JUDICATA_BARRIER,COBRANCA_OR_DISTRACTOR_SEE_BANK_POSITION,MPMS_2026_Q15,1,Frequência no corpus selecionado; não incidência no universo de provas.
FORMAL_CONSUMMATION,COBRANCA_OR_DISTRACTOR_SEE_BANK_POSITION,FGV_ALERJ_2026_Q48,1,Frequência no corpus selecionado; não incidência no universo de provas.
INDIVIDUAL_VS_AGGREGATE,COBRANCA_OR_DISTRACTOR_SEE_BANK_POSITION,CEBRASPE_PF_2025_Q67,1,Frequência no corpus selecionado; não incidência no universo de provas.
INVENTED_ELEMENT,COBRANCA_OR_DISTRACTOR_SEE_BANK_POSITION,MPRJ_2026_Q21,1,Frequência no corpus selecionado; não incidência no universo de provas.
INVENTED_REGULATORY_CONDITION,COBRANCA_OR_DISTRACTOR_SEE_BANK_POSITION,MPRJ_2026_Q20,1,Frequência no corpus selecionado; não incidência no universo de provas.
INVENTED_SUBJECT_RESTRICTION,COBRANCA_OR_DISTRACTOR_SEE_BANK_POSITION,FGV_TJPE_2026_Q48,1,Frequência no corpus selecionado; não incidência no universo de provas.
IN_MALAM_PARTEM,COBRANCA_OR_DISTRACTOR_SEE_BANK_POSITION,FGV_TJPE_2026_Q41;MPRJ_2026_Q22,2,Frequência no corpus selecionado; não incidência no universo de provas.
LEGAL_CLASS_SWAP,COBRANCA_OR_DISTRACTOR_SEE_BANK_POSITION,MPRJ_2026_Q25,1,Frequência no corpus selecionado; não incidência no universo de provas.
LEGAL_GOOD_ABSOLUTIZATION,COBRANCA_OR_DISTRACTOR_SEE_BANK_POSITION,MPRJ_2026_Q23,1,Frequência no corpus selecionado; não incidência no universo de provas.
LEX_TERTIA,COBRANCA_OR_DISTRACTOR_SEE_BANK_POSITION,MPMS_2026_Q15,1,Frequência no corpus selecionado; não incidência no universo de provas.
LEX_TERTIA_OVEREXTENSION,COBRANCA_OR_DISTRACTOR_SEE_BANK_POSITION,MPRJ_2026_Q22,1,Frequência no corpus selecionado; não incidência no universo de provas.
MEANS_END_RELATION,COBRANCA_OR_DISTRACTOR_SEE_BANK_POSITION,MPMS_2026_Q19,1,Frequência no corpus selecionado; não incidência no universo de provas.
MECHANISM_TO_THEORY,COBRANCA_OR_DISTRACTOR_SEE_BANK_POSITION,MPMS_2026_Q14,1,Frequência no corpus selecionado; não incidência no universo de provas.
NECESSARY_CONCURRENCE,COBRANCA_OR_DISTRACTOR_SEE_BANK_POSITION,MPMS_2026_Q19,1,Frequência no corpus selecionado; não incidência no universo de provas.
NEGATION_OF_LIMIT,COBRANCA_OR_DISTRACTOR_SEE_BANK_POSITION,MPMS_2026_Q14,1,Frequência no corpus selecionado; não incidência no universo de provas.
OBJECTIVE_LIABILITY,COBRANCA_OR_DISTRACTOR_SEE_BANK_POSITION,MPRJ_2026_Q23,1,Frequência no corpus selecionado; não incidência no universo de provas.
OUTPUT_CONCEPT_AND_EXAMPLE,COBRANCA_OR_DISTRACTOR_SEE_BANK_POSITION,MPPA_2023_DISC_SUBS,1,Frequência no corpus selecionado; não incidência no universo de provas.
OUTPUT_REASONING,COBRANCA_OR_DISTRACTOR_SEE_BANK_POSITION,CEBRASPE_PF_2026_ORAL_Q3;MPRJ_2026_DISC_PENAL_Q6,2,Frequência no corpus selecionado; não incidência no universo de provas.
OVERBROAD_REPEAL,COBRANCA_OR_DISTRACTOR_SEE_BANK_POSITION,MPRJ_2026_Q20,1,Frequência no corpus selecionado; não incidência no universo de provas.
OVEREXTENSION,COBRANCA_OR_DISTRACTOR_SEE_BANK_POSITION,FGV_TJPE_2026_Q41,1,Frequência no corpus selecionado; não incidência no universo de provas.
PART_FOR_WHOLE,COBRANCA_OR_DISTRACTOR_SEE_BANK_POSITION,FGV_TJPE_2026_Q48,1,Frequência no corpus selecionado; não incidência no universo de provas.
PERMANENCE_CLASSIFICATION_SWAP,COBRANCA_OR_DISTRACTOR_SEE_BANK_POSITION,MPRJ_2026_Q21,1,Frequência no corpus selecionado; não incidência no universo de provas.
PROCEDURAL_CATEGORY_CONFLATION,COBRANCA_OR_DISTRACTOR_SEE_BANK_POSITION,CEBRASPE_PCDF_2026_Q74,1,Frequência no corpus selecionado; não incidência no universo de provas.
PROGRESSION_SWAP,COBRANCA_OR_DISTRACTOR_SEE_BANK_POSITION,MPMS_2026_Q19,1,Frequência no corpus selecionado; não incidência no universo de provas.
PROOF_AS_ELEMENT,COBRANCA_OR_DISTRACTOR_SEE_BANK_POSITION,MPRJ_2026_Q24,1,Frequência no corpus selecionado; não incidência no universo de provas.
RECIDIVISM_CATEGORY_SWAP,COBRANCA_OR_DISTRACTOR_SEE_BANK_POSITION,MPRJ_2026_Q22,1,Frequência no corpus selecionado; não incidência no universo de provas.
REMOVAL_OF_GUARANTEE,COBRANCA_OR_DISTRACTOR_SEE_BANK_POSITION,MPMS_2026_Q15,1,Frequência no corpus selecionado; não incidência no universo de provas.
RESULT_REQUIRED,COBRANCA_OR_DISTRACTOR_SEE_BANK_POSITION,FGV_ALERJ_2026_Q48;MPRJ_2026_DISC_PENAL_Q6;MPRJ_2026_Q24,3,Frequência no corpus selecionado; não incidência no universo de provas.
ROLE_SWAP,COBRANCA_OR_DISTRACTOR_SEE_BANK_POSITION,CEBRASPE_PF_2025_Q99;FGV_DPERJ_2026_Q57,2,Frequência no corpus selecionado; não incidência no universo de provas.
SANCTION_TRANSFER,COBRANCA_OR_DISTRACTOR_SEE_BANK_POSITION,CEBRASPE_PF_2025_Q66,1,Frequência no corpus selecionado; não incidência no universo de provas.
SENTENCE_VS_EXECUTION_LIMIT,COBRANCA_OR_DISTRACTOR_SEE_BANK_POSITION,MPMS_2026_Q19,1,Frequência no corpus selecionado; não incidência no universo de provas.
TEMPORAL_COMPARISON,COBRANCA_OR_DISTRACTOR_SEE_BANK_POSITION,MPMS_2026_Q15,1,Frequência no corpus selecionado; não incidência no universo de provas.
TEMPORAL_STATE_CHANGE,COBRANCA_OR_DISTRACTOR_SEE_BANK_POSITION,MPPA_2023_DISC_Q2,1,Frequência no corpus selecionado; não incidência no universo de provas.
THEORETICAL_ATTRIBUTION,COBRANCA_OR_DISTRACTOR_SEE_BANK_POSITION,MPMS_2026_Q14,1,Frequência no corpus selecionado; não incidência no universo de provas.
THEORETICAL_FRAME,COBRANCA_OR_DISTRACTOR_SEE_BANK_POSITION,FGV_DPERJ_2026_Q57,1,Frequência no corpus selecionado; não incidência no universo de provas.
TIME_OF_PERMANENCE,COBRANCA_OR_DISTRACTOR_SEE_BANK_POSITION,MPRJ_2026_Q21,1,Frequência no corpus selecionado; não incidência no universo de provas.
TYPE_COMPARISON,COBRANCA_OR_DISTRACTOR_SEE_BANK_POSITION,FGV_TJPE_2026_Q48,1,Frequência no corpus selecionado; não incidência no universo de provas.
UNSTATED_FACT_DEPENDENCE,COBRANCA_OR_DISTRACTOR_SEE_BANK_POSITION,FGV_ALERJ_2026_Q48,1,Frequência no corpus selecionado; não incidência no universo de provas.
WHOLE_FOR_PART,COBRANCA_OR_DISTRACTOR_SEE_BANK_POSITION,FGV_TJPE_2026_Q48,1,Frequência no corpus selecionado; não incidência no universo de provas.
WRONG_ANALOGY_REFERENCE,COBRANCA_OR_DISTRACTOR_SEE_BANK_POSITION,MPRJ_2026_Q22,1,Frequência no corpus selecionado; não incidência no universo de provas.
WRONG_AUTHOR_THEORY,COBRANCA_OR_DISTRACTOR_SEE_BANK_POSITION,FGV_DPERJ_2026_Q58,1,Frequência no corpus selecionado; não incidência no universo de provas.
WRONG_LABEL,COBRANCA_OR_DISTRACTOR_SEE_BANK_POSITION,FGV_DPERJ_2026_Q56,1,Frequência no corpus selecionado; não incidência no universo de provas.
WRONG_OFFENSE,COBRANCA_OR_DISTRACTOR_SEE_BANK_POSITION,FGV_ALERJ_2026_Q48;MPRJ_2026_Q24,2,Frequência no corpus selecionado; não incidência no universo de provas.
WRONG_TEMPORAL_INSTITUTE,COBRANCA_OR_DISTRACTOR_SEE_BANK_POSITION,FGV_TJPE_2026_Q48,1,Frequência no corpus selecionado; não incidência no universo de provas.
WRONG_TIME_BOUNDARY,COBRANCA_OR_DISTRACTOR_SEE_BANK_POSITION,MPMS_2026_Q15,1,Frequência no corpus selecionado; não incidência no universo de provas.
absolutization,COBRANCA_OR_DISTRACTOR_SEE_BANK_POSITION,FUNDATEC_PCRS_2025_FUNCTIONS,1,Frequência no corpus selecionado; não incidência no universo de provas.
category-error+concrete-danger-absolutization,COBRANCA_OR_DISTRACTOR_SEE_BANK_POSITION,TJPR_2026_Q32,1,Frequência no corpus selecionado; não incidência no universo de provas.
category-shift,COBRANCA_OR_DISTRACTOR_SEE_BANK_POSITION,VUNESP_PCSP_2023_FUNC,1,Frequência no corpus selecionado; não incidência no universo de provas.
conceptual-gibberish+wrong-foundation,COBRANCA_OR_DISTRACTOR_SEE_BANK_POSITION,FGV_PCPI_2026_Q42,1,Frequência no corpus selecionado; não incidência no universo de provas.
contestable-theoretical-inference,COBRANCA_OR_DISTRACTOR_SEE_BANK_POSITION,FGV_PCPI_2026_Q72,1,Frequência no corpus selecionado; não incidência no universo de provas.
contextual-application,COBRANCA_OR_DISTRACTOR_SEE_BANK_POSITION,TJPR_2026_Q32,1,Frequência no corpus selecionado; não incidência no universo de provas.
critical-comparison-of-statutes,COBRANCA_OR_DISTRACTOR_SEE_BANK_POSITION,FGV_PCPI_2026_Q72,1,Frequência no corpus selecionado; não incidência no universo de provas.
critical-reading,COBRANCA_OR_DISTRACTOR_SEE_BANK_POSITION,FGV_DPERJ_2026_Q55,1,Frequência no corpus selecionado; não incidência no universo de provas.
critical-theory-vs-positive-law,COBRANCA_OR_DISTRACTOR_SEE_BANK_POSITION,FGV_PCPI_2026_Q72,1,Frequência no corpus selecionado; não incidência no universo de provas.
direct-concept,COBRANCA_OR_DISTRACTOR_SEE_BANK_POSITION,VUNESP_PCSP_2023_FUNC,1,Frequência no corpus selecionado; não incidência no universo de provas.
discipline-definition,COBRANCA_OR_DISTRACTOR_SEE_BANK_POSITION,FGV_PCSC_2024_TOTAL,1,Frequência no corpus selecionado; não incidência no universo de provas.
discipline-isolation,COBRANCA_OR_DISTRACTOR_SEE_BANK_POSITION,FGV_DPERJ_2026_Q55,1,Frequência no corpus selecionado; não incidência no universo de provas.
doctrinal-attribution-conflict,COBRANCA_OR_DISTRACTOR_SEE_BANK_POSITION,FUNDATEC_PCRS_2025_FUNCTIONS,1,Frequência no corpus selecionado; não incidência no universo de provas.
dogmatic-level-error,COBRANCA_OR_DISTRACTOR_SEE_BANK_POSITION,FGV_PCPI_2026_Q42,1,Frequência no corpus selecionado; não incidência no universo de provas.
effect-for-function,COBRANCA_OR_DISTRACTOR_SEE_BANK_POSITION,VUNESP_PCSP_2023_FUNC,1,Frequência no corpus selecionado; não incidência no universo de provas.
epistemic-discriminator,COBRANCA_OR_DISTRACTOR_SEE_BANK_POSITION,FGV_PCSC_2024_TOTAL,1,Frequência no corpus selecionado; não incidência no universo de provas.
epistemological-inversion,COBRANCA_OR_DISTRACTOR_SEE_BANK_POSITION,FGV_PCSC_2024_TOTAL,1,Frequência no corpus selecionado; não incidência no universo de provas.
formal-vs-material+social-acceptance,COBRANCA_OR_DISTRACTOR_SEE_BANK_POSITION,TJPR_2026_Q32,1,Frequência no corpus selecionado; não incidência no universo de provas.
four-vector-application,COBRANCA_OR_DISTRACTOR_SEE_BANK_POSITION,FGV_PCPI_2026_Q42,1,Frequência no corpus selecionado; não incidência no universo de provas.
fragmentarity-vs-subsidiarity,COBRANCA_OR_DISTRACTOR_SEE_BANK_POSITION,TJPR_2026_Q32,1,Frequência no corpus selecionado; não incidência no universo de provas.
functionalism-overclaim,COBRANCA_OR_DISTRACTOR_SEE_BANK_POSITION,FGV_DPERJ_2026_Q55,1,Frequência no corpus selecionado; não incidência no universo de provas.
historical-comparison,COBRANCA_OR_DISTRACTOR_SEE_BANK_POSITION,FGV_PCPI_2026_Q71,1,Frequência no corpus selecionado; não incidência no universo de provas.
historical-context,COBRANCA_OR_DISTRACTOR_SEE_BANK_POSITION,FGV_PCPI_2026_Q71,1,Frequência no corpus selecionado; não incidência no universo de provas.
historical-doctrine,COBRANCA_OR_DISTRACTOR_SEE_BANK_POSITION,FGV_PCPI_2026_Q71,1,Frequência no corpus selecionado; não incidência no universo de provas.
historical-link-to-principle,COBRANCA_OR_DISTRACTOR_SEE_BANK_POSITION,FGV_PCPI_2026_Q71,1,Frequência no corpus selecionado; não incidência no universo de provas.
ideological-inversion,COBRANCA_OR_DISTRACTOR_SEE_BANK_POSITION,FGV_DPERJ_2026_Q55,1,Frequência no corpus selecionado; não incidência no universo de provas.
integration,COBRANCA_OR_DISTRACTOR_SEE_BANK_POSITION,FGV_PCSC_2024_TOTAL,1,Frequência no corpus selecionado; não incidência no universo de provas.
literal-legality-overreach,COBRANCA_OR_DISTRACTOR_SEE_BANK_POSITION,FGV_PCPI_2026_Q42,1,Frequência no corpus selecionado; não incidência no universo de provas.
near-concept,COBRANCA_OR_DISTRACTOR_SEE_BANK_POSITION,FUNDATEC_PCRS_2025_FUNCTIONS,1,Frequência no corpus selecionado; não incidência no universo de provas.
overbroad-social-function,COBRANCA_OR_DISTRACTOR_SEE_BANK_POSITION,VUNESP_PCSP_2023_FUNC,1,Frequência no corpus selecionado; não incidência no universo de provas.
overgeneralization,COBRANCA_OR_DISTRACTOR_SEE_BANK_POSITION,VUNESP_PCSP_2023_FUNC,1,Frequência no corpus selecionado; não incidência no universo de provas.
overstatement-of-retribution,COBRANCA_OR_DISTRACTOR_SEE_BANK_POSITION,FGV_PCPI_2026_Q71,1,Frequência no corpus selecionado; não incidência no universo de provas.
paradigm-misapplication,COBRANCA_OR_DISTRACTOR_SEE_BANK_POSITION,FGV_DPERJ_2026_Q55,1,Frequência no corpus selecionado; não incidência no universo de provas.
postfactum-to-material-typicity,COBRANCA_OR_DISTRACTOR_SEE_BANK_POSITION,TJPR_2026_Q32,1,Frequência no corpus selecionado; não incidência no universo de provas.
principle-inversion,COBRANCA_OR_DISTRACTOR_SEE_BANK_POSITION,FGV_PCPI_2026_Q42,1,Frequência no corpus selecionado; não incidência no universo de provas.
