exam_id,phase,document_kind,label,publication_date,url,acquired_source_ids,origin_collection
FGV_PAGE_001,unspecified,NOTICE_NOT_QUESTION,Respostas às impugnações do Edital de Abertura,2026-09-10T12:00:00Z,https://conhecimento.fgv.br/sites/default/files/concursos/sei_9993538_respostas-as-impugnacoes-do-edital-de-abertura.pdf,,official_page_links
FGV_PAGE_001,unspecified,UNCLASSIFIED_LINK,1ª Retificação,2026-09-10T12:00:00Z,https://conhecimento.fgv.br/sites/default/files/concursos/sei_9940985_edital-retificativo.pdf,,official_page_links
FGV_PAGE_001,unspecified,NOTICE_NOT_QUESTION,Edital (retificado em 10/09/2026),2026-08-28T12:00:00Z,https://conhecimento.fgv.br/sites/default/files/concursos/sei_9998416_edital_consolidado.pdf,,official_page_links
FGV_PAGE_001,unspecified,UNCLASSIFIED_LINK,Versão Acessível,2026-08-28T12:00:00Z,http://netstorage.fgv.br/editais/tjrs_edital_r.htm,,official_page_links
FGV_PAGE_002,unspecified,NOTICE_NOT_QUESTION,Edital,2026-08-24T12:00:00Z,https://conhecimento.fgv.br/sites/default/files/concursos/edital-enam-2026_2_fnl.pdf,,official_page_links
FGV_PAGE_003,unspecified,NOTICE_NOT_QUESTION,Edital (retificado em 17/09/2026),2026-08-18T12:00:00Z,https://conhecimento.fgv.br/sites/default/files/concursos/edital-01-de-2026-xvi-concurso-juiz-federal-retificado.pdf,,official_page_links
FGV_PAGE_005,objetiva,NOTICE_NOT_QUESTION,Interposição de recursos contra o Resultado Preliminar da Prova Objetiva,2026-08-05T12:00:00Z,https://portal.conhecimento.fgv.br/Home/Inscricoes,,official_page_links
FGV_PAGE_005,objetiva,NOTICE_NOT_QUESTION,Resultado Preliminar Prova Objetiva - Candidatos Indígenas,2026-09-25T12:00:00Z,https://conhecimento.fgv.br/sites/default/files/concursos/05_dpgerj-resultado-preliminar-prova-objetiva_indigenas.pdf,,official_page_links
FGV_PAGE_005,objetiva,NOTICE_NOT_QUESTION,Resultado Preliminar Prova Objetiva - Candidatos Hipossuficientes,2026-09-25T12:00:00Z,https://conhecimento.fgv.br/sites/default/files/concursos/04_dpgerj-resultado-preliminar-prova-objetiva_hipossuficientes.pdf,,official_page_links
FGV_PAGE_005,objetiva,NOTICE_NOT_QUESTION,Resultado Preliminar Prova Objetiva - Pessoas com Deficiência,2026-09-25T12:00:00Z,https://conhecimento.fgv.br/sites/default/files/concursos/03_dpgerj-resultado-preliminar-prova-objetiva_pessoas_com_deficiencia.pdf,,official_page_links
FGV_PAGE_005,objetiva,NOTICE_NOT_QUESTION,Resultado Preliminar Prova Objetiva - Candidatos negros,2026-09-25T12:00:00Z,https://conhecimento.fgv.br/sites/default/files/concursos/02_dpgerj-resultado-preliminar-prova-objetiva_negros.pdf,,official_page_links
FGV_PAGE_005,objetiva,NOTICE_NOT_QUESTION,Resultado Preliminar Prova Objetiva,2026-09-25T12:00:00Z,https://conhecimento.fgv.br/sites/default/files/concursos/01_dpgerj-resultado-preliminar-prova-objetiva_ampla_r.pdf,,official_page_links
FGV_PAGE_005,objetiva,ANSWER_STANDARD,Gabarito Oficial Definitivo da Prova Objetiva,2026-09-25T12:00:00Z,https://conhecimento.fgv.br/sites/default/files/concursos/gabarito-defintivo-dpe-rj.pdf,FGV_PAGE_005_DOC_23,official_page_links
FGV_PAGE_005,objetiva,ANSWER_STANDARD,Respostas aos recursos contra o Gabarito Oficial Preliminar da Prova Objetiva,2026-09-01T12:00:00Z,https://concursos-recursos.conhecimento.fgv.br/,,official_page_links
FGV_PAGE_005,objetiva,ANSWER_STANDARD,Gabarito Oficial Preliminar da Prova Objetiva,2026-08-31T12:00:00Z,https://conhecimento.fgv.br/sites/default/files/concursos/dperj2026-gabaritos_v2.pdf,,official_page_links
FGV_PAGE_005,objetiva,EXAM_DOCUMENT,Tipo 1,2026-08-31T12:00:00Z,https://conhecimento.fgv.br/sites/default/files/concursos/defensor-publico-do-estado-do-rio-de-janeiro-tipo-1.pdf,FGV_PAGE_005_DOC_27,official_page_links
FGV_PAGE_005,objetiva,EXAM_DOCUMENT,Tipo 2,2026-08-31T12:00:00Z,https://conhecimento.fgv.br/sites/default/files/concursos/defensor-publico-do-estado-do-rio-de-janeiro-tipo-2.pdf,,official_page_links
FGV_PAGE_005,objetiva,EXAM_DOCUMENT,Tipo 3,2026-08-31T12:00:00Z,https://conhecimento.fgv.br/sites/default/files/concursos/defensor-publico-do-estado-do-rio-de-janeiro-tipo-3.pdf,,official_page_links
FGV_PAGE_005,objetiva,EXAM_DOCUMENT,Tipo 4,2026-08-31T12:00:00Z,https://conhecimento.fgv.br/sites/default/files/concursos/defensor-publico-do-estado-do-rio-de-janeiro-tipo-4.pdf,,official_page_links
FGV_PAGE_006,objetiva,ANSWER_STANDARD,Interposição de recursos contra o Gabarito Oficial Preliminar da Prova Objetiva Seletiva,2026-09-30T12:00:00Z,https://concursos-recursos.conhecimento.fgv.br/,,official_page_links
FGV_PAGE_006,objetiva,ANSWER_STANDARD,Gabarito Oficial Preliminar da Prova Objetiva Seletiva,2026-09-29T12:00:00Z,https://conhecimento.fgv.br/sites/default/files/concursos/tjpe-gabaritos-para-publicacao_dda5sa3.pdf,FGV_PAGE_006_DOC_17,official_page_links
FGV_PAGE_006,objetiva,EXAM_DOCUMENT,Tipo 1,2026-09-29T12:00:00Z,https://conhecimento.fgv.br/sites/default/files/concursos/tjpe-jsub-t1.pdf,FGV_PAGE_006_DOC_18,official_page_links
FGV_PAGE_006,objetiva,EXAM_DOCUMENT,Tipo 2,2026-09-29T12:00:00Z,https://conhecimento.fgv.br/sites/default/files/concursos/tjpe-jsub-t2.pdf,,official_page_links
FGV_PAGE_006,objetiva,EXAM_DOCUMENT,Tipo 3,2026-09-29T12:00:00Z,https://conhecimento.fgv.br/sites/default/files/concursos/tjpe-jsub-t3.pdf,,official_page_links
FGV_PAGE_006,objetiva,EXAM_DOCUMENT,Tipo 4,2026-09-29T12:00:00Z,https://conhecimento.fgv.br/sites/default/files/concursos/tjpe-jsub-t4.pdf,,official_page_links
FGV_PAGE_010,discursiva,NOTICE_NOT_QUESTION,Comunicado nº 06/2026 (Local e Horários das Provas Discursivas),2026-08-25T12:00:00Z,https://conhecimento.fgv.br/sites/default/files/concursos/comunicado_n-06_2026_local_horarios_provas_discursivas_assinado.pdf,,official_page_links
FGV_PAGE_010,discursiva,NOTICE_NOT_QUESTION,Convocação para as Provas Discursivas,2026-08-04T12:00:00Z,https://conhecimento.fgv.br/sites/default/files/concursos/mpmt_convocacao_para_as_discursivas_04_08_2026_assinado.pdf,,official_page_links
FGV_PAGE_010,objetiva,NOTICE_NOT_QUESTION,Comunicado nº 05/2026 (Resultado Definitivo da Prova Objetiva),2026-08-04T12:00:00Z,https://conhecimento.fgv.br/sites/default/files/concursos/comunicado_n_05_2026_resultado_definitivo_p_objetiva_04_08_2026_assinado.pdf,,official_page_links
FGV_PAGE_011,unspecified,NOTICE_NOT_QUESTION,Cronograma Previsto,2026-09-01T12:00:00Z,https://conhecimento.fgv.br/sites/default/files/concursos/cronograma-apos-as-provas-discursivas-especializadas.pdf,,official_page_links
FGV_PAGE_011,discursiva,NOTICE_NOT_QUESTION,Interposição de recursos contra o Resultado Preliminar das Provas Discursivas Especializadas,2026-09-09T12:00:00Z,https://recursos-fgvprojetos.fgv.br/inscricao/mprj2026_recurso_dis,,official_page_links
FGV_PAGE_011,discursiva,UNCLASSIFIED_LINK,Notas Preliminares 4 Discursivas Especializadas - Pessoas com Deficiência - Republicação,2026-09-08T12:00:00Z,https://conhecimento.fgv.br/sites/default/files/concursos/08.09-notas-preliminares-4-discursivas-especializadas-pessoas-com-deficiencia-republicacao.pdf,,official_page_links
FGV_PAGE_011,discursiva,UNCLASSIFIED_LINK,Notas Preliminares 4 Discursivas Especializadas - Negros e Indígenas - Republicação,2026-09-08T12:00:00Z,https://conhecimento.fgv.br/sites/default/files/concursos/08.09-notas-preliminares-4-discursivas-especializadas-negros-e-indigenas-republicacao.pdf,,official_page_links
FGV_PAGE_011,discursiva,UNCLASSIFIED_LINK,Notas Preliminares 4 Discursivas Especializadas - Pessoas com Hipossuficiência Financeira - Republicação,2026-09-08T12:00:00Z,https://conhecimento.fgv.br/sites/default/files/concursos/08.09-notas-preliminares-4-discursivas-especializadas-hipossuficientes-republicacao.pdf,,official_page_links
FGV_PAGE_011,discursiva,UNCLASSIFIED_LINK,Notas Preliminares 4 Discursivas Especializadas - Ampla Concorrência - Republicação,2026-09-08T12:00:00Z,https://conhecimento.fgv.br/sites/default/files/concursos/08.09-notas-preliminares-4-discursivas-especializadas-ampla-concorrencia-republicacao.pdf,,official_page_links
FGV_PAGE_011,discursiva,UNCLASSIFIED_LINK,Notas Preliminares 4 Discursivas Especializadas - Pessoas com Deficiência,2026-09-04T12:00:00Z,https://conhecimento.fgv.br/sites/default/files/concursos/04.09-notas-preliminares-4-discursivas-especializadas-pessoas-com-deficiencia-1.pdf,,official_page_links
FGV_PAGE_011,discursiva,UNCLASSIFIED_LINK,Notas Preliminares 4 Discursivas Especializadas - Negros e Indígenas,2026-09-04T12:00:00Z,https://conhecimento.fgv.br/sites/default/files/concursos/04.09-notas-preliminares-4-discursivas-especializadas-negros-e-indigenas-1-1.pdf,,official_page_links
FGV_PAGE_011,discursiva,UNCLASSIFIED_LINK,Notas Preliminares 4 Discursivas Especializadas - Pessoas com Hipossuficiência Financeira,2026-09-04T12:00:00Z,https://conhecimento.fgv.br/sites/default/files/concursos/04.09-notas-preliminares-4-discursivas-especializadas-hipossuficientes-1.pdf,,official_page_links
FGV_PAGE_011,discursiva,UNCLASSIFIED_LINK,Notas Preliminares 4 Discursivas Especializadas - Ampla Concorrência,2026-09-04T12:00:00Z,https://conhecimento.fgv.br/sites/default/files/concursos/04.09-notas-preliminares-4-discursivas-especializadas-ampla-concorrencia-1.pdf,,official_page_links
FGV_PAGE_011,discursiva,ANSWER_STANDARD,Gabarito 4 discursivas especializadas,2026-09-04T12:00:00Z,https://conhecimento.fgv.br/sites/default/files/concursos/gabarito-4-discursivas-especializadas-1.pdf,FGV_PAGE_011_DOC_26,official_page_links
FGV_PAGE_011,unspecified,UNCLASSIFIED_LINK,Relação de candidatos ausentes,2026-08-18T12:00:00Z,https://conhecimento.fgv.br/sites/default/files/concursos/relacao-de-candidatos-ausentes-provas-discursivas-especializadas-15-e-16-de-agosto.pdf,,official_page_links
FGV_PAGE_011,discursiva,EXAM_DOCUMENT,"Caderno de Questões Discursivas - Direito da Infância e Juventude, Tutela Coletiva e Princípios Institucionais do Ministério Público",2026-08-17T12:00:00Z,https://conhecimento.fgv.br/sites/default/files/concursos/mprj-prova-discursiva-caderno-004-1.pdf,,official_page_links
FGV_PAGE_011,oral,EXAM_DOCUMENT,"Caderno de Questões Discursivas - Direito Constitucional, Direito Administrativo, Direito Eleitoral e Direito Financeiro e Tributário",2026-08-17T12:00:00Z,https://conhecimento.fgv.br/sites/default/files/concursos/mprj-prova-discursiva-caderno-003_0.pdf,,official_page_links
FGV_PAGE_011,unspecified,UNCLASSIFIED_LINK,Relação de candidatos ausentes,2026-08-04T12:00:00Z,https://conhecimento.fgv.br/sites/default/files/concursos/relacao-de-candidatos-ausentes-provas-discursivas-especializadas-02-e-03-de-agosto.pdf,,official_page_links
FGV_PAGE_011,discursiva,EXAM_DOCUMENT,"Caderno de Questões Discursivas - Direito Civil, Direito Processual Civil e Direito Empresarial",2026-08-03T12:00:00Z,https://conhecimento.fgv.br/sites/default/files/concursos/mprj-prova-discursiva-caderno-002_0.pdf,,official_page_links
FGV_PAGE_011,discursiva,EXAM_DOCUMENT,"Caderno de Questões Discursivas - Direito Penal, Direito Processual Penal e Legislação Penal Extravagante",2026-08-03T12:00:00Z,https://conhecimento.fgv.br/sites/default/files/concursos/mprj-prova-discursiva-caderno-001.pdf,FGV_PAGE_011_DOC_33,official_page_links
FGV_PAGE_013,unspecified,UNCLASSIFIED_LINK,Relação nominal das pessoas examinandas habilitadas na condição subjudice (atualizado em 31/08/2026),2026-08-26T12:00:00Z,https://conhecimento.fgv.br/sites/default/files/concursos/edital-de-24-de-agosto-de-2026-edital-de-24-de-agosto-de-2026-dou-imprensa-nacional-1.pdf,,official_page_links
FGV_PAGE_014,discursiva,EXAM_DOCUMENT,Prova Escrita Subjetiva,2026-08-19T12:00:00Z,https://conhecimento.fgv.br/sites/default/files/concursos/procurador-do-estado-do-acre-dsc-cns002-tipo-1-1.pdf,FGV_PAGE_014_DOC_17,official_page_links
FGV_PAGE_026,unspecified,UNCLASSIFIED_LINK,5ª Retificação,2026-09-28T12:00:00Z,https://conhecimento.fgv.br/sites/default/files/concursos/edital-5-retificacao-edital-abertura-pcd-28.09.2026_0.pdf,,official_page_links
FGV_PAGE_026,unspecified,UNCLASSIFIED_LINK,4ª Retificação,2026-09-25T12:00:00Z,https://conhecimento.fgv.br/sites/default/files/concursos/4-retificacao-minuta-edital-pgm-cm-procurador-25.09.2026_revisada_0.pdf,,official_page_links
FGV_PAGE_026,oral,NOTICE_NOT_QUESTION,Convocação para a Prova Oral,2026-09-25T12:00:00Z,https://conhecimento.fgv.br/sites/default/files/concursos/pgm-cm-procurador-prova-oral-25-09-2026-revisado_0.pdf,,official_page_links
FGV_PAGE_026,discursiva,NOTICE_NOT_QUESTION,Resultado Definitivo da Prova Escrita Específica,2026-09-25T12:00:00Z,https://conhecimento.fgv.br/sites/default/files/concursos/01_resultado-definitivo-da-prova-escrita-especifica_ampla_0.pdf,,official_page_links
FGV_PAGE_026,discursiva,NOTICE_NOT_QUESTION,Respostas aos recursos contra o Resultado Preliminar da Prova Escrita Específica,2026-09-25T12:00:00Z,https://recursos-fgvprojetos.fgv.br/inscricao/pgmcmprocurador202502_recurso_dis/respostas.cfm ,,official_page_links
FGV_PAGE_026,discursiva,NOTICE_NOT_QUESTION,Interposição de recursos contra o Resultado Preliminar da Prova Escrita Específica,2026-08-25T12:00:00Z,https://recursos-fgvprojetos.fgv.br/inscricao/pgmcmprocurador202502_recurso_dis/,,official_page_links
FGV_PAGE_026,discursiva,NOTICE_NOT_QUESTION,Resultado Preliminar da Prova Escrita Específica,2026-08-24T12:00:00Z,https://conhecimento.fgv.br/sites/default/files/concursos/01_resultado-preliminar-da-prova-escrita-especifica_ampla.pdf,,official_page_links
FGV_PAGE_029,unspecified,NOTICE_NOT_QUESTION,Consulta individual - Resultado Preliminar de Heteroidentificação,2026-09-25T12:00:00Z,https://www50.fgv.br/Diverso/IndeferimentoPadrao.aspx?key=a3X76GJtZRU=&t=P&e=JoSimboloMaIsOZZP2TOM=,,official_page_links
FGV_PAGE_029,oral,NOTICE_NOT_QUESTION,Sorteio do ponto da Prova Oral – 22 de setembro de 2026 (tarde),2026-09-22T12:00:00Z,https://conhecimento.fgv.br/sites/default/files/concursos/sorteio-do-ponto_22.09_tarde.pdf,,official_page_links
FGV_PAGE_029,oral,NOTICE_NOT_QUESTION,Sorteio do ponto da Prova Oral – 22 de setembro de 2026 (manhã),2026-09-22T12:00:00Z,https://conhecimento.fgv.br/sites/default/files/concursos/sorteio-do-ponto_22.09_manha.pdf,,official_page_links
FGV_PAGE_029,oral,NOTICE_NOT_QUESTION,Sorteio do ponto da Prova Oral – 21 de setembro de 2026 (tarde),2026-09-21T12:00:00Z,https://conhecimento.fgv.br/sites/default/files/concursos/sorteio-do-ponto_21.09_tarde.pdf,,official_page_links
FGV_PAGE_029,oral,NOTICE_NOT_QUESTION,Sorteio do ponto da Prova Oral – 21 de setembro de 2026 (manhã),2026-09-21T12:00:00Z,https://conhecimento.fgv.br/sites/default/files/concursos/sorteio-do-ponto_21.09_manha.pdf,,official_page_links
FGV_PAGE_029,oral,UNCLASSIFIED_LINK,Banca examinadora da Prova Oral e da Prova de Tribuna,2026-09-18T12:00:00Z,https://conhecimento.fgv.br/sites/default/files/concursos/banca-examinadora-da-prova-oral-e-da-prova-de-tribuna_0.pdf,,official_page_links
FGV_PAGE_029,oral,NOTICE_NOT_QUESTION,Sorteio da ordem de arguição da Prova Oral e da Prova de Tribuna,2026-09-18T12:00:00Z,https://conhecimento.fgv.br/sites/default/files/concursos/ordem-de-arguicao-da-prova-oral-e-da-prova-de-tribuna.pdf,,official_page_links
FGV_PAGE_029,oral,NOTICE_NOT_QUESTION,Convocação para as Provas Oral e de Tribuna,2026-09-03T12:00:00Z,https://conhecimento.fgv.br/sites/default/files/concursos/convocacao-prova-oral-e-de-tribuna.03.9.pdf,,official_page_links
FGV_PAGE_068,unspecified,NOTICE_NOT_QUESTION,Consulta individual - Resultado Preliminar do Exame de Saúde,2026-09-10T12:00:00Z,https://www50.fgv.br/Diverso/IndeferimentoPadrao.aspx?key=8UfaJCGqHU8=&t=P&e=U3SimboloMaIsrn5FJnLU= ,,official_page_links
FGV_PAGE_068,unspecified,NOTICE_NOT_QUESTION,Consulta individual - Resultado Preliminar da Avaliação Biopsicossocial,2026-09-10T12:00:00Z,https://www50.fgv.br/Diverso/IndeferimentoPadrao.aspx?key=8UfaJCGqHU8=&t=P&e=c/Mh0LfsT8Q=,,official_page_links
FGV_PAGE_068,unspecified,NOTICE_NOT_QUESTION,Edital de convocação para a Avaliação Biopsicossocial,2026-08-11T12:00:00Z,https://conhecimento.fgv.br/sites/default/files/concursos/edital-de-convocacao-avaliacao-biopsicossocial-delegado.pdf,,official_page_links
FGV_PAGE_068,unspecified,NOTICE_NOT_QUESTION,Edital de convocação para o Exame de Saúde Presencial,2026-08-11T12:00:00Z,https://conhecimento.fgv.br/sites/default/files/concursos/edital-de-convocacao-exame-de-saude-delegado_0.pdf,,official_page_links
FGV_PAGE_068,unspecified,NOTICE_NOT_QUESTION,Consulta individual - Resultado Preliminar da Avaliação Psicológica,2026-08-06T12:00:00Z,https://www50.fgv.br/Diverso/IndeferimentoPadrao.aspx?key=8UfaJCGqHU8=&t=P&e=SimboloMaIsV8Xa3pqrNo=,,official_page_links
FGV_PAGE_069,unspecified,NOTICE_NOT_QUESTION,COMUNICADO,2026-09-16T12:00:00Z,https://conhecimento.fgv.br/sites/default/files/concursos/comunicado-convocacao-prova-dissertativa-daniela-da-silva-luzia-vieira-e-rodrigo-lacerda-de-assis-delegado-2024.pdf,,official_page_links
FGV_PAGE_071,discursiva,NOTICE_NOT_QUESTION,Edital nº 048/2025 – Resultado definitivo das provas escritas práticas de sentença e convocação para a Terceira Etapa (candidato sub judice),2026-09-25T12:00:00Z,https://conhecimento.fgv.br/sites/default/files/concursos/edital-no-048-2025.pdf,,official_page_links
FGV_PAGE_071,unspecified,NOTICE_NOT_QUESTION,Edital nº 047/2025 - Retificação do item 2 do Anexo IV do Edital nº 046/2025,2026-09-15T12:00:00Z,https://conhecimento.fgv.br/sites/default/files/concursos/sei_13511968_edital_13953-1.pdf,,official_page_links
FGV_PAGE_071,unspecified,NOTICE_NOT_QUESTION,"Envio de documentação para a Inscrição Definitiva, Avaliação de Títulos e documentação para comprovação da função de jurado",2026-09-15T12:00:00Z,http://www50.fgv.br/Diverso/RecebimentoDocumento.aspx?key=H0ipPjTUd6E=&e=G/4JUtJaSimboloMaIsr0=,,official_page_links
FGV_PAGE_071,discursiva,NOTICE_NOT_QUESTION,Consulta individual - Resultado definitivo das provas escritas práticas de sentença,2026-09-14T12:00:00Z,http://www50.fgv.br/ResultadoDiscursivaNovo.aspx?key=H0ipPjTUd6E=&tipo=eKVk/cjTSimboloMaIsfmBf6FJlh6Uqw== ,,official_page_links
FGV_PAGE_071,discursiva,NOTICE_NOT_QUESTION,EDITAL Nº 046/2025 - Resultado definitivo das provas escritas práticas de sentença e convocação para a Terceira Etapa,2026-09-14T12:00:00Z,https://conhecimento.fgv.br/sites/default/files/concursos/edital-no-046_2025.pdf,,official_page_links
FGV_PAGE_071,discursiva,NOTICE_NOT_QUESTION,Resposta aos recursos contra o Resultado definitivo das provas escritas práticas de sentença,2026-09-14T12:00:00Z,https://recursos-fgvprojetos.fgv.br/inscricao/tjprjuizsent2025_recurso_dis/respostas.cfm,,official_page_links
FGV_PAGE_071,unspecified,NOTICE_NOT_QUESTION,Edital com as designações das Comissões de Heteroidentificação e Multiprofissional e esclarecimentos referentes à terceira etapa,2026-09-03T12:00:00Z,https://conhecimento.fgv.br/sites/default/files/concursos/tjpr-designacoes-das-comissoes-de-heteroidentificacao-e-multiprofissional-e-esclarecimentos-referentes-a-terceira-etapa.pdf,,official_page_links
FGV_PAGE_071,discursiva,NOTICE_NOT_QUESTION,Convocação para a Sessão Pública de Julgamento dos Recursos Interpostos Contra o Resultado Preliminar nas Provas de Sentenças,2026-09-03T12:00:00Z,https://conhecimento.fgv.br/sites/default/files/concursos/sei_13468003_edital_13800.pdf,,official_page_links
FGV_PAGE_071,discursiva,NOTICE_NOT_QUESTION,Interposição de recursos contra o Resultado Preliminar da Prova Prática de Sentenças (candidatos sub judice),2026-09-03T12:00:00Z,https://recursos-fgvprojetos.fgv.br/inscricao/tjprjuizsent2025_recurso_dis/ ,,official_page_links
FGV_PAGE_071,discursiva,NOTICE_NOT_QUESTION,Vista de Prova - Resultado Preliminar nas Provas de Sentenças (candidatos sub judice),2026-09-01T12:00:00Z,https://www50.fgv.br/ResultadoDiscursivaNovo.aspx?key=H0ipPjTUd6E=&tipo=Ze1lTCcwwKWf4sP5hckQDQ== ,,official_page_links
FGV_PAGE_071,discursiva,NOTICE_NOT_QUESTION,EDITAL Nº 43/2025 - Inclusão de candidatos sub judice no Resultado Preliminar nas Provas de Sentenças,2026-08-31T12:00:00Z,https://conhecimento.fgv.br/sites/default/files/concursos/sei_13461239_edital_13767.pdf,,official_page_links
FGV_PAGE_071,discursiva,NOTICE_NOT_QUESTION,Interposição de recursos contra o Resultado Preliminar da Prova Prática de Sentenças,2026-08-27T12:00:00Z,https://recursos-fgvprojetos.fgv.br/inscricao/tjprjuizsent2025_recurso_dis/,,official_page_links
FGV_PAGE_071,discursiva,NOTICE_NOT_QUESTION,EDITAL Nº 42/2025 - Inclusão de candidatos sub judice no Resultado Definitivo da Prova Escrita Discursiva,2026-08-26T12:00:00Z,https://conhecimento.fgv.br/sites/default/files/concursos/sei_13442654_edital_13709-1.pdf,,official_page_links
FGV_PAGE_071,discursiva,NOTICE_NOT_QUESTION,Vista de Prova - Resultado Preliminar nas Provas de Sentenças,2026-08-25T12:00:00Z,http://www50.fgv.br/ResultadoDiscursivaNovo.aspx?key=H0ipPjTUd6E=&tipo=Ze1lTCcwwKWf4sP5hckQDQ==,,official_page_links
FGV_PAGE_071,discursiva,NOTICE_NOT_QUESTION,Resultado Preliminar nas Provas de Sentenças,2026-08-24T12:00:00Z,https://conhecimento.fgv.br/sites/default/files/concursos/sei_13425347_edital_13631-1.pdf,,official_page_links
FGV_PAGE_071,discursiva,NOTICE_NOT_QUESTION,Convocação para a sessão pública de identificação das provas e divulgação das notas obtidas nas provas de sentenças,2026-08-14T12:00:00Z,https://conhecimento.fgv.br/sites/default/files/concursos/sei_13397399_edital_13550-2-2.pdf,,official_page_links
FGV_PAGE_071,discursiva,NOTICE_NOT_QUESTION,EDITAL Nº 39/2025 - Inclusão de candidatos sub judice no Resultado Definitivo da Prova Escrita Discursiva,2026-08-14T12:00:00Z,https://conhecimento.fgv.br/sites/default/files/concursos/sei_13392186_edital_13527-1.pdf,,official_page_links
FGV_PAGE_071,discursiva,NOTICE_NOT_QUESTION,Retificação do Resultado Definitivo da Prova Discursiva,2026-08-12T12:00:00Z,https://conhecimento.fgv.br/sites/default/files/concursos/sei_13378509_edital_13481-2.pdf,,official_page_links
FGV_PAGE_071,discursiva,NOTICE_NOT_QUESTION,Consulta individual - Resultado Definitivo da Prova Escrita Discursiva,2026-08-04T12:00:00Z,https://www50.fgv.br/ResultadoDiscursivaNovo.aspx?key=H0ipPjTUd6E=&tipo=hWFe4vY/lKaRuOOJY11ySg==,,official_page_links
FGV_PAGE_071,discursiva,NOTICE_NOT_QUESTION,Resultado Definitivo da Prova Escrita Discursiva,2026-08-04T12:00:00Z,https://conhecimento.fgv.br/sites/default/files/concursos/sei_13339701_edital_13327-1.pdf,,official_page_links
FGV_PAGE_071,discursiva,NOTICE_NOT_QUESTION,Respostas aos recursos contra o Resultado da Prova Discursiva,2026-08-04T12:00:00Z,https://recursos-fgvprojetos.fgv.br/inscricao/tjpr2025_recurso_dis/respostas.cfm,,official_page_links
FGV_PAGE_072,discursiva,UNCLASSIFIED_LINK,Sessão Pública para Identificação das Provas e Divulgação das Notas da Primeira Prova da 2ª Etapa - Prova Escrita Discursiva,2026-09-24T12:00:00Z,https://conhecimento.fgv.br/sites/default/files/concursos/edital-de-convocacao-sessao-de-reidentificacao-discursiva-tjba_.pdf,,official_page_links
FGV_PAGE_072,discursiva,EXAM_DOCUMENT,Prova Discursiva,2026-08-05T12:00:00Z,https://conhecimento.fgv.br/sites/default/files/concursos/tjba-2026-juiz-substituto-discursiva_0.pdf,,official_page_links
FGV_PAGE_072,discursiva,UNCLASSIFIED_LINK,Prova Prática De Sentença Cível,2026-08-05T12:00:00Z,https://conhecimento.fgv.br/sites/default/files/concursos/tjba-2026-juiz-substituto-sentenca-civel_0.pdf,,official_page_links
FGV_PAGE_072,discursiva,UNCLASSIFIED_LINK,Prova Prática de Sentença Criminal,2026-08-05T12:00:00Z,https://conhecimento.fgv.br/sites/default/files/concursos/tjba-2026-juiz-substituto-sentenca-criminal_0.pdf,,official_page_links
FGV_PAGE_073,unspecified,NOTICE_NOT_QUESTION,EDITAL Nº 13/2026 – De cumprimento de decisão judicial e convocacão para a Inscrição Definitiva (candidatos sub judice),2026-09-16T12:00:00Z,https://conhecimento.fgv.br/sites/default/files/concursos/publ-ed-13-26-sub-judice.pdf,,official_page_links
FGV_PAGE_073,discursiva,NOTICE_NOT_QUESTION,"EDITAL Nº 12/2026 – De Divulgação do Julgamento dos Recursos, do Resultado Definitivo das Provas de Sentenças e da Convocação para a Inscrição Definitiva",2026-08-17T12:00:00Z,https://conhecimento.fgv.br/sites/default/files/concursos/edital-12.2026-da-divulgacao-do-julgamento-dos-recursos-do-resultado-definitivo-das-provas-de-sentencas-e-da-convocacao-para.pdf,,official_page_links
FGV_PAGE_073,discursiva,NOTICE_NOT_QUESTION,Respostas aos recursos contra o Resultado Preliminar das Provas de Sentenças,2026-08-17T12:00:00Z,https://recursos-fgvprojetos.fgv.br/inscricao/tjmsjuizsent2025_recurso_dis/respostas.cfm ,,official_page_links
FGV_PAGE_073,discursiva,NOTICE_NOT_QUESTION,EDITAL Nº 11/2026 – da convocação para sessão pública de divulgação do resultado de julgamento dos recursos interpostos contra as notas das Provas de Sentenças,2026-08-05T12:00:00Z,https://conhecimento.fgv.br/sites/default/files/concursos/edital-11.2026-convocacao-para-sessao-publica-dos-recursos-contra-provas-de-sentencas.pdf,,official_page_links
FGV_PAGE_075,oral,NOTICE_NOT_QUESTION,Convocação para a Prova Oral,2026-09-21T12:00:00Z,https://conhecimento.fgv.br/sites/default/files/concursos/trf1-convocacao-prova-oral.pdf,,official_page_links
FGV_PAGE_075,oral,NOTICE_NOT_QUESTION,Edital de deferimento das Inscrições Definitivas e convocação para sorteio dos grupos para a Prova Oral,2026-09-16T12:00:00Z,https://conhecimento.fgv.br/sites/default/files/concursos/edital-de-deferimento-das-inscricoes-definitivas-e-convocacao-para-sorteio-dos-grupos-para-a-prova-oral.pdf,,official_page_links
FGV_PAGE_075,unspecified,NOTICE_NOT_QUESTION,Relação dos candidatos que obtiveram Inscrição Definitiva,2026-09-03T12:00:00Z,https://conhecimento.fgv.br/sites/default/files/concursos/edital-de-2-de-setembro-de-2026-edital-de-2-de-setembro-de-2026-dou-imprensa-nacional.pdf,,official_page_links
FGV_PAGE_075,unspecified,NOTICE_NOT_QUESTION,Convocação para avaliação da Comissão Multiprofissional,2026-08-13T12:00:00Z,https://conhecimento.fgv.br/sites/default/files/concursos/edital-de-convocacao-comissao-multiprofissional.pdf,,official_page_links
FGV_PAGE_075,unspecified,NOTICE_NOT_QUESTION,Edital de Convocação para a Heteroidentificação dos Candidatos Negros,2026-08-10T12:00:00Z,https://conhecimento.fgv.br/sites/default/files/concursos/trf1-juiz-convocacao-para-heteroidentificacao.pdf,,official_page_links
FGV_PAGE_080,oral,NOTICE_NOT_QUESTION,Resultado Definitivo da Prova Oral,2026-08-07T12:00:00Z,https://conhecimento.fgv.br/sites/default/files/concursos/424-alerj-procurador_resultado-definitivo-prova-oral-2026-08-05.pdf,,official_page_links
FGV_PAGE_080,oral,NOTICE_NOT_QUESTION,Respostas aos recursos contra o Resultado Preliminar da Prova Oral,2026-08-07T12:00:00Z,http://www50.fgv.br/RespostaRecursoCPF.aspx?key=OFp02yPsaXM=&t=13,,official_page_links
CEB_PC_CE_25_DELEGADO,unspecified,NOTICE_NOT_QUESTION,Comunicado – Retificação dos subitens 2.1 e 2.13.2 constantes do Comunicado de convocação para a avaliação de verificação de aprendizagem do curso de formação e treinamento,2026-09-22T09:10:00,https://cdn.cebraspe.org.br/concursos/PC_CE_25_DELEGADO/arquivos/343D1F1304A0FEAC5B64A11CB922A40798F511391200EF8D54813AB5E1588A09.pdf,,arquivosEdital
CEB_PC_CE_25_DELEGADO,unspecified,NOTICE_NOT_QUESTION,Comunicado – Convocação para a avaliação de verificação de aprendizagem do curso de formação e treinamento,2026-09-18T19:15:00,https://cdn.cebraspe.org.br/concursos/PC_CE_25_DELEGADO/arquivos/9E3D759F1A7860DEC1CAE0491FEB7B0DBE6A58B4B00E3CDCFA58AE77DAFB5C99.pdf,,arquivosEdital
CEB_PC_CE_25_DELEGADO,unspecified,NOTICE_NOT_QUESTION,Edital nº 31 – Inclusão de candidatos sub judice no resultado final na investigação social e a retificação do novo resultado final consolidado com as decisões judiciais,2026-08-05T14:00:00,https://cdn.cebraspe.org.br/concursos/PC_CE_25_DELEGADO/arquivos/E1A7C6345E78150D1E1327DB339F572CD0D1FA185A4170DB4D77DB9739926969.pdf,,arquivosEdital
CEB_PC_DF_26_DELEGADO,discursiva,ANSWER_STANDARD,PADRÃO DEFINITIVO DE RESPOSTAS – PROVA DISCURSIVA,2026-09-02T10:00:00,https://cdn.cebraspe.org.br/concursos/PC_DF_26_DELEGADO/arquivos/36640AF4FE123A064E3020F97373A4101716B94F99325C64E8C9F57AACA99B7E.pdf,CEB_PC_DF_26_DELEGADO_DOC_0,arquivosGabarito
CEB_PC_DF_26_DELEGADO,objetiva,ANSWER_STANDARD,GABARITO DEFINITIVO – PROVA OBJETIVA (P1),2026-08-10T14:32:00,https://cdn.cebraspe.org.br/concursos/PC_DF_26_DELEGADO/arquivos/793E15AB2B5B357F2DD614A0ACAEE093B9DFE97618931164855D005CDFF89841.pdf,CEB_PC_DF_26_DELEGADO_DOC_1,arquivosGabarito
CEB_PC_DF_26_DELEGADO,oral,NOTICE_NOT_QUESTION,Edital nº 11 – Resultado final nas provas discursivas e a convocação para a prova oral - em VLibras,2026-09-30T10:00:01,https://cdn.cebraspe.org.br/concursos/PC_DF_26_DELEGADO/arquivos/3E7FED8CD42D1620E4AAC5A9B186D643E053090CF15B787E9878AFD34D0BC01F.html,CEB_PCDF_LATEST_0,arquivosEdital
CEB_PC_DF_26_DELEGADO,oral,NOTICE_NOT_QUESTION,Edital nº 11 – Resultado final nas provas discursivas e a convocação para a prova oral,2026-09-30T10:00:00,https://cdn.cebraspe.org.br/concursos/PC_DF_26_DELEGADO/arquivos/09F419C7A24A4DD0DF23935C39398B806278F0420B5C45531DCEF3A957D90770.pdf,CEB_PCDF_LATEST_1,arquivosEdital
CEB_PC_DF_26_DELEGADO,unspecified,NOTICE_NOT_QUESTION,"Edital nº 10 – TORNAR SEM EFEITO o Edital nº 9 – PCDF, de 1º de setembro de 2026, publicado no Diário Oficial do Distrito Federal nº 180, de 28 de setembro de 2026 - em VLibras",2026-09-29T10:00:01,https://cdn.cebraspe.org.br/concursos/PC_DF_26_DELEGADO/arquivos/3B102898573C4C9FED3D8215DA39AFAB6AA51F1A8133D4FCE9AE7E9743BA9C14.html,CEB_PCDF_LATEST_2,arquivosEdital
CEB_PC_DF_26_DELEGADO,unspecified,NOTICE_NOT_QUESTION,"Edital nº 10 – TORNAR SEM EFEITO o Edital nº 9 – PCDF, de 1º de setembro de 2026, publicado no Diário Oficial do Distrito Federal nº 180, de 28 de setembro de 2026",2026-09-29T10:00:00,https://cdn.cebraspe.org.br/concursos/PC_DF_26_DELEGADO/arquivos/EAA70780571B2752141B33187F99E77B07016BCEFF1CA16DE283452EDDAD4726.pdf,CEB_PCDF_LATEST_3,arquivosEdital
CEB_PC_DF_26_DELEGADO,discursiva,NOTICE_NOT_QUESTION,Edital nº 9 – Resultado final na prova objetiva e o resultado provisório nas provas discursivas - em VLibras,2026-09-02T10:00:01,https://cdn.cebraspe.org.br/concursos/PC_DF_26_DELEGADO/arquivos/09ECE2B7B91610A39A2EC3FAACF319D4D9241509786A41A6F9C444F8C1F718CC.html,CEB_PCDF_LATEST_4,arquivosEdital
CEB_PC_DF_26_DELEGADO,discursiva,NOTICE_NOT_QUESTION,Edital nº 9 – Resultado final na prova objetiva e o resultado provisório nas provas discursivas,2026-09-02T10:00:00,https://cdn.cebraspe.org.br/concursos/PC_DF_26_DELEGADO/arquivos/E6B1ED8CDDAE4765BBA952FEA279EFA2D70F62509B884B660B0CF0616CEA1CFD.pdf,CEB_PCDF_LATEST_5,arquivosEdital
CEB_PC_DF_26_DELEGADO,unspecified,ANSWER_STANDARD,Justificativas de alterações de gabarito,2026-08-19T10:59:00,https://cdn.cebraspe.org.br/concursos/PC_DF_26_DELEGADO/arquivos/39281FC17CDE9588169EE26C7606E777F1001F45AE945714EC2B838675792522.pdf,,arquivosEdital
CEB_PC_DF_26_DELEGADO,objetiva,NOTICE_NOT_QUESTION,Edital nº 8 – Resultado provisório na prova objetiva - em VLibras,2026-08-10T11:36:00,https://cdn.cebraspe.org.br/concursos/PC_DF_26_DELEGADO/arquivos/E2EEE0FE9F209355E401FEC6676886FD452B4A59BAD23ED27A10ED1217A7B419.html,,arquivosEdital
CEB_PC_DF_26_DELEGADO,objetiva,NOTICE_NOT_QUESTION,Edital nº 8 – Resultado provisório na prova objetiva,2026-08-10T11:35:00,https://cdn.cebraspe.org.br/concursos/PC_DF_26_DELEGADO/arquivos/01A62159FF1FB642F142E9AC231E7A797FDBF464362D2B6C6F90A29F3B2C9CDC.pdf,,arquivosEdital
CEB_PC_ES_22_DELEGADO,unspecified,NOTICE_NOT_QUESTION,"Edital nº 45 - Relação dos candidatos com a matrícula homologada no curso de formação profissional (Terceira Turma), referente à 5ª, 6ª, 7ª e 8ª chamadas - VLibras",2026-09-15T10:00:01,https://cdn.cebraspe.org.br/concursos/PC_ES_22_DELEGADO/arquivos/26AE0E5345990B8034280ED98D9ECFF86B00E69A62B9BDE4B6C428108100733B.html,,arquivosEdital
CEB_PC_ES_22_DELEGADO,unspecified,NOTICE_NOT_QUESTION,"Edital nº 45 - Relação dos candidatos com a matrícula homologada no curso de formação profissional (Terceira Turma), referente à 5ª, 6ª, 7ª e 8ª chamadas",2026-09-15T10:00:00,https://cdn.cebraspe.org.br/concursos/PC_ES_22_DELEGADO/arquivos/65F81DC51E777F33DEEA29106ABC30803B1B181BDB498DB8671861776F33383A.pdf,,arquivosEdital
CEB_PC_ES_22_DELEGADO,unspecified,NOTICE_NOT_QUESTION,"Edital nº 44 - Informações de convocação, em oitava chamada, para a matrícula e para o início do curso de formação profissional - Vlibras",2026-09-09T09:30:01,https://cdn.cebraspe.org.br/concursos/PC_ES_22_DELEGADO/arquivos/06120AE8F10AECEEC8B06B103F791A7CA4DBCDAF87217F74A4C53719B0AD7096.html,,arquivosEdital
CEB_PC_ES_22_DELEGADO,unspecified,NOTICE_NOT_QUESTION,"Edital nº 44 - Informações de convocação, em oitava chamada, para a matrícula e para o início do curso de formação profissional",2026-09-09T09:30:00,https://cdn.cebraspe.org.br/concursos/PC_ES_22_DELEGADO/arquivos/C1D008CAAE52E1319F2154632A24A3DD28C5BB8213896971D074573E44F5A52D.pdf,,arquivosEdital
CEB_PC_ES_22_DELEGADO,unspecified,NOTICE_NOT_QUESTION,"Edital nº 43 - Informações de convocação, em sétima chamada, para a matrícula e para o início do curso de formação profissional - Vlibras",2026-09-01T10:00:01,https://cdn.cebraspe.org.br/concursos/PC_ES_22_DELEGADO/arquivos/BB1AB172D1CAC0D0036F6FAE9DAAC8C7AB680F3EB84429F122434ADD45E61A5F.html,,arquivosEdital
CEB_PC_ES_22_DELEGADO,unspecified,NOTICE_NOT_QUESTION,"Edital nº 43 - Informações de convocação, em sétima chamada, para a matrícula e para o início do curso de formação profissional",2026-09-01T10:00:00,https://cdn.cebraspe.org.br/concursos/PC_ES_22_DELEGADO/arquivos/963C0787E6B09DFD7F2F81BACDF4C6C5BCB7494EA23A912951D65CA6323F927C.pdf,,arquivosEdital
CEB_PC_ES_22_DELEGADO,unspecified,NOTICE_NOT_QUESTION,"Edital nº 42 - Informações de convocação, em sexta chamada, para a matrícula e para o início do curso de formação profissional - VLibras",2026-08-25T10:45:01,https://cdn.cebraspe.org.br/concursos/PC_ES_22_DELEGADO/arquivos/7DF499417FC97D856950884A863B42EF04DA570312BB65AEBC89A481E69564CA.html,,arquivosEdital
CEB_PC_ES_22_DELEGADO,unspecified,NOTICE_NOT_QUESTION,"Edital nº 42 - Informações de convocação, em sexta chamada, para a matrícula e para o início do curso de formação profissional",2026-08-25T10:45:00,https://cdn.cebraspe.org.br/concursos/PC_ES_22_DELEGADO/arquivos/4E7C76DD2C0CD6D63CC5852D3095EC986ADAEEADAC5D4E9A19AB17A7924CA1D2.pdf,,arquivosEdital
CEB_PC_ES_22_DELEGADO,unspecified,NOTICE_NOT_QUESTION,"Edital nº 41 – Relação dos candidatos com a matrícula homologada no curso de formação profissional (Terceira Turma), até a 4ª chamada - VLibras",2026-08-21T09:01:01,https://cdn.cebraspe.org.br/concursos/PC_ES_22_DELEGADO/arquivos/86E83D9ACE3C87DDB0038E20D7EDBABFDBEECE5AA631468C5087FC1DFA19BCB3.html,,arquivosEdital
CEB_PC_ES_22_DELEGADO,unspecified,NOTICE_NOT_QUESTION,"Edital nº 41 – Relação dos candidatos com a matrícula homologada no curso de formação profissional (Terceira Turma), até a 4ª chamada",2026-08-21T09:01:00,https://cdn.cebraspe.org.br/concursos/PC_ES_22_DELEGADO/arquivos/30D133129E2CB581E34249A0A4F672B5823AD3ABCD06C1C4DD67F49A588070D9.pdf,,arquivosEdital
CEB_PC_ES_22_DELEGADO,unspecified,NOTICE_NOT_QUESTION,"Curso de Formação Profissional, cronograma de aulas",2026-08-21T09:00:00,https://cdn.cebraspe.org.br/concursos/PC_ES_22_DELEGADO/arquivos/88BF67642DA91D8CA6219E770AE994E4A783EB82277E618E711454DA14E261CE.pdf,,arquivosEdital
CEB_PC_ES_22_DELEGADO,unspecified,NOTICE_NOT_QUESTION,"Edital nº 40 – Informações de convocação, em quinta chamada, para a matrícula e para o início do curso de formação profissional - VLibras",2026-08-20T09:30:01,https://cdn.cebraspe.org.br/concursos/PC_ES_22_DELEGADO/arquivos/47E99D6BF723551EFF38CE06F6314DF9C27268D43C0DE427AEC363E62213B147.html,,arquivosEdital
CEB_PC_ES_22_DELEGADO,unspecified,NOTICE_NOT_QUESTION,"Edital nº 40 – Informações de convocação, em quinta chamada, para a matrícula e para o início do curso de formação profissional",2026-08-20T09:30:00,https://cdn.cebraspe.org.br/concursos/PC_ES_22_DELEGADO/arquivos/BDD367A45AD3B12DCCB21BB8F839312D9FCB75A6C1A184F9D430D245E80C2544.pdf,,arquivosEdital
CEB_PC_ES_22_DELEGADO,unspecified,NOTICE_NOT_QUESTION,"Edital nº 39 – Exclusão de candidata da condição sub judice, passando a figurar como regular no resultado final até a sexta etapa do concurso público – VLibras.",2026-08-18T09:58:00,https://cdn.cebraspe.org.br/concursos/PC_ES_22_DELEGADO/arquivos/F20E16F65FEFE06DA5CD9124395556B0AF85091DE0D37376274CF1546A5BBB7D.html,,arquivosEdital
CEB_PC_ES_22_DELEGADO,unspecified,NOTICE_NOT_QUESTION,"Edital nº 39 – Exclusão de candidata da condição sub judice, passando a figurar como regular no resultado final até a sexta etapa do concurso público.",2026-08-18T09:55:00,https://cdn.cebraspe.org.br/concursos/PC_ES_22_DELEGADO/arquivos/1804AEF4BDAF00FF9BD8CDDCBF6D9151E6CB80EADE45350D1956D927537ABE11.pdf,,arquivosEdital
CEB_PC_ES_22_DELEGADO,unspecified,NOTICE_NOT_QUESTION,"Edital nº 38 – Informações de convocação, em quarta chamada, para a matrícula e para o início do curso de formação profissional - VLibras",2026-08-14T09:10:00,https://cdn.cebraspe.org.br/concursos/PC_ES_22_DELEGADO/arquivos/2E2F01E2E15037F8D69CABCB57F585F48D1B38FD5313DB001625BF2AB99BA00D.html,,arquivosEdital
CEB_PC_ES_22_DELEGADO,unspecified,NOTICE_NOT_QUESTION,"Edital nº 38 – Informações de convocação, em quarta chamada, para a matrícula e para o início do curso de formação profissional",2026-08-14T09:10:00,https://cdn.cebraspe.org.br/concursos/PC_ES_22_DELEGADO/arquivos/1E45397B7FCE6408F928C5C53FA0203767DD462F3AF3BC60D5796EE720CD83F9.pdf,,arquivosEdital
CEB_PC_ES_22_DELEGADO,unspecified,NOTICE_NOT_QUESTION,"Edital nº 37 - Informações de convocação, em terceira chamada, para a matrícula e para o início do curso de formação profissional - VLibras",2026-08-06T09:10:01,https://cdn.cebraspe.org.br/concursos/PC_ES_22_DELEGADO/arquivos/47E1B61B3BD79D85CE25C59683B3C44C3FAFC08F26184B26DD9601F23C07EDF0.html,,arquivosEdital
CEB_PC_ES_22_DELEGADO,unspecified,NOTICE_NOT_QUESTION,"Edital nº 37 - Informações de convocação, em terceira chamada, para a matrícula e para o início do curso de formação profissional",2026-08-06T09:10:00,https://cdn.cebraspe.org.br/concursos/PC_ES_22_DELEGADO/arquivos/E96FA09C1F4D6CDFBFC5956594EFC038A2577612C4AEC1E3386172C02D9128F1.pdf,,arquivosEdital
CEB_PC_MA_26_DELEGADO,unspecified,NOTICE_NOT_QUESTION,Relação provisória dos candidatos com a inscrição deferida para concorrer na condição de pessoa com deficiência – VLibras,2026-09-21T10:00:00,https://cdn.cebraspe.org.br/concursos/PC_MA_26_DELEGADO/arquivos/6169056C74E70A37D5C8C649CDED3C8B713AF4A857BE4A00E68DCACB11C8514C.html,,arquivosEdital
CEB_PC_MA_26_DELEGADO,unspecified,NOTICE_NOT_QUESTION,Relação provisória dos candidatos com a inscrição deferida para concorrer na condição de pessoa com deficiência,2026-09-21T10:00:00,https://cdn.cebraspe.org.br/concursos/PC_MA_26_DELEGADO/arquivos/4AB8F5D3AA3DE8B741D6CCA5699F2ED7943EAFE9CAFACAAC380DCD3070F371E1.pdf,,arquivosEdital
CEB_PC_MA_26_DELEGADO,unspecified,NOTICE_NOT_QUESTION,Comunicado – Informações sobre o pagamento de taxas de inscrição – VLibras,2026-08-05T16:10:00,https://cdn.cebraspe.org.br/concursos/PC_MA_26_DELEGADO/arquivos/315CA4DE89F54CA9DAE164A5D5B7523B71CBF5E76CB6C43FAC2FD79E46127045.html,,arquivosEdital
CEB_PC_MA_26_DELEGADO,unspecified,NOTICE_NOT_QUESTION,Comunicado – Informações sobre o pagamento de taxas de inscrição,2026-08-05T16:10:00,https://cdn.cebraspe.org.br/concursos/PC_MA_26_DELEGADO/arquivos/C821FDF30BF829FD0DF5F74AEC5C848D285B47A36B5FD63F6D7B621A76B53710.pdf,,arquivosEdital
CEB_PF_25,unspecified,NOTICE_NOT_QUESTION,"Edital nº 48 - Retificação do caput do Edital nº 45 – PF – Policial, de 1º de setembro de 2026 – VLibras",2026-09-23T18:15:00,https://cdn.cebraspe.org.br/concursos/PF_25/arquivos/D7AF05794B28C9DBAFDF1D46B1B148C94C28864B26BCD9906183BA28CEBBDFF8.html,,arquivosEdital
CEB_PF_25,unspecified,NOTICE_NOT_QUESTION,"Edital nº 48 - Retificação do caput do Edital nº 45 – PF – Policial, de 1º de setembro de 2026",2026-09-23T18:15:00,https://cdn.cebraspe.org.br/concursos/PF_25/arquivos/676C6FE86DDB7AF71388896F5FF6B811A849FF69CB2A575FBE97336B5F6D5E12.pdf,,arquivosEdital
CEB_PF_25,unspecified,NOTICE_NOT_QUESTION,"Edital nº 47 - Formalização da convocação, em quarta chamada, para matrícula no Curso de Formação Profissional – segunda turma, somente para o cargo de Agente de Polícia Federal – VLibras",2026-09-16T15:10:00,https://cdn.cebraspe.org.br/concursos/PF_25/arquivos/A3208AA2D83CD96DAC91E6E3897D581B6754233DCE18CF885AF33FE456D5C509.html,,arquivosEdital
CEB_PF_25,unspecified,NOTICE_NOT_QUESTION,"Edital nº 47 - Formalização da convocação, em quarta chamada, para matrícula no Curso de Formação Profissional – segunda turma, somente para o cargo de Agente de Polícia Federal",2026-09-16T15:10:00,https://cdn.cebraspe.org.br/concursos/PF_25/arquivos/C07506BAAC5F4639DCFF67C3E53B199FCBD0415D401876D4D736ED248DA9FDD5.pdf,,arquivosEdital
CEB_PF_25,unspecified,NOTICE_NOT_QUESTION,"Edital nº 46 - Informações complementares para a avaliação psicológica (segundo momento), somente para o cargo de Agente de Polícia Federal – VLibras",2026-09-08T18:30:01,https://cdn.cebraspe.org.br/concursos/PF_25/arquivos/EBB4ECB2FEF05111D7B5295EDEC1EAAE3C7FC356D2D21EF2FE57D8F9FA2E7AA2.html,,arquivosEdital
CEB_PF_25,unspecified,NOTICE_NOT_QUESTION,"Edital nº 46 - Informações complementares para a avaliação psicológica (segundo momento), somente para o cargo de Agente de Polícia Federal",2026-09-08T18:30:00,https://cdn.cebraspe.org.br/concursos/PF_25/arquivos/8B496F82AA07FB624AA82D88752ADA61D2FAE2137AB727FFADFA8D9C687CD281.pdf,,arquivosEdital
CEB_PF_25,unspecified,NOTICE_NOT_QUESTION,"Edital nº 45 - Homologação do resultado final do concurso público para provimento de vagas nos cargos de Delegado De Polícia Federal, Agente De Polícia Federal, Escrivão De Polícia Federal e Papiloscopista Policial Federal, regido pelo Edital nº 1 – PF – POLICIAL, de 20 de maio de 2025 – VLibras",2026-09-01T17:45:00,https://cdn.cebraspe.org.br/concursos/PF_25/arquivos/30C65E6FF3D7AFB7F621A743F8A965506C3701650DD3D02B57175A8CDD31320D.html,,arquivosEdital
CEB_PF_25,unspecified,NOTICE_NOT_QUESTION,"Edital nº 45 - Homologação do resultado final do concurso público para provimento de vagas nos cargos de Delegado De Polícia Federal, Agente De Polícia Federal, Escrivão De Polícia Federal e Papiloscopista Policial Federal, regido pelo Edital nº 1 – PF – POLICIAL, de 20 de maio de 2025",2026-09-01T17:45:00,https://cdn.cebraspe.org.br/concursos/PF_25/arquivos/2F3403C4C3EB534589D5314F58233D21335450E57D37D98364B754820C92AAD3.pdf,,arquivosEdital
CEB_PF_25,unspecified,UNCLASSIFIED_LINK,PORTARIA DIREN-ANP PF Nº 633,2026-08-31T12:45:01,https://cdn.cebraspe.org.br/concursos/PF_25/arquivos/2B60899B2BA66EBFF58F845CA413209BF96DD8CBDA16129A7A0EE83875B992FA.pdf,,arquivosEdital
CEB_PF_25,unspecified,UNCLASSIFIED_LINK,PORTARIA DIREN-ANP PF Nº 632,2026-08-31T12:45:00,https://cdn.cebraspe.org.br/concursos/PF_25/arquivos/215130F9C3AF9E88170C8D2BA061DFB318915B71A60D947D5FCE45BE97695EBD.pdf,,arquivosEdital
CEB_PF_25,unspecified,UNCLASSIFIED_LINK,PORTARIA DIREN-ANP PF Nº 631,2026-08-31T12:44:00,https://cdn.cebraspe.org.br/concursos/PF_25/arquivos/D2733A2650C691EEE3CC98F68BF95AE068454E2199BB46BA5676A5F921DF9BEC.pdf,,arquivosEdital
CEB_PF_25,unspecified,UNCLASSIFIED_LINK,PORTARIA DIREN-ANP PF Nº 630,2026-08-31T12:43:00,https://cdn.cebraspe.org.br/concursos/PF_25/arquivos/4FAF96137BB5E45C1BCFF5FA486AE037D5F7EF6B7537BD1E1A33DD85F25232D5.pdf,,arquivosEdital
CEB_PF_25,unspecified,NOTICE_NOT_QUESTION,"Edital nº 44 - Convocação, em terceira chamada, para matrícula no Curso de Formação Profissional – segunda turma, somente para o cargo de Agente de Polícia Federal – VLibras",2026-08-28T09:30:00,https://cdn.cebraspe.org.br/concursos/PF_25/arquivos/495B04DE5D2A02E317622E7B9329A4843EC0ECA2888F636B014B808E28DEA371.html,,arquivosEdital
CEB_PF_25,unspecified,NOTICE_NOT_QUESTION,"Edital nº 44 - Convocação, em terceira chamada, para matrícula no Curso de Formação Profissional – segunda turma, somente para o cargo de Agente de Polícia Federal",2026-08-28T09:30:00,https://cdn.cebraspe.org.br/concursos/PF_25/arquivos/ABCC378DC243DF33F95D5D3D042EFCA85E84ED5BAC2CB30B1B31D4FC4042643E.pdf,,arquivosEdital
CEB_PF_25,unspecified,NOTICE_NOT_QUESTION,"Edital nº 43 - Convocação, em segunda chamada, para matrícula no Curso de Formação Profissional – segunda turma, somente para o cargo de Agente de Polícia Federal – VLibras",2026-08-17T18:55:00,https://cdn.cebraspe.org.br/concursos/PF_25/arquivos/0F233AAE4AB702829BDEE8A52FBAA82CE61CAD5449A20C0FB7FAF5E9BD9F4D7A.html,,arquivosEdital
CEB_PF_25,unspecified,NOTICE_NOT_QUESTION,"Edital nº 43 - Convocação, em segunda chamada, para matrícula no Curso de Formação Profissional – segunda turma, somente para o cargo de Agente de Polícia Federal",2026-08-17T18:55:00,https://cdn.cebraspe.org.br/concursos/PF_25/arquivos/6881C09BA6AA385382C32C81E6294746D6314E9D2B0F8D892A56AC250BB23C08.pdf,,arquivosEdital
CEB_PF_25,unspecified,NOTICE_NOT_QUESTION,"Edital nº 42 - Resultado final na avaliação psicológica, exceto para o cargo de Agente de Polícia Federal – VLibras",2026-08-07T09:30:00,https://cdn.cebraspe.org.br/concursos/PF_25/arquivos/592CC0F5F4E4F57B0466934A1EB3807696B237F6BC3C62F5D95EB63C6043A64B.html,,arquivosEdital
CEB_PF_25,unspecified,NOTICE_NOT_QUESTION,"Edital nº 42 - Resultado final na avaliação psicológica, exceto para o cargo de Agente de Polícia Federal",2026-08-07T09:30:00,https://cdn.cebraspe.org.br/concursos/PF_25/arquivos/1E0F81E52D8CA55FFE17F71A63942AE959826ADC24AD0366D07B2027C98D4F3D.pdf,,arquivosEdital
CEB_PF_25,unspecified,NOTICE_NOT_QUESTION,"Edital nº 4 – Convocação de candidatos sub judice para matrícula no CFP e para a atualização da Ficha de Informações Confidenciais – FIC, referentes aos concursos públicos regidos pelo Edital nº 1/2012 – DGP/DPF, de 14 de março de 2012, e suas alterações, e pelo Edital nº 1 – DGP/PF, de 15 de janeiro de 2021 – Vlibras.",2026-08-05T18:01:00,https://cdn.cebraspe.org.br/concursos/PF_25/arquivos/D99987ADFE0C3B1BABD78AEB55D554056FBAA9D25BE3B8B863456A2BA9B9EC22.html,,arquivosEdital
CEB_PF_25,unspecified,NOTICE_NOT_QUESTION,"Edital nº 4 – Convocação de candidatos sub judice para matrícula no CFP e para a atualização da Ficha de Informações Confidenciais – FIC, referentes aos concursos públicos regidos pelo Edital nº 1/2012 – DGP/DPF, de 14 de março de 2012, e suas alterações, e pelo Edital nº 1 – DGP/PF, de 15 de janeiro de 2021.",2026-08-05T18:00:00,https://cdn.cebraspe.org.br/concursos/PF_25/arquivos/3183068855B20D8A63585E5BF28624A662F922E1791FE6948C68763A4713C13C.pdf,,arquivosEdital
CEB_PF_25,unspecified,NOTICE_NOT_QUESTION,"Edital nº 41 - Convocação para matrícula no Curso de Formação Profissional – segunda turma, somente para o cargo de Agente de Polícia Federal – VLibras",2026-08-04T18:53:00,https://cdn.cebraspe.org.br/concursos/PF_25/arquivos/6D7BFF1B2C6E24C7B988C5813DE6AA53839131AF06B9CCAFE5E926C8FBCC973D.html,,arquivosEdital
CEB_PF_25,unspecified,NOTICE_NOT_QUESTION,"Edital nº 41 - Convocação para matrícula no Curso de Formação Profissional – segunda turma, somente para o cargo de Agente de Polícia Federal",2026-08-04T18:53:00,https://cdn.cebraspe.org.br/concursos/PF_25/arquivos/CB693E474CBB358653CF5794E4F2896DDA7FD6504B09CCA072C1DCC9438563F8.pdf,,arquivosEdital
CEB_PGE_AL_26,objetiva,EXAM_DOCUMENT,PROVA OBJETIVA (P1),2026-09-25T11:00:00,https://cdn.cebraspe.org.br/concursos/PGE_AL_26/arquivos/E30405D8FA2DE9B7FB3214F56781A2A33187C7F96567C12916CEF4940FDB29AC.pdf,CEB_PGE_AL_26_DOC_0,arquivosGabarito
CEB_PGE_AL_26,objetiva,ANSWER_STANDARD,GABARITO PRELIMINAR – PROVA OBJETIVA (P1),2026-09-25T11:00:00,https://cdn.cebraspe.org.br/concursos/PGE_AL_26/arquivos/60012B51B26F5096D7E3C128E5653F793C06C6D91209FD6A4328564A8FB9F16A.pdf,CEB_PGE_AL_26_DOC_1,arquivosGabarito
CEB_PGE_AL_26,discursiva,EXAM_DOCUMENT,PROVA DISCURSIVA (P2),2026-09-08T19:00:00,https://cdn.cebraspe.org.br/concursos/PGE_AL_26/arquivos/907368AEBDACAE4C436DDFD96DD03675935F8B0E1639528A4674D814E80C5378.pdf,CEB_PGE_AL_26_DOC_2,arquivosGabarito
CEB_PGE_AL_26,discursiva,EXAM_DOCUMENT,PROVA DISCURSIVA (P3),2026-09-08T19:00:00,https://cdn.cebraspe.org.br/concursos/PGE_AL_26/arquivos/D39D8E18D3EBAE970749909BBED44B75CA6178DE3C8D1AC1B712FD3314941413.pdf,CEB_PGE_AL_26_DOC_3,arquivosGabarito
CEB_PGE_AL_26,discursiva,ANSWER_STANDARD,PADRÃO PRELIMINAR DE RESPOSTAS – PROVA DISCURSIVA (P2),2026-09-08T19:00:00,https://cdn.cebraspe.org.br/concursos/PGE_AL_26/arquivos/E87B4E729C7D8F63C271050739058E276A94CAE3C6AA94A2AAB30605E71614D1.pdf,CEB_PGE_AL_26_DOC_4,arquivosGabarito
CEB_PGE_AL_26,discursiva,ANSWER_STANDARD,PADRÃO PRELIMINAR DE RESPOSTAS – PROVA DISCURSIVA (P3),2026-09-08T19:00:00,https://cdn.cebraspe.org.br/concursos/PGE_AL_26/arquivos/1BB1BAFECD604F9D530679CFF5E097F96039619CFB7D53926D4093318B6F7DC4.pdf,CEB_PGE_AL_26_DOC_5,arquivosGabarito
CEB_PGE_AL_26,unspecified,NOTICE_NOT_QUESTION,Edital nº 11 – Retificação do Anexo I do Edital nº 1 – PGE/AL – VLibras,2026-09-25T10:00:00,https://cdn.cebraspe.org.br/concursos/PGE_AL_26/arquivos/B13DC527E836159F9583408C7C374A1D1B61E262F17601334FDFFD664B8A16BB.html,,arquivosEdital
CEB_PGE_AL_26,unspecified,NOTICE_NOT_QUESTION,Edital nº 11 – Retificação do Anexo I do Edital nº 1 – PGE/AL,2026-09-25T10:00:00,https://cdn.cebraspe.org.br/concursos/PGE_AL_26/arquivos/A8CDFFD86E9214BF6198AB3E36D2A4D3E27190C89C33FF3B68A5AA58FD4471A5.pdf,,arquivosEdital
CEB_PGE_AL_26,unspecified,NOTICE_NOT_QUESTION,"Edital nº 10 – Retificação dos subitens 8.11.6.1 e 9.7.5 do Edital nº 1, bem como a retificação do subitem 5.1.6.1 do Edital nº 5 – VLibras",2026-08-31T10:00:00,https://cdn.cebraspe.org.br/concursos/PGE_AL_26/arquivos/3CCBF97798B60E67AAA2ED513B04B107C4F6AD50C08F9BE4C0B37087557C913B.html,,arquivosEdital
CEB_PGE_AL_26,unspecified,NOTICE_NOT_QUESTION,"Edital nº 10 – Retificação dos subitens 8.11.6.1 e 9.7.5 do Edital nº 1, bem como a retificação do subitem 5.1.6.1 do Edital nº 5",2026-08-31T10:00:00,https://cdn.cebraspe.org.br/concursos/PGE_AL_26/arquivos/716F6D50680CFC02F9B427286F2A37386E65D39E6850DD2D94DD9E0EC5838863.pdf,,arquivosEdital
CEB_PGE_AL_26,unspecified,NOTICE_NOT_QUESTION,Quantitativo de inscritos por sistema de concorrência,2026-08-28T10:00:00,https://cdn.cebraspe.org.br/concursos/PGE_AL_26/arquivos/064ACC9640F6DB159277D5767207509F650991C975630848B37088B9AEEE344F.pdf,,arquivosEdital
CEB_PGE_AL_26,unspecified,NOTICE_NOT_QUESTION,Edital nº 9 – Informações sobre as provas e disponibilização do link para consulta individual dos locais de aplicação – VLibras,2026-08-24T10:00:00,https://cdn.cebraspe.org.br/concursos/PGE_AL_26/arquivos/D82BD1BE6C2B549015BD15CBC92B8314743A05062F4467BB71A3CFAD95B1F273.html,,arquivosEdital
CEB_PGE_AL_26,unspecified,NOTICE_NOT_QUESTION,Edital nº 9 – Informações sobre as provas e disponibilização do link para consulta individual dos locais de aplicação,2026-08-24T10:00:00,https://cdn.cebraspe.org.br/concursos/PGE_AL_26/arquivos/275A666DED40C5B54A0922B42495ED0A2ACA9B2712B6FA55E122811BA2B3E597.pdf,,arquivosEdital
CEB_PGE_AL_26,unspecified,NOTICE_NOT_QUESTION,Relação final dos candidatos com a inscrição deferida para concorrer às vagas reservadas às pessoas com deficiência – VLibras,2026-08-17T14:45:00,https://cdn.cebraspe.org.br/concursos/PGE_AL_26/arquivos/520068C4517ACB4E8DE9790183049F1F4AB870CE2855A3426163A1F3CBCD8313.html,,arquivosEdital
CEB_PGE_AL_26,unspecified,NOTICE_NOT_QUESTION,Relação final dos candidatos com a inscrição deferida para concorrer às vagas reservadas às pessoas com deficiência,2026-08-17T14:45:00,https://cdn.cebraspe.org.br/concursos/PGE_AL_26/arquivos/1259DBAA5C158C46B9451DEC829F4ADC08361C9C07CE8227D7782BB35C6328F9.pdf,,arquivosEdital
CEB_PGE_AL_26,unspecified,UNCLASSIFIED_LINK,Relação final de candidatas que tiveram a solicitação de atendimento especializado para lactantes deferida – VLibras,2026-08-17T10:00:00,https://cdn.cebraspe.org.br/concursos/PGE_AL_26/arquivos/73D1C50B80867A523FFC155F8FEAA3E76747D1495411A029BCBFCE7A6818BBD7.html,,arquivosEdital
CEB_PGE_AL_26,unspecified,UNCLASSIFIED_LINK,Relação final de candidatas que tiveram a solicitação de atendimento especializado para lactantes deferida,2026-08-17T10:00:00,https://cdn.cebraspe.org.br/concursos/PGE_AL_26/arquivos/DCD77FFB0704E00140376F8B3155B4F8B6366D216AD665B36A13468D873C71A7.pdf,,arquivosEdital
CEB_PGE_AL_26,unspecified,NOTICE_NOT_QUESTION,Relação provisória dos candidatos com a inscrição deferida para concorrer às vagas reservadas às pessoas com deficiência – VLibras,2026-08-03T10:00:00,https://cdn.cebraspe.org.br/concursos/PGE_AL_26/arquivos/EC1F15F37BB0691EAFD60A2A92724692F7CD1FA9633C4920CABC5E57E0F18E0D.html,,arquivosEdital
CEB_PGE_AL_26,unspecified,NOTICE_NOT_QUESTION,Relação provisória dos candidatos com a inscrição deferida para concorrer às vagas reservadas às pessoas com deficiência ,2026-08-03T10:00:00,https://cdn.cebraspe.org.br/concursos/PGE_AL_26/arquivos/3AA2EC578798DBFEEA44D0B240FE31CAB079262BB6E3B03A734D166A39DDDD2C.pdf,,arquivosEdital
CEB_PGE_AL_26,unspecified,UNCLASSIFIED_LINK,Relação provisória de candidatas que tiveram a solicitação de atendimento especializado para lactantes  deferida – VLibras,2026-08-03T10:00:00,https://cdn.cebraspe.org.br/concursos/PGE_AL_26/arquivos/A0A4DE5782A3B7F0780D847F640BC47EAB3B527906A050B8B53DDCC376AE38E6.html,,arquivosEdital
CEB_PGE_AL_26,unspecified,UNCLASSIFIED_LINK,Relação provisória de candidatas que tiveram a solicitação de atendimento especializado para lactantes  deferida,2026-08-03T10:00:00,https://cdn.cebraspe.org.br/concursos/PGE_AL_26/arquivos/23C7E93FE1EC07C21D48225DFE4A6446406092085E18E9592BEFEEB9E96080C3.pdf,,arquivosEdital
CEB_PGE_RN_26,discursiva,ANSWER_STANDARD,PADRÃO DEFINITIVO DE RESPOSTAS – PROVA DISCURSIVA,2026-09-01T11:55:00,https://cdn.cebraspe.org.br/concursos/PGE_RN_26/arquivos/37CA592F5541A2B68E17E13216DD64D0393440712A892BE9DD6861C3C4FFB860.pdf,CEB_PGE_RN_26_DOC_0,arquivosGabarito
CEB_PGE_RN_26,discursiva,NOTICE_NOT_QUESTION,Edital nº 11 – Resultado final na  prova discursiva e a convocação para a prova de títulos – VLibras,2026-09-18T10:00:00,https://cdn.cebraspe.org.br/concursos/PGE_RN_26/arquivos/725EE8BB28083BB4EA2B30FAC2A2A02A4E7A605DF715080DBE562AFCB9CEF0A7.html,,arquivosEdital
CEB_PGE_RN_26,discursiva,NOTICE_NOT_QUESTION,Edital nº 11 – Resultado final na  prova discursiva e a convocação para a prova de títulos,2026-09-18T10:00:00,https://cdn.cebraspe.org.br/concursos/PGE_RN_26/arquivos/D4219A9209A8BFF8361DFFC56585727E4DD72DECFD7600C1E259758480C8033D.pdf,,arquivosEdital
CEB_PGE_RN_26,discursiva,NOTICE_NOT_QUESTION,"Edital nº 10 – Resultado final no procedimento de análise telepresencial para a caracterização da deficiência, a relação final dos candidatos considerados pessoas com deficiência, o resultado final no procedimento de confirmação complementar à autodeclaração para candidatos negros (pretos e pardos) e o resultado provisório na prova discursiva  – VLibras",2026-09-01T11:45:00,https://cdn.cebraspe.org.br/concursos/PGE_RN_26/arquivos/A215FA53671C1B0DA959EB4DFCE67B5676E21E8F9744B17773328C0B0A4B8C0C.html,,arquivosEdital
CEB_PGE_RN_26,discursiva,NOTICE_NOT_QUESTION,"Edital nº 10 – Resultado final no procedimento de análise telepresencial para a caracterização da deficiência, a relação final dos candidatos considerados pessoas com deficiência, o resultado final no procedimento de confirmação complementar à autodeclaração para candidatos negros (pretos e pardos) e o resultado provisório na prova discursiva",2026-09-01T11:45:00,https://cdn.cebraspe.org.br/concursos/PGE_RN_26/arquivos/C8722B1F5CED021208834D6D677D2723366F813A2822545CB14D51B78C53613A.pdf,,arquivosEdital
CEB_PGE_RN_26,unspecified,NOTICE_NOT_QUESTION,Edital nº 9 – Reabertura do prazo para interposição de recurso contra o resultado provisório da análise telepresencial para caracterização da deficiência – VLibras,2026-08-25T15:30:00,https://cdn.cebraspe.org.br/concursos/PGE_RN_26/arquivos/99EAA6860D1F497B79AE133C1D864C44F497142FE9941AD559CF77099D2AB093.html,,arquivosEdital
CEB_PGE_RN_26,unspecified,NOTICE_NOT_QUESTION,Edital nº 9 – Reabertura do prazo para interposição de recurso contra o resultado provisório da análise telepresencial para caracterização da deficiência ,2026-08-25T15:30:00,https://cdn.cebraspe.org.br/concursos/PGE_RN_26/arquivos/E25CF03F25188B58A4D3DD5170AEF5538AE085878A8350B1E645AD4A8CD9FA0F.pdf,,arquivosEdital
CEB_PGE_RN_26,unspecified,NOTICE_NOT_QUESTION,Edital nº 8 – Resultado provisório no procedimento de análise telepresencial para a caracterização da deficiência e o resultado provisório no procedimento de confirmação complementar à autodeclaração para candidatos negros (pretos e pardos)  – VLibras,2026-08-19T10:00:00,https://cdn.cebraspe.org.br/concursos/PGE_RN_26/arquivos/1103AFBA113E435ECCDCC927CF907EF6B8A009CB196C5EAC70930FF62625E2AC.html,,arquivosEdital
CEB_PGE_RN_26,unspecified,NOTICE_NOT_QUESTION,Edital nº 8 – Resultado provisório no procedimento de análise telepresencial para a caracterização da deficiência e o resultado provisório no procedimento de confirmação complementar à autodeclaração para candidatos negros (pretos e pardos),2026-08-19T10:00:00,https://cdn.cebraspe.org.br/concursos/PGE_RN_26/arquivos/362616FEADD1F7AB7CE7087CCB934B667E1BDD1967BB92199581D2CEDE5E986B.pdf,,arquivosEdital
CEB_PGE_RN_26,unspecified,UNCLASSIFIED_LINK,Currículos dos integrantes da comissão recursal – VLibras,2026-08-19T10:00:00,https://cdn.cebraspe.org.br/concursos/PGE_RN_26/arquivos/A0CD52A6F4A2A3B85DDC64F244606EE0B22AF93540FA02799AC60CB28F8544D4.html,,arquivosEdital
CEB_PGE_RN_26,unspecified,UNCLASSIFIED_LINK,Currículos dos integrantes da comissão recursal ,2026-08-19T10:00:00,https://cdn.cebraspe.org.br/concursos/PGE_RN_26/arquivos/0BD231CD7933E38ABFBFCEA66FBB5C090C7BE8FE4A88EF39720A4A92FA8A2915.pdf,,arquivosEdital
CEB_PGE_RN_26,unspecified,UNCLASSIFIED_LINK,Currículos dos integrantes da comissão de confirmação complementar à autodeclaração para candidatos negros – VLibras,2026-08-05T10:00:00,https://cdn.cebraspe.org.br/concursos/PGE_RN_26/arquivos/7F3A5F5B52221DC190241A80248EEA99DCE1A20C25AA5C09801BD502554A66A2.html,,arquivosEdital
CEB_PGE_RN_26,unspecified,UNCLASSIFIED_LINK,Currículos dos integrantes da comissão de confirmação complementar à autodeclaração para candidatos negros,2026-08-05T10:00:00,https://cdn.cebraspe.org.br/concursos/PGE_RN_26/arquivos/EF5C68771183E7B66ADD4F5925E77616275CA9FC91C491A9669C43F52BE47022.pdf,,arquivosEdital
CEB_PGE_RN_26,unspecified,NOTICE_NOT_QUESTION,"Edital nº 7 – Resultado final na análise documental para a caracterização da deficiência, a convocação para o procedimento de análise telepresencial para a caracterização da deficiência e a convocação para o procedimento de confirmação complementar à autodeclaração para candidatos negros – VLibras",2026-08-03T11:40:00,https://cdn.cebraspe.org.br/concursos/PGE_RN_26/arquivos/96267EC4752F9475E2D91509E95821C744E6B27E576747C09A56F39FE12065DD.html,,arquivosEdital
CEB_PGE_RN_26,unspecified,NOTICE_NOT_QUESTION,"Edital nº 7 – Resultado final na análise documental para a caracterização da deficiência, a convocação para o procedimento de análise telepresencial para a caracterização da deficiência e a convocação para o procedimento de confirmação complementar à autodeclaração para candidatos negros",2026-08-03T11:40:00,https://cdn.cebraspe.org.br/concursos/PGE_RN_26/arquivos/0754AFD5E74F5EABDED72E0F5303569C92D5F60A7225DA7E3123EF952F88AB5A.pdf,,arquivosEdital
CEB_PREF_PORTO_VELHO_26_PROCURADOR,discursiva,ANSWER_STANDARD,PADRÃO DEFINITIVO DE RESPOSTAS – PROVA ESCRITA TEÓRICO-PRÁTICA (P2),2026-08-24T10:00:00,https://cdn.cebraspe.org.br/concursos/PREF_PORTO_VELHO_26_PROCURADOR/arquivos/F888A3874C0634EA5CCFB4220B4BCD3527D73D8AA92AB2D718700F6B031ECD03.pdf,CEB_PREF_PORTO_VELHO_26_PROCURADOR_DOC_0,arquivosGabarito
CEB_PREF_PORTO_VELHO_26_PROCURADOR,discursiva,ANSWER_STANDARD,PADRÃO DEFINITIVO DE RESPOSTAS – PROVA ESCRITA TEÓRICO-PRÁTICA (P3),2026-08-24T10:00:00,https://cdn.cebraspe.org.br/concursos/PREF_PORTO_VELHO_26_PROCURADOR/arquivos/CECA75B288868A6E12F293DDFFE892DA99521A7415D548C6F28E739B8C25195B.pdf,CEB_PREF_PORTO_VELHO_26_PROCURADOR_DOC_1,arquivosGabarito
CEB_PREF_PORTO_VELHO_26_PROCURADOR,discursiva,NOTICE_NOT_QUESTION,"Edital nº 20 – Resultado final nas provas escritas teórico-práticas, a convocação para a avaliação biopsicossocial telepresencial dos candidatos que solicitaram concorrer às vagas reservadas às pessoas com deficiência e a convocação para o procedimento de heteroidentificação complementar à autodeclaração dos candidatos negros – VLibras",2026-09-11T10:00:00,https://cdn.cebraspe.org.br/concursos/PREF_PORTO_VELHO_26_PROCURADOR/arquivos/FA1F30EFCC8F620464D56B2330EA1CDD2E2720A785670A40A4E3A67F36D98275.html,,arquivosEdital
CEB_PREF_PORTO_VELHO_26_PROCURADOR,discursiva,NOTICE_NOT_QUESTION,"Edital nº 20 – Resultado final nas provas escritas teórico-práticas, a convocação para a avaliação biopsicossocial telepresencial dos candidatos que solicitaram concorrer às vagas reservadas às pessoas com deficiência e a convocação para o procedimento de heteroidentificação complementar à autodeclaração dos candidatos negros",2026-09-11T10:00:00,https://cdn.cebraspe.org.br/concursos/PREF_PORTO_VELHO_26_PROCURADOR/arquivos/9D32865E5C4A7267AFE2237DD4F5AB870D9C85419B2B2A392EA52E37BA3F3A70.pdf,,arquivosEdital
CEB_PREF_PORTO_VELHO_26_PROCURADOR,discursiva,NOTICE_NOT_QUESTION,Edital nº 17 – Resultado provisório nas provas escritas teórico-práticas – VLibras,2026-08-24T10:00:00,https://cdn.cebraspe.org.br/concursos/PREF_PORTO_VELHO_26_PROCURADOR/arquivos/42A90138AC90166D65884092E71888BB105265794B9EC80247BBE08CC69E4D5F.html,,arquivosEdital
CEB_PREF_PORTO_VELHO_26_PROCURADOR,discursiva,NOTICE_NOT_QUESTION,Edital nº 17 – Resultado provisório nas provas escritas teórico-práticas ,2026-08-24T10:00:00,https://cdn.cebraspe.org.br/concursos/PREF_PORTO_VELHO_26_PROCURADOR/arquivos/E85732681C062DC537E5A0572922E12EF8AC7DD412A04426B2B93DAF46BE1CAD.pdf,,arquivosEdital
CEB_AGU_22_PROCURADOR_FEDERAL,unspecified,NOTICE_NOT_QUESTION,"Edital nº 35 - Retificação do resultado final no concurso público, divulgado por meio do Edital nº 22 – Procurador Federal, de 16 de maio de 2024, e suas alterações.",2026-08-04T08:30:00,https://cdn.cebraspe.org.br/concursos/AGU_22_PROCURADOR_FEDERAL/arquivos/8712E2B633B24E5800B14AD66D54B96AA6E0F3DAE1B5923E3094FE19ADF24C06.pdf,,arquivosEdital
CEB_PC_AL_22_DELEGADO,unspecified,NOTICE_NOT_QUESTION,"Edital nº 94 - Retificação de data constante do subitem 3.3 do Edital nº 93 – Delegado PC/AL, de 24 de julho de 2026, bem como a renumeração do referido subitem.",2026-09-09T11:00:00,https://cdn.cebraspe.org.br/concursos/PC_AL_22_DELEGADO/arquivos/B5B3078EDC3BD2079DA223A6D29FA6913605B05565C02CED7375C04F22F3A39A.pdf,,arquivosEdital
CEB_PGE_PI_25,unspecified,NOTICE_NOT_QUESTION,Edital nº 15 – Retificação do resultado final de candidata sub judice - VLibras.,2026-09-17T13:35:00,https://cdn.cebraspe.org.br/concursos/PGE_PI_25/arquivos/3F2835F010BC8C6FF190A3220764F08DAA910DFB7EBAAED413A4AA23BEAFA81B.html,,arquivosEdital
CEB_PGE_PI_25,unspecified,NOTICE_NOT_QUESTION,Edital nº 15 – Retificação do resultado final de candidata sub judice.,2026-09-17T13:30:00,https://cdn.cebraspe.org.br/concursos/PGE_PI_25/arquivos/CC9C9269074F315D8E9BAEF5378D5468072A920942A45AB35659FEAB9181B527.pdf,,arquivosEdital
CEB_PGE_PR_24_PROCURADOR,unspecified,NOTICE_NOT_QUESTION,Edital nº 38 – Retificação - Candidato inscrito sob o nº 10004780.,2026-08-11T08:00:00,https://cdn.cebraspe.org.br/concursos/PGE_PR_24_PROCURADOR/arquivos/2A2DE7C5F49B94065CFF04EC01BBF892344B72B7D561E420A4E3EB5C857ADDF6.pdf,,arquivosEdital
CEB_PGM_SP_23_PROCURADOR,unspecified,NOTICE_NOT_QUESTION,Edital nº 18 – Inclusão de candidato sub judice,2026-08-04T16:30:00,https://cdn.cebraspe.org.br/concursos/PGM_SP_23_PROCURADOR/arquivos/760F43A77C5766A0E6F5EA259317AC564B74E98E8BF47609DE37FB2AB2FA62DC.pdf,,arquivosEdital
CEB_TCE_RJ_22_PROCURADOR,unspecified,NOTICE_NOT_QUESTION,Edital nº 23 - Inclusão de candidato sub judice.,2026-08-14T16:50:00,https://cdn.cebraspe.org.br/concursos/TCE_RJ_22_PROCURADOR/arquivos/4050E611E72585E5C3EBB56DE3A49E1FC0A244475EDD18B8C4833CD5FEC33514.pdf,,arquivosEdital
CEB_TJ_MA_22_JUIZ,oral,EXAM_DOCUMENT,PROVA ORAL - PONTO 2 (APLICADA EM 23/08/2026) SUB JUDICE,2026-08-26T10:00:00,https://cdn.cebraspe.org.br/concursos/TJ_MA_22_JUIZ/arquivos/9811998697E48035B5CDCCE0B393501369E5809C1564BD57C7A9630373A84DCA.pdf,,arquivosGabarito
CEB_TJ_MA_22_JUIZ,unspecified,NOTICE_NOT_QUESTION,Edital nº 47 – Retificação do resultado final de candidato sub judice.,2026-09-11T17:40:00,https://cdn.cebraspe.org.br/concursos/TJ_MA_22_JUIZ/arquivos/796B60113CCEDD2E4C5DE3E7299CA35DC69E4606BF7FDF47B2C90E3899CD9481.pdf,,arquivosEdital
CEB_TJ_MA_22_JUIZ,unspecified,NOTICE_NOT_QUESTION,"Edital nº 46 – Exclusão de candidatos da condição sub judice, passando a figurarem como regulares no resultado final na avaliação de títulos e no concurso público, divulgados por meio do Edital nº 30 – TJMA – Juiz Substituto, de 3 de agosto de 2023.",2026-08-19T15:45:00,https://cdn.cebraspe.org.br/concursos/TJ_MA_22_JUIZ/arquivos/157BA9B4DA35CC3DC3C8109B4398EE036CCC1C18538FFFB0CBD04B0DC615CC15.pdf,,arquivosEdital
CEB_TJ_MA_22_JUIZ,unspecified,NOTICE_NOT_QUESTION,"Edital nº 45 - Exclusão de candidatos da condição sub judice, passando a figurarem como regulares no resultado final na avaliação de títulos e no concurso público.",2026-08-13T11:40:00,https://cdn.cebraspe.org.br/concursos/TJ_MA_22_JUIZ/arquivos/735937F0C47EC4A9A9071E32DA74993DEFB7D842315EFD7A2F5196E9A9B96C3C.pdf,,arquivosEdital
CEB_PC_PE_23,unspecified,NOTICE_NOT_QUESTION,Edital nº 63 - Convocação de candidata sub judice para a matrícula no Curso de Formação Profissional - em VLibras,2026-09-10T18:15:01,https://cdn.cebraspe.org.br/concursos/PC_PE_23/arquivos/86EE9E04826FAC22FA34558B5C8E55B26A10AC7C355C07E0F5ED2ED1A1BE3639.html,,arquivosEdital
CEB_PC_PE_23,unspecified,NOTICE_NOT_QUESTION,Edital nº 63 - Convocação de candidata sub judice para a matrícula no Curso de Formação Profissional,2026-09-10T18:15:00,https://cdn.cebraspe.org.br/concursos/PC_PE_23/arquivos/5E9A3FCD3C45081475D824A72A26963F9B982DD8E31F18CA32694C25110F6835.pdf,,arquivosEdital
CEB_PC_PE_23,unspecified,NOTICE_NOT_QUESTION,"Edital nº 62 – Inclusão de candidato no resultado final na segunda etapa – Curso de Formação Profissional – 2ª Turma e no resultado final no concurso público – 2ª Turma, divulgados por meio dos subitens 1.1.3 e 2.1.3 do Edital nº 58 - em VLibras",2026-09-04T15:10:01,https://cdn.cebraspe.org.br/concursos/PC_PE_23/arquivos/4B7DF56540963DDA15B0049BFB6D0FF1B1E68AF1EAB25B4F7D3F61090918439D.html,,arquivosEdital
CEB_PC_PE_23,unspecified,NOTICE_NOT_QUESTION,"Edital nº 62 – Inclusão de candidato no resultado final na segunda etapa – Curso de Formação Profissional – 2ª Turma e no resultado final no concurso público – 2ª Turma, divulgados por meio dos subitens 1.1.3 e 2.1.3 do Edital nº 58",2026-09-04T15:10:00,https://cdn.cebraspe.org.br/concursos/PC_PE_23/arquivos/DC66CB67A1539091A6D83B0BE1259B79FF49BD33D350B19C9B18D421B39109EE.pdf,,arquivosEdital
CEB_PC_PE_23,unspecified,NOTICE_NOT_QUESTION,Edital nº 61 - Convocação de candidato sub judice para a matrícula no Curso de Formação Profissional - em VLibras,2026-08-18T18:10:01,https://cdn.cebraspe.org.br/concursos/PC_PE_23/arquivos/FBD91F18A966B01174CE0348C3D19EACA4FD1CD1A72B034B713B346BB0C0F228.html,,arquivosEdital
CEB_PC_PE_23,unspecified,NOTICE_NOT_QUESTION,Edital nº 61 - Convocação de candidato sub judice para a matrícula no Curso de Formação Profissional,2026-08-18T18:10:00,https://cdn.cebraspe.org.br/concursos/PC_PE_23/arquivos/D65B3DCD368F6F9E5FD5AB02B32ECD491A2F66EFCD8158AB9E20C0AB63F5CD8E.pdf,,arquivosEdital
CEB_PC_PE_23,unspecified,NOTICE_NOT_QUESTION,"Edital nº 60 – Convocação de candidata sub judice, para a matrícula no Curso de Formação Profissional.",2026-08-04T11:10:00,https://cdn.cebraspe.org.br/concursos/PC_PE_23/arquivos/6B171BAA64E5FA65E749FDA2338AE87D39C880A1BAC737827C560EA0B56A04E5.pdf,,arquivosEdital
