uf,career,year,status,meaning
AC,Delegado,2023,INSTITUTIONAL_CLOSURE_NOT_ESTABLISHED,Não significa ausência de concurso; catálogo descoberto não fecha inventário por instituição/ano.
AC,Delegado,2024,INSTITUTIONAL_CLOSURE_NOT_ESTABLISHED,Não significa ausência de concurso; catálogo descoberto não fecha inventário por instituição/ano.
AC,Delegado,2025,INSTITUTIONAL_CLOSURE_NOT_ESTABLISHED,Não significa ausência de concurso; catálogo descoberto não fecha inventário por instituição/ano.
AC,Delegado,2026,INSTITUTIONAL_CLOSURE_NOT_ESTABLISHED,Não significa ausência de concurso; catálogo descoberto não fecha inventário por instituição/ano.
AC,Magistratura,2023,INSTITUTIONAL_CLOSURE_NOT_ESTABLISHED,Não significa ausência de concurso; catálogo descoberto não fecha inventário por instituição/ano.
AC,Magistratura,2024,INSTITUTIONAL_CLOSURE_NOT_ESTABLISHED,Não significa ausência de concurso; catálogo descoberto não fecha inventário por instituição/ano.
AC,Magistratura,2025,INSTITUTIONAL_CLOSURE_NOT_ESTABLISHED,Não significa ausência de concurso; catálogo descoberto não fecha inventário por instituição/ano.
AC,Magistratura,2026,INSTITUTIONAL_CLOSURE_NOT_ESTABLISHED,Não significa ausência de concurso; catálogo descoberto não fecha inventário por instituição/ano.
AC,Ministerio_Publico,2023,INSTITUTIONAL_CLOSURE_NOT_ESTABLISHED,Não significa ausência de concurso; catálogo descoberto não fecha inventário por instituição/ano.
AC,Ministerio_Publico,2024,INSTITUTIONAL_CLOSURE_NOT_ESTABLISHED,Não significa ausência de concurso; catálogo descoberto não fecha inventário por instituição/ano.
AC,Ministerio_Publico,2025,INSTITUTIONAL_CLOSURE_NOT_ESTABLISHED,Não significa ausência de concurso; catálogo descoberto não fecha inventário por instituição/ano.
AC,Ministerio_Publico,2026,INSTITUTIONAL_CLOSURE_NOT_ESTABLISHED,Não significa ausência de concurso; catálogo descoberto não fecha inventário por instituição/ano.
AC,Defensoria,2023,INSTITUTIONAL_CLOSURE_NOT_ESTABLISHED,Não significa ausência de concurso; catálogo descoberto não fecha inventário por instituição/ano.
AC,Defensoria,2024,INSTITUTIONAL_CLOSURE_NOT_ESTABLISHED,Não significa ausência de concurso; catálogo descoberto não fecha inventário por instituição/ano.
AC,Defensoria,2025,INSTITUTIONAL_CLOSURE_NOT_ESTABLISHED,Não significa ausência de concurso; catálogo descoberto não fecha inventário por instituição/ano.
AC,Defensoria,2026,INSTITUTIONAL_CLOSURE_NOT_ESTABLISHED,Não significa ausência de concurso; catálogo descoberto não fecha inventário por instituição/ano.
AC,Advocacia_Publica,2023,INSTITUTIONAL_CLOSURE_NOT_ESTABLISHED,Não significa ausência de concurso; catálogo descoberto não fecha inventário por instituição/ano.
AC,Advocacia_Publica,2024,INSTITUTIONAL_CLOSURE_NOT_ESTABLISHED,Não significa ausência de concurso; catálogo descoberto não fecha inventário por instituição/ano.
AC,Advocacia_Publica,2025,INSTITUTIONAL_CLOSURE_NOT_ESTABLISHED,Não significa ausência de concurso; catálogo descoberto não fecha inventário por instituição/ano.
AC,Advocacia_Publica,2026,INSTITUTIONAL_CLOSURE_NOT_ESTABLISHED,Não significa ausência de concurso; catálogo descoberto não fecha inventário por instituição/ano.
AL,Delegado,2023,INSTITUTIONAL_CLOSURE_NOT_ESTABLISHED,Não significa ausência de concurso; catálogo descoberto não fecha inventário por instituição/ano.
AL,Delegado,2024,INSTITUTIONAL_CLOSURE_NOT_ESTABLISHED,Não significa ausência de concurso; catálogo descoberto não fecha inventário por instituição/ano.
AL,Delegado,2025,INSTITUTIONAL_CLOSURE_NOT_ESTABLISHED,Não significa ausência de concurso; catálogo descoberto não fecha inventário por instituição/ano.
AL,Delegado,2026,INSTITUTIONAL_CLOSURE_NOT_ESTABLISHED,Não significa ausência de concurso; catálogo descoberto não fecha inventário por instituição/ano.
AL,Magistratura,2023,INSTITUTIONAL_CLOSURE_NOT_ESTABLISHED,Não significa ausência de concurso; catálogo descoberto não fecha inventário por instituição/ano.
AL,Magistratura,2024,INSTITUTIONAL_CLOSURE_NOT_ESTABLISHED,Não significa ausência de concurso; catálogo descoberto não fecha inventário por instituição/ano.
AL,Magistratura,2025,INSTITUTIONAL_CLOSURE_NOT_ESTABLISHED,Não significa ausência de concurso; catálogo descoberto não fecha inventário por instituição/ano.
AL,Magistratura,2026,INSTITUTIONAL_CLOSURE_NOT_ESTABLISHED,Não significa ausência de concurso; catálogo descoberto não fecha inventário por instituição/ano.
AL,Ministerio_Publico,2023,INSTITUTIONAL_CLOSURE_NOT_ESTABLISHED,Não significa ausência de concurso; catálogo descoberto não fecha inventário por instituição/ano.
AL,Ministerio_Publico,2024,INSTITUTIONAL_CLOSURE_NOT_ESTABLISHED,Não significa ausência de concurso; catálogo descoberto não fecha inventário por instituição/ano.
AL,Ministerio_Publico,2025,INSTITUTIONAL_CLOSURE_NOT_ESTABLISHED,Não significa ausência de concurso; catálogo descoberto não fecha inventário por instituição/ano.
AL,Ministerio_Publico,2026,INSTITUTIONAL_CLOSURE_NOT_ESTABLISHED,Não significa ausência de concurso; catálogo descoberto não fecha inventário por instituição/ano.
AL,Defensoria,2023,INSTITUTIONAL_CLOSURE_NOT_ESTABLISHED,Não significa ausência de concurso; catálogo descoberto não fecha inventário por instituição/ano.
AL,Defensoria,2024,INSTITUTIONAL_CLOSURE_NOT_ESTABLISHED,Não significa ausência de concurso; catálogo descoberto não fecha inventário por instituição/ano.
AL,Defensoria,2025,INSTITUTIONAL_CLOSURE_NOT_ESTABLISHED,Não significa ausência de concurso; catálogo descoberto não fecha inventário por instituição/ano.
AL,Defensoria,2026,INSTITUTIONAL_CLOSURE_NOT_ESTABLISHED,Não significa ausência de concurso; catálogo descoberto não fecha inventário por instituição/ano.
AL,Advocacia_Publica,2023,INSTITUTIONAL_CLOSURE_NOT_ESTABLISHED,Não significa ausência de concurso; catálogo descoberto não fecha inventário por instituição/ano.
AL,Advocacia_Publica,2024,INSTITUTIONAL_CLOSURE_NOT_ESTABLISHED,Não significa ausência de concurso; catálogo descoberto não fecha inventário por instituição/ano.
AL,Advocacia_Publica,2025,INSTITUTIONAL_CLOSURE_NOT_ESTABLISHED,Não significa ausência de concurso; catálogo descoberto não fecha inventário por instituição/ano.
AL,Advocacia_Publica,2026,INSTITUTIONAL_CLOSURE_NOT_ESTABLISHED,Não significa ausência de concurso; catálogo descoberto não fecha inventário por instituição/ano.
AP,Delegado,2023,INSTITUTIONAL_CLOSURE_NOT_ESTABLISHED,Não significa ausência de concurso; catálogo descoberto não fecha inventário por instituição/ano.
AP,Delegado,2024,INSTITUTIONAL_CLOSURE_NOT_ESTABLISHED,Não significa ausência de concurso; catálogo descoberto não fecha inventário por instituição/ano.
AP,Delegado,2025,INSTITUTIONAL_CLOSURE_NOT_ESTABLISHED,Não significa ausência de concurso; catálogo descoberto não fecha inventário por instituição/ano.
AP,Delegado,2026,INSTITUTIONAL_CLOSURE_NOT_ESTABLISHED,Não significa ausência de concurso; catálogo descoberto não fecha inventário por instituição/ano.
AP,Magistratura,2023,INSTITUTIONAL_CLOSURE_NOT_ESTABLISHED,Não significa ausência de concurso; catálogo descoberto não fecha inventário por instituição/ano.
AP,Magistratura,2024,INSTITUTIONAL_CLOSURE_NOT_ESTABLISHED,Não significa ausência de concurso; catálogo descoberto não fecha inventário por instituição/ano.
AP,Magistratura,2025,INSTITUTIONAL_CLOSURE_NOT_ESTABLISHED,Não significa ausência de concurso; catálogo descoberto não fecha inventário por instituição/ano.
AP,Magistratura,2026,INSTITUTIONAL_CLOSURE_NOT_ESTABLISHED,Não significa ausência de concurso; catálogo descoberto não fecha inventário por instituição/ano.
AP,Ministerio_Publico,2023,INSTITUTIONAL_CLOSURE_NOT_ESTABLISHED,Não significa ausência de concurso; catálogo descoberto não fecha inventário por instituição/ano.
AP,Ministerio_Publico,2024,INSTITUTIONAL_CLOSURE_NOT_ESTABLISHED,Não significa ausência de concurso; catálogo descoberto não fecha inventário por instituição/ano.
AP,Ministerio_Publico,2025,INSTITUTIONAL_CLOSURE_NOT_ESTABLISHED,Não significa ausência de concurso; catálogo descoberto não fecha inventário por instituição/ano.
AP,Ministerio_Publico,2026,INSTITUTIONAL_CLOSURE_NOT_ESTABLISHED,Não significa ausência de concurso; catálogo descoberto não fecha inventário por instituição/ano.
AP,Defensoria,2023,INSTITUTIONAL_CLOSURE_NOT_ESTABLISHED,Não significa ausência de concurso; catálogo descoberto não fecha inventário por instituição/ano.
AP,Defensoria,2024,INSTITUTIONAL_CLOSURE_NOT_ESTABLISHED,Não significa ausência de concurso; catálogo descoberto não fecha inventário por instituição/ano.
AP,Defensoria,2025,INSTITUTIONAL_CLOSURE_NOT_ESTABLISHED,Não significa ausência de concurso; catálogo descoberto não fecha inventário por instituição/ano.
AP,Defensoria,2026,INSTITUTIONAL_CLOSURE_NOT_ESTABLISHED,Não significa ausência de concurso; catálogo descoberto não fecha inventário por instituição/ano.
AP,Advocacia_Publica,2023,INSTITUTIONAL_CLOSURE_NOT_ESTABLISHED,Não significa ausência de concurso; catálogo descoberto não fecha inventário por instituição/ano.
AP,Advocacia_Publica,2024,INSTITUTIONAL_CLOSURE_NOT_ESTABLISHED,Não significa ausência de concurso; catálogo descoberto não fecha inventário por instituição/ano.
AP,Advocacia_Publica,2025,INSTITUTIONAL_CLOSURE_NOT_ESTABLISHED,Não significa ausência de concurso; catálogo descoberto não fecha inventário por instituição/ano.
AP,Advocacia_Publica,2026,INSTITUTIONAL_CLOSURE_NOT_ESTABLISHED,Não significa ausência de concurso; catálogo descoberto não fecha inventário por instituição/ano.
AM,Delegado,2023,INSTITUTIONAL_CLOSURE_NOT_ESTABLISHED,Não significa ausência de concurso; catálogo descoberto não fecha inventário por instituição/ano.
AM,Delegado,2024,INSTITUTIONAL_CLOSURE_NOT_ESTABLISHED,Não significa ausência de concurso; catálogo descoberto não fecha inventário por instituição/ano.
AM,Delegado,2025,INSTITUTIONAL_CLOSURE_NOT_ESTABLISHED,Não significa ausência de concurso; catálogo descoberto não fecha inventário por instituição/ano.
AM,Delegado,2026,INSTITUTIONAL_CLOSURE_NOT_ESTABLISHED,Não significa ausência de concurso; catálogo descoberto não fecha inventário por instituição/ano.
AM,Magistratura,2023,INSTITUTIONAL_CLOSURE_NOT_ESTABLISHED,Não significa ausência de concurso; catálogo descoberto não fecha inventário por instituição/ano.
AM,Magistratura,2024,INSTITUTIONAL_CLOSURE_NOT_ESTABLISHED,Não significa ausência de concurso; catálogo descoberto não fecha inventário por instituição/ano.
AM,Magistratura,2025,INSTITUTIONAL_CLOSURE_NOT_ESTABLISHED,Não significa ausência de concurso; catálogo descoberto não fecha inventário por instituição/ano.
AM,Magistratura,2026,INSTITUTIONAL_CLOSURE_NOT_ESTABLISHED,Não significa ausência de concurso; catálogo descoberto não fecha inventário por instituição/ano.
AM,Ministerio_Publico,2023,INSTITUTIONAL_CLOSURE_NOT_ESTABLISHED,Não significa ausência de concurso; catálogo descoberto não fecha inventário por instituição/ano.
AM,Ministerio_Publico,2024,INSTITUTIONAL_CLOSURE_NOT_ESTABLISHED,Não significa ausência de concurso; catálogo descoberto não fecha inventário por instituição/ano.
AM,Ministerio_Publico,2025,INSTITUTIONAL_CLOSURE_NOT_ESTABLISHED,Não significa ausência de concurso; catálogo descoberto não fecha inventário por instituição/ano.
AM,Ministerio_Publico,2026,INSTITUTIONAL_CLOSURE_NOT_ESTABLISHED,Não significa ausência de concurso; catálogo descoberto não fecha inventário por instituição/ano.
AM,Defensoria,2023,INSTITUTIONAL_CLOSURE_NOT_ESTABLISHED,Não significa ausência de concurso; catálogo descoberto não fecha inventário por instituição/ano.
AM,Defensoria,2024,INSTITUTIONAL_CLOSURE_NOT_ESTABLISHED,Não significa ausência de concurso; catálogo descoberto não fecha inventário por instituição/ano.
AM,Defensoria,2025,INSTITUTIONAL_CLOSURE_NOT_ESTABLISHED,Não significa ausência de concurso; catálogo descoberto não fecha inventário por instituição/ano.
AM,Defensoria,2026,INSTITUTIONAL_CLOSURE_NOT_ESTABLISHED,Não significa ausência de concurso; catálogo descoberto não fecha inventário por instituição/ano.
AM,Advocacia_Publica,2023,INSTITUTIONAL_CLOSURE_NOT_ESTABLISHED,Não significa ausência de concurso; catálogo descoberto não fecha inventário por instituição/ano.
AM,Advocacia_Publica,2024,INSTITUTIONAL_CLOSURE_NOT_ESTABLISHED,Não significa ausência de concurso; catálogo descoberto não fecha inventário por instituição/ano.
AM,Advocacia_Publica,2025,INSTITUTIONAL_CLOSURE_NOT_ESTABLISHED,Não significa ausência de concurso; catálogo descoberto não fecha inventário por instituição/ano.
AM,Advocacia_Publica,2026,INSTITUTIONAL_CLOSURE_NOT_ESTABLISHED,Não significa ausência de concurso; catálogo descoberto não fecha inventário por instituição/ano.
BA,Delegado,2023,INSTITUTIONAL_CLOSURE_NOT_ESTABLISHED,Não significa ausência de concurso; catálogo descoberto não fecha inventário por instituição/ano.
BA,Delegado,2024,INSTITUTIONAL_CLOSURE_NOT_ESTABLISHED,Não significa ausência de concurso; catálogo descoberto não fecha inventário por instituição/ano.
BA,Delegado,2025,INSTITUTIONAL_CLOSURE_NOT_ESTABLISHED,Não significa ausência de concurso; catálogo descoberto não fecha inventário por instituição/ano.
BA,Delegado,2026,INSTITUTIONAL_CLOSURE_NOT_ESTABLISHED,Não significa ausência de concurso; catálogo descoberto não fecha inventário por instituição/ano.
BA,Magistratura,2023,INSTITUTIONAL_CLOSURE_NOT_ESTABLISHED,Não significa ausência de concurso; catálogo descoberto não fecha inventário por instituição/ano.
BA,Magistratura,2024,INSTITUTIONAL_CLOSURE_NOT_ESTABLISHED,Não significa ausência de concurso; catálogo descoberto não fecha inventário por instituição/ano.
BA,Magistratura,2025,INSTITUTIONAL_CLOSURE_NOT_ESTABLISHED,Não significa ausência de concurso; catálogo descoberto não fecha inventário por instituição/ano.
BA,Magistratura,2026,INSTITUTIONAL_CLOSURE_NOT_ESTABLISHED,Não significa ausência de concurso; catálogo descoberto não fecha inventário por instituição/ano.
BA,Ministerio_Publico,2023,INSTITUTIONAL_CLOSURE_NOT_ESTABLISHED,Não significa ausência de concurso; catálogo descoberto não fecha inventário por instituição/ano.
BA,Ministerio_Publico,2024,INSTITUTIONAL_CLOSURE_NOT_ESTABLISHED,Não significa ausência de concurso; catálogo descoberto não fecha inventário por instituição/ano.
BA,Ministerio_Publico,2025,INSTITUTIONAL_CLOSURE_NOT_ESTABLISHED,Não significa ausência de concurso; catálogo descoberto não fecha inventário por instituição/ano.
BA,Ministerio_Publico,2026,INSTITUTIONAL_CLOSURE_NOT_ESTABLISHED,Não significa ausência de concurso; catálogo descoberto não fecha inventário por instituição/ano.
BA,Defensoria,2023,INSTITUTIONAL_CLOSURE_NOT_ESTABLISHED,Não significa ausência de concurso; catálogo descoberto não fecha inventário por instituição/ano.
BA,Defensoria,2024,INSTITUTIONAL_CLOSURE_NOT_ESTABLISHED,Não significa ausência de concurso; catálogo descoberto não fecha inventário por instituição/ano.
BA,Defensoria,2025,INSTITUTIONAL_CLOSURE_NOT_ESTABLISHED,Não significa ausência de concurso; catálogo descoberto não fecha inventário por instituição/ano.
BA,Defensoria,2026,INSTITUTIONAL_CLOSURE_NOT_ESTABLISHED,Não significa ausência de concurso; catálogo descoberto não fecha inventário por instituição/ano.
BA,Advocacia_Publica,2023,INSTITUTIONAL_CLOSURE_NOT_ESTABLISHED,Não significa ausência de concurso; catálogo descoberto não fecha inventário por instituição/ano.
BA,Advocacia_Publica,2024,INSTITUTIONAL_CLOSURE_NOT_ESTABLISHED,Não significa ausência de concurso; catálogo descoberto não fecha inventário por instituição/ano.
BA,Advocacia_Publica,2025,INSTITUTIONAL_CLOSURE_NOT_ESTABLISHED,Não significa ausência de concurso; catálogo descoberto não fecha inventário por instituição/ano.
BA,Advocacia_Publica,2026,INSTITUTIONAL_CLOSURE_NOT_ESTABLISHED,Não significa ausência de concurso; catálogo descoberto não fecha inventário por instituição/ano.
CE,Delegado,2023,INSTITUTIONAL_CLOSURE_NOT_ESTABLISHED,Não significa ausência de concurso; catálogo descoberto não fecha inventário por instituição/ano.
CE,Delegado,2024,INSTITUTIONAL_CLOSURE_NOT_ESTABLISHED,Não significa ausência de concurso; catálogo descoberto não fecha inventário por instituição/ano.
CE,Delegado,2025,INSTITUTIONAL_CLOSURE_NOT_ESTABLISHED,Não significa ausência de concurso; catálogo descoberto não fecha inventário por instituição/ano.
CE,Delegado,2026,INSTITUTIONAL_CLOSURE_NOT_ESTABLISHED,Não significa ausência de concurso; catálogo descoberto não fecha inventário por instituição/ano.
CE,Magistratura,2023,INSTITUTIONAL_CLOSURE_NOT_ESTABLISHED,Não significa ausência de concurso; catálogo descoberto não fecha inventário por instituição/ano.
CE,Magistratura,2024,INSTITUTIONAL_CLOSURE_NOT_ESTABLISHED,Não significa ausência de concurso; catálogo descoberto não fecha inventário por instituição/ano.
CE,Magistratura,2025,INSTITUTIONAL_CLOSURE_NOT_ESTABLISHED,Não significa ausência de concurso; catálogo descoberto não fecha inventário por instituição/ano.
CE,Magistratura,2026,INSTITUTIONAL_CLOSURE_NOT_ESTABLISHED,Não significa ausência de concurso; catálogo descoberto não fecha inventário por instituição/ano.
CE,Ministerio_Publico,2023,INSTITUTIONAL_CLOSURE_NOT_ESTABLISHED,Não significa ausência de concurso; catálogo descoberto não fecha inventário por instituição/ano.
CE,Ministerio_Publico,2024,INSTITUTIONAL_CLOSURE_NOT_ESTABLISHED,Não significa ausência de concurso; catálogo descoberto não fecha inventário por instituição/ano.
CE,Ministerio_Publico,2025,INSTITUTIONAL_CLOSURE_NOT_ESTABLISHED,Não significa ausência de concurso; catálogo descoberto não fecha inventário por instituição/ano.
CE,Ministerio_Publico,2026,INSTITUTIONAL_CLOSURE_NOT_ESTABLISHED,Não significa ausência de concurso; catálogo descoberto não fecha inventário por instituição/ano.
CE,Defensoria,2023,INSTITUTIONAL_CLOSURE_NOT_ESTABLISHED,Não significa ausência de concurso; catálogo descoberto não fecha inventário por instituição/ano.
CE,Defensoria,2024,INSTITUTIONAL_CLOSURE_NOT_ESTABLISHED,Não significa ausência de concurso; catálogo descoberto não fecha inventário por instituição/ano.
CE,Defensoria,2025,INSTITUTIONAL_CLOSURE_NOT_ESTABLISHED,Não significa ausência de concurso; catálogo descoberto não fecha inventário por instituição/ano.
CE,Defensoria,2026,INSTITUTIONAL_CLOSURE_NOT_ESTABLISHED,Não significa ausência de concurso; catálogo descoberto não fecha inventário por instituição/ano.
CE,Advocacia_Publica,2023,INSTITUTIONAL_CLOSURE_NOT_ESTABLISHED,Não significa ausência de concurso; catálogo descoberto não fecha inventário por instituição/ano.
CE,Advocacia_Publica,2024,INSTITUTIONAL_CLOSURE_NOT_ESTABLISHED,Não significa ausência de concurso; catálogo descoberto não fecha inventário por instituição/ano.
CE,Advocacia_Publica,2025,INSTITUTIONAL_CLOSURE_NOT_ESTABLISHED,Não significa ausência de concurso; catálogo descoberto não fecha inventário por instituição/ano.
CE,Advocacia_Publica,2026,INSTITUTIONAL_CLOSURE_NOT_ESTABLISHED,Não significa ausência de concurso; catálogo descoberto não fecha inventário por instituição/ano.
DF,Delegado,2023,INSTITUTIONAL_CLOSURE_NOT_ESTABLISHED,Não significa ausência de concurso; catálogo descoberto não fecha inventário por instituição/ano.
DF,Delegado,2024,INSTITUTIONAL_CLOSURE_NOT_ESTABLISHED,Não significa ausência de concurso; catálogo descoberto não fecha inventário por instituição/ano.
DF,Delegado,2025,INSTITUTIONAL_CLOSURE_NOT_ESTABLISHED,Não significa ausência de concurso; catálogo descoberto não fecha inventário por instituição/ano.
DF,Delegado,2026,INSTITUTIONAL_CLOSURE_NOT_ESTABLISHED,Não significa ausência de concurso; catálogo descoberto não fecha inventário por instituição/ano.
DF,Magistratura,2023,INSTITUTIONAL_CLOSURE_NOT_ESTABLISHED,Não significa ausência de concurso; catálogo descoberto não fecha inventário por instituição/ano.
DF,Magistratura,2024,INSTITUTIONAL_CLOSURE_NOT_ESTABLISHED,Não significa ausência de concurso; catálogo descoberto não fecha inventário por instituição/ano.
DF,Magistratura,2025,INSTITUTIONAL_CLOSURE_NOT_ESTABLISHED,Não significa ausência de concurso; catálogo descoberto não fecha inventário por instituição/ano.
DF,Magistratura,2026,INSTITUTIONAL_CLOSURE_NOT_ESTABLISHED,Não significa ausência de concurso; catálogo descoberto não fecha inventário por instituição/ano.
DF,Ministerio_Publico,2023,INSTITUTIONAL_CLOSURE_NOT_ESTABLISHED,Não significa ausência de concurso; catálogo descoberto não fecha inventário por instituição/ano.
DF,Ministerio_Publico,2024,INSTITUTIONAL_CLOSURE_NOT_ESTABLISHED,Não significa ausência de concurso; catálogo descoberto não fecha inventário por instituição/ano.
DF,Ministerio_Publico,2025,INSTITUTIONAL_CLOSURE_NOT_ESTABLISHED,Não significa ausência de concurso; catálogo descoberto não fecha inventário por instituição/ano.
DF,Ministerio_Publico,2026,INSTITUTIONAL_CLOSURE_NOT_ESTABLISHED,Não significa ausência de concurso; catálogo descoberto não fecha inventário por instituição/ano.
DF,Defensoria,2023,INSTITUTIONAL_CLOSURE_NOT_ESTABLISHED,Não significa ausência de concurso; catálogo descoberto não fecha inventário por instituição/ano.
DF,Defensoria,2024,INSTITUTIONAL_CLOSURE_NOT_ESTABLISHED,Não significa ausência de concurso; catálogo descoberto não fecha inventário por instituição/ano.
DF,Defensoria,2025,INSTITUTIONAL_CLOSURE_NOT_ESTABLISHED,Não significa ausência de concurso; catálogo descoberto não fecha inventário por instituição/ano.
DF,Defensoria,2026,INSTITUTIONAL_CLOSURE_NOT_ESTABLISHED,Não significa ausência de concurso; catálogo descoberto não fecha inventário por instituição/ano.
DF,Advocacia_Publica,2023,INSTITUTIONAL_CLOSURE_NOT_ESTABLISHED,Não significa ausência de concurso; catálogo descoberto não fecha inventário por instituição/ano.
DF,Advocacia_Publica,2024,INSTITUTIONAL_CLOSURE_NOT_ESTABLISHED,Não significa ausência de concurso; catálogo descoberto não fecha inventário por instituição/ano.
DF,Advocacia_Publica,2025,INSTITUTIONAL_CLOSURE_NOT_ESTABLISHED,Não significa ausência de concurso; catálogo descoberto não fecha inventário por instituição/ano.
DF,Advocacia_Publica,2026,INSTITUTIONAL_CLOSURE_NOT_ESTABLISHED,Não significa ausência de concurso; catálogo descoberto não fecha inventário por instituição/ano.
ES,Delegado,2023,INSTITUTIONAL_CLOSURE_NOT_ESTABLISHED,Não significa ausência de concurso; catálogo descoberto não fecha inventário por instituição/ano.
ES,Delegado,2024,INSTITUTIONAL_CLOSURE_NOT_ESTABLISHED,Não significa ausência de concurso; catálogo descoberto não fecha inventário por instituição/ano.
ES,Delegado,2025,INSTITUTIONAL_CLOSURE_NOT_ESTABLISHED,Não significa ausência de concurso; catálogo descoberto não fecha inventário por instituição/ano.
ES,Delegado,2026,INSTITUTIONAL_CLOSURE_NOT_ESTABLISHED,Não significa ausência de concurso; catálogo descoberto não fecha inventário por instituição/ano.
ES,Magistratura,2023,INSTITUTIONAL_CLOSURE_NOT_ESTABLISHED,Não significa ausência de concurso; catálogo descoberto não fecha inventário por instituição/ano.
ES,Magistratura,2024,INSTITUTIONAL_CLOSURE_NOT_ESTABLISHED,Não significa ausência de concurso; catálogo descoberto não fecha inventário por instituição/ano.
ES,Magistratura,2025,INSTITUTIONAL_CLOSURE_NOT_ESTABLISHED,Não significa ausência de concurso; catálogo descoberto não fecha inventário por instituição/ano.
ES,Magistratura,2026,INSTITUTIONAL_CLOSURE_NOT_ESTABLISHED,Não significa ausência de concurso; catálogo descoberto não fecha inventário por instituição/ano.
ES,Ministerio_Publico,2023,INSTITUTIONAL_CLOSURE_NOT_ESTABLISHED,Não significa ausência de concurso; catálogo descoberto não fecha inventário por instituição/ano.
ES,Ministerio_Publico,2024,INSTITUTIONAL_CLOSURE_NOT_ESTABLISHED,Não significa ausência de concurso; catálogo descoberto não fecha inventário por instituição/ano.
ES,Ministerio_Publico,2025,INSTITUTIONAL_CLOSURE_NOT_ESTABLISHED,Não significa ausência de concurso; catálogo descoberto não fecha inventário por instituição/ano.
ES,Ministerio_Publico,2026,INSTITUTIONAL_CLOSURE_NOT_ESTABLISHED,Não significa ausência de concurso; catálogo descoberto não fecha inventário por instituição/ano.
ES,Defensoria,2023,INSTITUTIONAL_CLOSURE_NOT_ESTABLISHED,Não significa ausência de concurso; catálogo descoberto não fecha inventário por instituição/ano.
ES,Defensoria,2024,INSTITUTIONAL_CLOSURE_NOT_ESTABLISHED,Não significa ausência de concurso; catálogo descoberto não fecha inventário por instituição/ano.
ES,Defensoria,2025,INSTITUTIONAL_CLOSURE_NOT_ESTABLISHED,Não significa ausência de concurso; catálogo descoberto não fecha inventário por instituição/ano.
ES,Defensoria,2026,INSTITUTIONAL_CLOSURE_NOT_ESTABLISHED,Não significa ausência de concurso; catálogo descoberto não fecha inventário por instituição/ano.
ES,Advocacia_Publica,2023,INSTITUTIONAL_CLOSURE_NOT_ESTABLISHED,Não significa ausência de concurso; catálogo descoberto não fecha inventário por instituição/ano.
ES,Advocacia_Publica,2024,INSTITUTIONAL_CLOSURE_NOT_ESTABLISHED,Não significa ausência de concurso; catálogo descoberto não fecha inventário por instituição/ano.
ES,Advocacia_Publica,2025,INSTITUTIONAL_CLOSURE_NOT_ESTABLISHED,Não significa ausência de concurso; catálogo descoberto não fecha inventário por instituição/ano.
ES,Advocacia_Publica,2026,INSTITUTIONAL_CLOSURE_NOT_ESTABLISHED,Não significa ausência de concurso; catálogo descoberto não fecha inventário por instituição/ano.
GO,Delegado,2023,INSTITUTIONAL_CLOSURE_NOT_ESTABLISHED,Não significa ausência de concurso; catálogo descoberto não fecha inventário por instituição/ano.
GO,Delegado,2024,INSTITUTIONAL_CLOSURE_NOT_ESTABLISHED,Não significa ausência de concurso; catálogo descoberto não fecha inventário por instituição/ano.
GO,Delegado,2025,INSTITUTIONAL_CLOSURE_NOT_ESTABLISHED,Não significa ausência de concurso; catálogo descoberto não fecha inventário por instituição/ano.
GO,Delegado,2026,INSTITUTIONAL_CLOSURE_NOT_ESTABLISHED,Não significa ausência de concurso; catálogo descoberto não fecha inventário por instituição/ano.
GO,Magistratura,2023,INSTITUTIONAL_CLOSURE_NOT_ESTABLISHED,Não significa ausência de concurso; catálogo descoberto não fecha inventário por instituição/ano.
GO,Magistratura,2024,INSTITUTIONAL_CLOSURE_NOT_ESTABLISHED,Não significa ausência de concurso; catálogo descoberto não fecha inventário por instituição/ano.
GO,Magistratura,2025,INSTITUTIONAL_CLOSURE_NOT_ESTABLISHED,Não significa ausência de concurso; catálogo descoberto não fecha inventário por instituição/ano.
GO,Magistratura,2026,INSTITUTIONAL_CLOSURE_NOT_ESTABLISHED,Não significa ausência de concurso; catálogo descoberto não fecha inventário por instituição/ano.
GO,Ministerio_Publico,2023,INSTITUTIONAL_CLOSURE_NOT_ESTABLISHED,Não significa ausência de concurso; catálogo descoberto não fecha inventário por instituição/ano.
GO,Ministerio_Publico,2024,INSTITUTIONAL_CLOSURE_NOT_ESTABLISHED,Não significa ausência de concurso; catálogo descoberto não fecha inventário por instituição/ano.
GO,Ministerio_Publico,2025,INSTITUTIONAL_CLOSURE_NOT_ESTABLISHED,Não significa ausência de concurso; catálogo descoberto não fecha inventário por instituição/ano.
GO,Ministerio_Publico,2026,INSTITUTIONAL_CLOSURE_NOT_ESTABLISHED,Não significa ausência de concurso; catálogo descoberto não fecha inventário por instituição/ano.
GO,Defensoria,2023,INSTITUTIONAL_CLOSURE_NOT_ESTABLISHED,Não significa ausência de concurso; catálogo descoberto não fecha inventário por instituição/ano.
GO,Defensoria,2024,INSTITUTIONAL_CLOSURE_NOT_ESTABLISHED,Não significa ausência de concurso; catálogo descoberto não fecha inventário por instituição/ano.
GO,Defensoria,2025,INSTITUTIONAL_CLOSURE_NOT_ESTABLISHED,Não significa ausência de concurso; catálogo descoberto não fecha inventário por instituição/ano.
GO,Defensoria,2026,INSTITUTIONAL_CLOSURE_NOT_ESTABLISHED,Não significa ausência de concurso; catálogo descoberto não fecha inventário por instituição/ano.
GO,Advocacia_Publica,2023,INSTITUTIONAL_CLOSURE_NOT_ESTABLISHED,Não significa ausência de concurso; catálogo descoberto não fecha inventário por instituição/ano.
GO,Advocacia_Publica,2024,INSTITUTIONAL_CLOSURE_NOT_ESTABLISHED,Não significa ausência de concurso; catálogo descoberto não fecha inventário por instituição/ano.
GO,Advocacia_Publica,2025,INSTITUTIONAL_CLOSURE_NOT_ESTABLISHED,Não significa ausência de concurso; catálogo descoberto não fecha inventário por instituição/ano.
GO,Advocacia_Publica,2026,INSTITUTIONAL_CLOSURE_NOT_ESTABLISHED,Não significa ausência de concurso; catálogo descoberto não fecha inventário por instituição/ano.
MA,Delegado,2023,INSTITUTIONAL_CLOSURE_NOT_ESTABLISHED,Não significa ausência de concurso; catálogo descoberto não fecha inventário por instituição/ano.
MA,Delegado,2024,INSTITUTIONAL_CLOSURE_NOT_ESTABLISHED,Não significa ausência de concurso; catálogo descoberto não fecha inventário por instituição/ano.
MA,Delegado,2025,INSTITUTIONAL_CLOSURE_NOT_ESTABLISHED,Não significa ausência de concurso; catálogo descoberto não fecha inventário por instituição/ano.
MA,Delegado,2026,INSTITUTIONAL_CLOSURE_NOT_ESTABLISHED,Não significa ausência de concurso; catálogo descoberto não fecha inventário por instituição/ano.
MA,Magistratura,2023,INSTITUTIONAL_CLOSURE_NOT_ESTABLISHED,Não significa ausência de concurso; catálogo descoberto não fecha inventário por instituição/ano.
MA,Magistratura,2024,INSTITUTIONAL_CLOSURE_NOT_ESTABLISHED,Não significa ausência de concurso; catálogo descoberto não fecha inventário por instituição/ano.
MA,Magistratura,2025,INSTITUTIONAL_CLOSURE_NOT_ESTABLISHED,Não significa ausência de concurso; catálogo descoberto não fecha inventário por instituição/ano.
MA,Magistratura,2026,INSTITUTIONAL_CLOSURE_NOT_ESTABLISHED,Não significa ausência de concurso; catálogo descoberto não fecha inventário por instituição/ano.
MA,Ministerio_Publico,2023,INSTITUTIONAL_CLOSURE_NOT_ESTABLISHED,Não significa ausência de concurso; catálogo descoberto não fecha inventário por instituição/ano.
MA,Ministerio_Publico,2024,INSTITUTIONAL_CLOSURE_NOT_ESTABLISHED,Não significa ausência de concurso; catálogo descoberto não fecha inventário por instituição/ano.
MA,Ministerio_Publico,2025,INSTITUTIONAL_CLOSURE_NOT_ESTABLISHED,Não significa ausência de concurso; catálogo descoberto não fecha inventário por instituição/ano.
MA,Ministerio_Publico,2026,INSTITUTIONAL_CLOSURE_NOT_ESTABLISHED,Não significa ausência de concurso; catálogo descoberto não fecha inventário por instituição/ano.
MA,Defensoria,2023,INSTITUTIONAL_CLOSURE_NOT_ESTABLISHED,Não significa ausência de concurso; catálogo descoberto não fecha inventário por instituição/ano.
MA,Defensoria,2024,INSTITUTIONAL_CLOSURE_NOT_ESTABLISHED,Não significa ausência de concurso; catálogo descoberto não fecha inventário por instituição/ano.
MA,Defensoria,2025,INSTITUTIONAL_CLOSURE_NOT_ESTABLISHED,Não significa ausência de concurso; catálogo descoberto não fecha inventário por instituição/ano.
MA,Defensoria,2026,INSTITUTIONAL_CLOSURE_NOT_ESTABLISHED,Não significa ausência de concurso; catálogo descoberto não fecha inventário por instituição/ano.
MA,Advocacia_Publica,2023,INSTITUTIONAL_CLOSURE_NOT_ESTABLISHED,Não significa ausência de concurso; catálogo descoberto não fecha inventário por instituição/ano.
MA,Advocacia_Publica,2024,INSTITUTIONAL_CLOSURE_NOT_ESTABLISHED,Não significa ausência de concurso; catálogo descoberto não fecha inventário por instituição/ano.
MA,Advocacia_Publica,2025,INSTITUTIONAL_CLOSURE_NOT_ESTABLISHED,Não significa ausência de concurso; catálogo descoberto não fecha inventário por instituição/ano.
MA,Advocacia_Publica,2026,INSTITUTIONAL_CLOSURE_NOT_ESTABLISHED,Não significa ausência de concurso; catálogo descoberto não fecha inventário por instituição/ano.
MT,Delegado,2023,INSTITUTIONAL_CLOSURE_NOT_ESTABLISHED,Não significa ausência de concurso; catálogo descoberto não fecha inventário por instituição/ano.
MT,Delegado,2024,INSTITUTIONAL_CLOSURE_NOT_ESTABLISHED,Não significa ausência de concurso; catálogo descoberto não fecha inventário por instituição/ano.
MT,Delegado,2025,INSTITUTIONAL_CLOSURE_NOT_ESTABLISHED,Não significa ausência de concurso; catálogo descoberto não fecha inventário por instituição/ano.
MT,Delegado,2026,INSTITUTIONAL_CLOSURE_NOT_ESTABLISHED,Não significa ausência de concurso; catálogo descoberto não fecha inventário por instituição/ano.
MT,Magistratura,2023,INSTITUTIONAL_CLOSURE_NOT_ESTABLISHED,Não significa ausência de concurso; catálogo descoberto não fecha inventário por instituição/ano.
MT,Magistratura,2024,INSTITUTIONAL_CLOSURE_NOT_ESTABLISHED,Não significa ausência de concurso; catálogo descoberto não fecha inventário por instituição/ano.
MT,Magistratura,2025,INSTITUTIONAL_CLOSURE_NOT_ESTABLISHED,Não significa ausência de concurso; catálogo descoberto não fecha inventário por instituição/ano.
MT,Magistratura,2026,INSTITUTIONAL_CLOSURE_NOT_ESTABLISHED,Não significa ausência de concurso; catálogo descoberto não fecha inventário por instituição/ano.
MT,Ministerio_Publico,2023,INSTITUTIONAL_CLOSURE_NOT_ESTABLISHED,Não significa ausência de concurso; catálogo descoberto não fecha inventário por instituição/ano.
MT,Ministerio_Publico,2024,INSTITUTIONAL_CLOSURE_NOT_ESTABLISHED,Não significa ausência de concurso; catálogo descoberto não fecha inventário por instituição/ano.
MT,Ministerio_Publico,2025,INSTITUTIONAL_CLOSURE_NOT_ESTABLISHED,Não significa ausência de concurso; catálogo descoberto não fecha inventário por instituição/ano.
MT,Ministerio_Publico,2026,INSTITUTIONAL_CLOSURE_NOT_ESTABLISHED,Não significa ausência de concurso; catálogo descoberto não fecha inventário por instituição/ano.
MT,Defensoria,2023,INSTITUTIONAL_CLOSURE_NOT_ESTABLISHED,Não significa ausência de concurso; catálogo descoberto não fecha inventário por instituição/ano.
MT,Defensoria,2024,INSTITUTIONAL_CLOSURE_NOT_ESTABLISHED,Não significa ausência de concurso; catálogo descoberto não fecha inventário por instituição/ano.
MT,Defensoria,2025,INSTITUTIONAL_CLOSURE_NOT_ESTABLISHED,Não significa ausência de concurso; catálogo descoberto não fecha inventário por instituição/ano.
MT,Defensoria,2026,INSTITUTIONAL_CLOSURE_NOT_ESTABLISHED,Não significa ausência de concurso; catálogo descoberto não fecha inventário por instituição/ano.
MT,Advocacia_Publica,2023,INSTITUTIONAL_CLOSURE_NOT_ESTABLISHED,Não significa ausência de concurso; catálogo descoberto não fecha inventário por instituição/ano.
MT,Advocacia_Publica,2024,INSTITUTIONAL_CLOSURE_NOT_ESTABLISHED,Não significa ausência de concurso; catálogo descoberto não fecha inventário por instituição/ano.
MT,Advocacia_Publica,2025,INSTITUTIONAL_CLOSURE_NOT_ESTABLISHED,Não significa ausência de concurso; catálogo descoberto não fecha inventário por instituição/ano.
MT,Advocacia_Publica,2026,INSTITUTIONAL_CLOSURE_NOT_ESTABLISHED,Não significa ausência de concurso; catálogo descoberto não fecha inventário por instituição/ano.
MS,Delegado,2023,INSTITUTIONAL_CLOSURE_NOT_ESTABLISHED,Não significa ausência de concurso; catálogo descoberto não fecha inventário por instituição/ano.
MS,Delegado,2024,INSTITUTIONAL_CLOSURE_NOT_ESTABLISHED,Não significa ausência de concurso; catálogo descoberto não fecha inventário por instituição/ano.
MS,Delegado,2025,INSTITUTIONAL_CLOSURE_NOT_ESTABLISHED,Não significa ausência de concurso; catálogo descoberto não fecha inventário por instituição/ano.
MS,Delegado,2026,INSTITUTIONAL_CLOSURE_NOT_ESTABLISHED,Não significa ausência de concurso; catálogo descoberto não fecha inventário por instituição/ano.
MS,Magistratura,2023,INSTITUTIONAL_CLOSURE_NOT_ESTABLISHED,Não significa ausência de concurso; catálogo descoberto não fecha inventário por instituição/ano.
MS,Magistratura,2024,INSTITUTIONAL_CLOSURE_NOT_ESTABLISHED,Não significa ausência de concurso; catálogo descoberto não fecha inventário por instituição/ano.
MS,Magistratura,2025,INSTITUTIONAL_CLOSURE_NOT_ESTABLISHED,Não significa ausência de concurso; catálogo descoberto não fecha inventário por instituição/ano.
MS,Magistratura,2026,INSTITUTIONAL_CLOSURE_NOT_ESTABLISHED,Não significa ausência de concurso; catálogo descoberto não fecha inventário por instituição/ano.
MS,Ministerio_Publico,2023,INSTITUTIONAL_CLOSURE_NOT_ESTABLISHED,Não significa ausência de concurso; catálogo descoberto não fecha inventário por instituição/ano.
MS,Ministerio_Publico,2024,INSTITUTIONAL_CLOSURE_NOT_ESTABLISHED,Não significa ausência de concurso; catálogo descoberto não fecha inventário por instituição/ano.
MS,Ministerio_Publico,2025,INSTITUTIONAL_CLOSURE_NOT_ESTABLISHED,Não significa ausência de concurso; catálogo descoberto não fecha inventário por instituição/ano.
MS,Ministerio_Publico,2026,INSTITUTIONAL_CLOSURE_NOT_ESTABLISHED,Não significa ausência de concurso; catálogo descoberto não fecha inventário por instituição/ano.
MS,Defensoria,2023,INSTITUTIONAL_CLOSURE_NOT_ESTABLISHED,Não significa ausência de concurso; catálogo descoberto não fecha inventário por instituição/ano.
MS,Defensoria,2024,INSTITUTIONAL_CLOSURE_NOT_ESTABLISHED,Não significa ausência de concurso; catálogo descoberto não fecha inventário por instituição/ano.
MS,Defensoria,2025,INSTITUTIONAL_CLOSURE_NOT_ESTABLISHED,Não significa ausência de concurso; catálogo descoberto não fecha inventário por instituição/ano.
MS,Defensoria,2026,INSTITUTIONAL_CLOSURE_NOT_ESTABLISHED,Não significa ausência de concurso; catálogo descoberto não fecha inventário por instituição/ano.
MS,Advocacia_Publica,2023,INSTITUTIONAL_CLOSURE_NOT_ESTABLISHED,Não significa ausência de concurso; catálogo descoberto não fecha inventário por instituição/ano.
MS,Advocacia_Publica,2024,INSTITUTIONAL_CLOSURE_NOT_ESTABLISHED,Não significa ausência de concurso; catálogo descoberto não fecha inventário por instituição/ano.
MS,Advocacia_Publica,2025,INSTITUTIONAL_CLOSURE_NOT_ESTABLISHED,Não significa ausência de concurso; catálogo descoberto não fecha inventário por instituição/ano.
MS,Advocacia_Publica,2026,INSTITUTIONAL_CLOSURE_NOT_ESTABLISHED,Não significa ausência de concurso; catálogo descoberto não fecha inventário por instituição/ano.
MG,Delegado,2023,INSTITUTIONAL_CLOSURE_NOT_ESTABLISHED,Não significa ausência de concurso; catálogo descoberto não fecha inventário por instituição/ano.
MG,Delegado,2024,INSTITUTIONAL_CLOSURE_NOT_ESTABLISHED,Não significa ausência de concurso; catálogo descoberto não fecha inventário por instituição/ano.
MG,Delegado,2025,INSTITUTIONAL_CLOSURE_NOT_ESTABLISHED,Não significa ausência de concurso; catálogo descoberto não fecha inventário por instituição/ano.
MG,Delegado,2026,INSTITUTIONAL_CLOSURE_NOT_ESTABLISHED,Não significa ausência de concurso; catálogo descoberto não fecha inventário por instituição/ano.
MG,Magistratura,2023,INSTITUTIONAL_CLOSURE_NOT_ESTABLISHED,Não significa ausência de concurso; catálogo descoberto não fecha inventário por instituição/ano.
MG,Magistratura,2024,INSTITUTIONAL_CLOSURE_NOT_ESTABLISHED,Não significa ausência de concurso; catálogo descoberto não fecha inventário por instituição/ano.
MG,Magistratura,2025,INSTITUTIONAL_CLOSURE_NOT_ESTABLISHED,Não significa ausência de concurso; catálogo descoberto não fecha inventário por instituição/ano.
MG,Magistratura,2026,INSTITUTIONAL_CLOSURE_NOT_ESTABLISHED,Não significa ausência de concurso; catálogo descoberto não fecha inventário por instituição/ano.
MG,Ministerio_Publico,2023,INSTITUTIONAL_CLOSURE_NOT_ESTABLISHED,Não significa ausência de concurso; catálogo descoberto não fecha inventário por instituição/ano.
MG,Ministerio_Publico,2024,INSTITUTIONAL_CLOSURE_NOT_ESTABLISHED,Não significa ausência de concurso; catálogo descoberto não fecha inventário por instituição/ano.
MG,Ministerio_Publico,2025,INSTITUTIONAL_CLOSURE_NOT_ESTABLISHED,Não significa ausência de concurso; catálogo descoberto não fecha inventário por instituição/ano.
MG,Ministerio_Publico,2026,INSTITUTIONAL_CLOSURE_NOT_ESTABLISHED,Não significa ausência de concurso; catálogo descoberto não fecha inventário por instituição/ano.
MG,Defensoria,2023,INSTITUTIONAL_CLOSURE_NOT_ESTABLISHED,Não significa ausência de concurso; catálogo descoberto não fecha inventário por instituição/ano.
MG,Defensoria,2024,INSTITUTIONAL_CLOSURE_NOT_ESTABLISHED,Não significa ausência de concurso; catálogo descoberto não fecha inventário por instituição/ano.
MG,Defensoria,2025,INSTITUTIONAL_CLOSURE_NOT_ESTABLISHED,Não significa ausência de concurso; catálogo descoberto não fecha inventário por instituição/ano.
MG,Defensoria,2026,INSTITUTIONAL_CLOSURE_NOT_ESTABLISHED,Não significa ausência de concurso; catálogo descoberto não fecha inventário por instituição/ano.
MG,Advocacia_Publica,2023,INSTITUTIONAL_CLOSURE_NOT_ESTABLISHED,Não significa ausência de concurso; catálogo descoberto não fecha inventário por instituição/ano.
MG,Advocacia_Publica,2024,INSTITUTIONAL_CLOSURE_NOT_ESTABLISHED,Não significa ausência de concurso; catálogo descoberto não fecha inventário por instituição/ano.
MG,Advocacia_Publica,2025,INSTITUTIONAL_CLOSURE_NOT_ESTABLISHED,Não significa ausência de concurso; catálogo descoberto não fecha inventário por instituição/ano.
MG,Advocacia_Publica,2026,INSTITUTIONAL_CLOSURE_NOT_ESTABLISHED,Não significa ausência de concurso; catálogo descoberto não fecha inventário por instituição/ano.
PA,Delegado,2023,INSTITUTIONAL_CLOSURE_NOT_ESTABLISHED,Não significa ausência de concurso; catálogo descoberto não fecha inventário por instituição/ano.
PA,Delegado,2024,INSTITUTIONAL_CLOSURE_NOT_ESTABLISHED,Não significa ausência de concurso; catálogo descoberto não fecha inventário por instituição/ano.
PA,Delegado,2025,INSTITUTIONAL_CLOSURE_NOT_ESTABLISHED,Não significa ausência de concurso; catálogo descoberto não fecha inventário por instituição/ano.
PA,Delegado,2026,INSTITUTIONAL_CLOSURE_NOT_ESTABLISHED,Não significa ausência de concurso; catálogo descoberto não fecha inventário por instituição/ano.
PA,Magistratura,2023,INSTITUTIONAL_CLOSURE_NOT_ESTABLISHED,Não significa ausência de concurso; catálogo descoberto não fecha inventário por instituição/ano.
PA,Magistratura,2024,INSTITUTIONAL_CLOSURE_NOT_ESTABLISHED,Não significa ausência de concurso; catálogo descoberto não fecha inventário por instituição/ano.
PA,Magistratura,2025,INSTITUTIONAL_CLOSURE_NOT_ESTABLISHED,Não significa ausência de concurso; catálogo descoberto não fecha inventário por instituição/ano.
PA,Magistratura,2026,INSTITUTIONAL_CLOSURE_NOT_ESTABLISHED,Não significa ausência de concurso; catálogo descoberto não fecha inventário por instituição/ano.
PA,Ministerio_Publico,2023,INSTITUTIONAL_CLOSURE_NOT_ESTABLISHED,Não significa ausência de concurso; catálogo descoberto não fecha inventário por instituição/ano.
PA,Ministerio_Publico,2024,INSTITUTIONAL_CLOSURE_NOT_ESTABLISHED,Não significa ausência de concurso; catálogo descoberto não fecha inventário por instituição/ano.
PA,Ministerio_Publico,2025,INSTITUTIONAL_CLOSURE_NOT_ESTABLISHED,Não significa ausência de concurso; catálogo descoberto não fecha inventário por instituição/ano.
PA,Ministerio_Publico,2026,INSTITUTIONAL_CLOSURE_NOT_ESTABLISHED,Não significa ausência de concurso; catálogo descoberto não fecha inventário por instituição/ano.
PA,Defensoria,2023,INSTITUTIONAL_CLOSURE_NOT_ESTABLISHED,Não significa ausência de concurso; catálogo descoberto não fecha inventário por instituição/ano.
PA,Defensoria,2024,INSTITUTIONAL_CLOSURE_NOT_ESTABLISHED,Não significa ausência de concurso; catálogo descoberto não fecha inventário por instituição/ano.
PA,Defensoria,2025,INSTITUTIONAL_CLOSURE_NOT_ESTABLISHED,Não significa ausência de concurso; catálogo descoberto não fecha inventário por instituição/ano.
PA,Defensoria,2026,INSTITUTIONAL_CLOSURE_NOT_ESTABLISHED,Não significa ausência de concurso; catálogo descoberto não fecha inventário por instituição/ano.
PA,Advocacia_Publica,2023,INSTITUTIONAL_CLOSURE_NOT_ESTABLISHED,Não significa ausência de concurso; catálogo descoberto não fecha inventário por instituição/ano.
PA,Advocacia_Publica,2024,INSTITUTIONAL_CLOSURE_NOT_ESTABLISHED,Não significa ausência de concurso; catálogo descoberto não fecha inventário por instituição/ano.
PA,Advocacia_Publica,2025,INSTITUTIONAL_CLOSURE_NOT_ESTABLISHED,Não significa ausência de concurso; catálogo descoberto não fecha inventário por instituição/ano.
PA,Advocacia_Publica,2026,INSTITUTIONAL_CLOSURE_NOT_ESTABLISHED,Não significa ausência de concurso; catálogo descoberto não fecha inventário por instituição/ano.
PB,Delegado,2023,INSTITUTIONAL_CLOSURE_NOT_ESTABLISHED,Não significa ausência de concurso; catálogo descoberto não fecha inventário por instituição/ano.
PB,Delegado,2024,INSTITUTIONAL_CLOSURE_NOT_ESTABLISHED,Não significa ausência de concurso; catálogo descoberto não fecha inventário por instituição/ano.
PB,Delegado,2025,INSTITUTIONAL_CLOSURE_NOT_ESTABLISHED,Não significa ausência de concurso; catálogo descoberto não fecha inventário por instituição/ano.
PB,Delegado,2026,INSTITUTIONAL_CLOSURE_NOT_ESTABLISHED,Não significa ausência de concurso; catálogo descoberto não fecha inventário por instituição/ano.
PB,Magistratura,2023,INSTITUTIONAL_CLOSURE_NOT_ESTABLISHED,Não significa ausência de concurso; catálogo descoberto não fecha inventário por instituição/ano.
PB,Magistratura,2024,INSTITUTIONAL_CLOSURE_NOT_ESTABLISHED,Não significa ausência de concurso; catálogo descoberto não fecha inventário por instituição/ano.
PB,Magistratura,2025,INSTITUTIONAL_CLOSURE_NOT_ESTABLISHED,Não significa ausência de concurso; catálogo descoberto não fecha inventário por instituição/ano.
PB,Magistratura,2026,INSTITUTIONAL_CLOSURE_NOT_ESTABLISHED,Não significa ausência de concurso; catálogo descoberto não fecha inventário por instituição/ano.
PB,Ministerio_Publico,2023,INSTITUTIONAL_CLOSURE_NOT_ESTABLISHED,Não significa ausência de concurso; catálogo descoberto não fecha inventário por instituição/ano.
PB,Ministerio_Publico,2024,INSTITUTIONAL_CLOSURE_NOT_ESTABLISHED,Não significa ausência de concurso; catálogo descoberto não fecha inventário por instituição/ano.
PB,Ministerio_Publico,2025,INSTITUTIONAL_CLOSURE_NOT_ESTABLISHED,Não significa ausência de concurso; catálogo descoberto não fecha inventário por instituição/ano.
PB,Ministerio_Publico,2026,INSTITUTIONAL_CLOSURE_NOT_ESTABLISHED,Não significa ausência de concurso; catálogo descoberto não fecha inventário por instituição/ano.
PB,Defensoria,2023,INSTITUTIONAL_CLOSURE_NOT_ESTABLISHED,Não significa ausência de concurso; catálogo descoberto não fecha inventário por instituição/ano.
PB,Defensoria,2024,INSTITUTIONAL_CLOSURE_NOT_ESTABLISHED,Não significa ausência de concurso; catálogo descoberto não fecha inventário por instituição/ano.
PB,Defensoria,2025,INSTITUTIONAL_CLOSURE_NOT_ESTABLISHED,Não significa ausência de concurso; catálogo descoberto não fecha inventário por instituição/ano.
PB,Defensoria,2026,INSTITUTIONAL_CLOSURE_NOT_ESTABLISHED,Não significa ausência de concurso; catálogo descoberto não fecha inventário por instituição/ano.
PB,Advocacia_Publica,2023,INSTITUTIONAL_CLOSURE_NOT_ESTABLISHED,Não significa ausência de concurso; catálogo descoberto não fecha inventário por instituição/ano.
PB,Advocacia_Publica,2024,INSTITUTIONAL_CLOSURE_NOT_ESTABLISHED,Não significa ausência de concurso; catálogo descoberto não fecha inventário por instituição/ano.
PB,Advocacia_Publica,2025,INSTITUTIONAL_CLOSURE_NOT_ESTABLISHED,Não significa ausência de concurso; catálogo descoberto não fecha inventário por instituição/ano.
PB,Advocacia_Publica,2026,INSTITUTIONAL_CLOSURE_NOT_ESTABLISHED,Não significa ausência de concurso; catálogo descoberto não fecha inventário por instituição/ano.
PR,Delegado,2023,INSTITUTIONAL_CLOSURE_NOT_ESTABLISHED,Não significa ausência de concurso; catálogo descoberto não fecha inventário por instituição/ano.
PR,Delegado,2024,INSTITUTIONAL_CLOSURE_NOT_ESTABLISHED,Não significa ausência de concurso; catálogo descoberto não fecha inventário por instituição/ano.
PR,Delegado,2025,INSTITUTIONAL_CLOSURE_NOT_ESTABLISHED,Não significa ausência de concurso; catálogo descoberto não fecha inventário por instituição/ano.
PR,Delegado,2026,INSTITUTIONAL_CLOSURE_NOT_ESTABLISHED,Não significa ausência de concurso; catálogo descoberto não fecha inventário por instituição/ano.
PR,Magistratura,2023,INSTITUTIONAL_CLOSURE_NOT_ESTABLISHED,Não significa ausência de concurso; catálogo descoberto não fecha inventário por instituição/ano.
PR,Magistratura,2024,INSTITUTIONAL_CLOSURE_NOT_ESTABLISHED,Não significa ausência de concurso; catálogo descoberto não fecha inventário por instituição/ano.
PR,Magistratura,2025,INSTITUTIONAL_CLOSURE_NOT_ESTABLISHED,Não significa ausência de concurso; catálogo descoberto não fecha inventário por instituição/ano.
PR,Magistratura,2026,INSTITUTIONAL_CLOSURE_NOT_ESTABLISHED,Não significa ausência de concurso; catálogo descoberto não fecha inventário por instituição/ano.
PR,Ministerio_Publico,2023,INSTITUTIONAL_CLOSURE_NOT_ESTABLISHED,Não significa ausência de concurso; catálogo descoberto não fecha inventário por instituição/ano.
PR,Ministerio_Publico,2024,INSTITUTIONAL_CLOSURE_NOT_ESTABLISHED,Não significa ausência de concurso; catálogo descoberto não fecha inventário por instituição/ano.
PR,Ministerio_Publico,2025,INSTITUTIONAL_CLOSURE_NOT_ESTABLISHED,Não significa ausência de concurso; catálogo descoberto não fecha inventário por instituição/ano.
PR,Ministerio_Publico,2026,INSTITUTIONAL_CLOSURE_NOT_ESTABLISHED,Não significa ausência de concurso; catálogo descoberto não fecha inventário por instituição/ano.
PR,Defensoria,2023,INSTITUTIONAL_CLOSURE_NOT_ESTABLISHED,Não significa ausência de concurso; catálogo descoberto não fecha inventário por instituição/ano.
PR,Defensoria,2024,INSTITUTIONAL_CLOSURE_NOT_ESTABLISHED,Não significa ausência de concurso; catálogo descoberto não fecha inventário por instituição/ano.
PR,Defensoria,2025,INSTITUTIONAL_CLOSURE_NOT_ESTABLISHED,Não significa ausência de concurso; catálogo descoberto não fecha inventário por instituição/ano.
PR,Defensoria,2026,INSTITUTIONAL_CLOSURE_NOT_ESTABLISHED,Não significa ausência de concurso; catálogo descoberto não fecha inventário por instituição/ano.
PR,Advocacia_Publica,2023,INSTITUTIONAL_CLOSURE_NOT_ESTABLISHED,Não significa ausência de concurso; catálogo descoberto não fecha inventário por instituição/ano.
PR,Advocacia_Publica,2024,INSTITUTIONAL_CLOSURE_NOT_ESTABLISHED,Não significa ausência de concurso; catálogo descoberto não fecha inventário por instituição/ano.
PR,Advocacia_Publica,2025,INSTITUTIONAL_CLOSURE_NOT_ESTABLISHED,Não significa ausência de concurso; catálogo descoberto não fecha inventário por instituição/ano.
PR,Advocacia_Publica,2026,INSTITUTIONAL_CLOSURE_NOT_ESTABLISHED,Não significa ausência de concurso; catálogo descoberto não fecha inventário por instituição/ano.
PE,Delegado,2023,INSTITUTIONAL_CLOSURE_NOT_ESTABLISHED,Não significa ausência de concurso; catálogo descoberto não fecha inventário por instituição/ano.
PE,Delegado,2024,INSTITUTIONAL_CLOSURE_NOT_ESTABLISHED,Não significa ausência de concurso; catálogo descoberto não fecha inventário por instituição/ano.
PE,Delegado,2025,INSTITUTIONAL_CLOSURE_NOT_ESTABLISHED,Não significa ausência de concurso; catálogo descoberto não fecha inventário por instituição/ano.
PE,Delegado,2026,INSTITUTIONAL_CLOSURE_NOT_ESTABLISHED,Não significa ausência de concurso; catálogo descoberto não fecha inventário por instituição/ano.
PE,Magistratura,2023,INSTITUTIONAL_CLOSURE_NOT_ESTABLISHED,Não significa ausência de concurso; catálogo descoberto não fecha inventário por instituição/ano.
PE,Magistratura,2024,INSTITUTIONAL_CLOSURE_NOT_ESTABLISHED,Não significa ausência de concurso; catálogo descoberto não fecha inventário por instituição/ano.
PE,Magistratura,2025,INSTITUTIONAL_CLOSURE_NOT_ESTABLISHED,Não significa ausência de concurso; catálogo descoberto não fecha inventário por instituição/ano.
PE,Magistratura,2026,INSTITUTIONAL_CLOSURE_NOT_ESTABLISHED,Não significa ausência de concurso; catálogo descoberto não fecha inventário por instituição/ano.
PE,Ministerio_Publico,2023,INSTITUTIONAL_CLOSURE_NOT_ESTABLISHED,Não significa ausência de concurso; catálogo descoberto não fecha inventário por instituição/ano.
PE,Ministerio_Publico,2024,INSTITUTIONAL_CLOSURE_NOT_ESTABLISHED,Não significa ausência de concurso; catálogo descoberto não fecha inventário por instituição/ano.
PE,Ministerio_Publico,2025,INSTITUTIONAL_CLOSURE_NOT_ESTABLISHED,Não significa ausência de concurso; catálogo descoberto não fecha inventário por instituição/ano.
PE,Ministerio_Publico,2026,INSTITUTIONAL_CLOSURE_NOT_ESTABLISHED,Não significa ausência de concurso; catálogo descoberto não fecha inventário por instituição/ano.
PE,Defensoria,2023,INSTITUTIONAL_CLOSURE_NOT_ESTABLISHED,Não significa ausência de concurso; catálogo descoberto não fecha inventário por instituição/ano.
PE,Defensoria,2024,INSTITUTIONAL_CLOSURE_NOT_ESTABLISHED,Não significa ausência de concurso; catálogo descoberto não fecha inventário por instituição/ano.
PE,Defensoria,2025,INSTITUTIONAL_CLOSURE_NOT_ESTABLISHED,Não significa ausência de concurso; catálogo descoberto não fecha inventário por instituição/ano.
PE,Defensoria,2026,INSTITUTIONAL_CLOSURE_NOT_ESTABLISHED,Não significa ausência de concurso; catálogo descoberto não fecha inventário por instituição/ano.
PE,Advocacia_Publica,2023,INSTITUTIONAL_CLOSURE_NOT_ESTABLISHED,Não significa ausência de concurso; catálogo descoberto não fecha inventário por instituição/ano.
PE,Advocacia_Publica,2024,INSTITUTIONAL_CLOSURE_NOT_ESTABLISHED,Não significa ausência de concurso; catálogo descoberto não fecha inventário por instituição/ano.
PE,Advocacia_Publica,2025,INSTITUTIONAL_CLOSURE_NOT_ESTABLISHED,Não significa ausência de concurso; catálogo descoberto não fecha inventário por instituição/ano.
PE,Advocacia_Publica,2026,INSTITUTIONAL_CLOSURE_NOT_ESTABLISHED,Não significa ausência de concurso; catálogo descoberto não fecha inventário por instituição/ano.
PI,Delegado,2023,INSTITUTIONAL_CLOSURE_NOT_ESTABLISHED,Não significa ausência de concurso; catálogo descoberto não fecha inventário por instituição/ano.
PI,Delegado,2024,INSTITUTIONAL_CLOSURE_NOT_ESTABLISHED,Não significa ausência de concurso; catálogo descoberto não fecha inventário por instituição/ano.
PI,Delegado,2025,INSTITUTIONAL_CLOSURE_NOT_ESTABLISHED,Não significa ausência de concurso; catálogo descoberto não fecha inventário por instituição/ano.
PI,Delegado,2026,INSTITUTIONAL_CLOSURE_NOT_ESTABLISHED,Não significa ausência de concurso; catálogo descoberto não fecha inventário por instituição/ano.
PI,Magistratura,2023,INSTITUTIONAL_CLOSURE_NOT_ESTABLISHED,Não significa ausência de concurso; catálogo descoberto não fecha inventário por instituição/ano.
PI,Magistratura,2024,INSTITUTIONAL_CLOSURE_NOT_ESTABLISHED,Não significa ausência de concurso; catálogo descoberto não fecha inventário por instituição/ano.
PI,Magistratura,2025,INSTITUTIONAL_CLOSURE_NOT_ESTABLISHED,Não significa ausência de concurso; catálogo descoberto não fecha inventário por instituição/ano.
PI,Magistratura,2026,INSTITUTIONAL_CLOSURE_NOT_ESTABLISHED,Não significa ausência de concurso; catálogo descoberto não fecha inventário por instituição/ano.
PI,Ministerio_Publico,2023,INSTITUTIONAL_CLOSURE_NOT_ESTABLISHED,Não significa ausência de concurso; catálogo descoberto não fecha inventário por instituição/ano.
PI,Ministerio_Publico,2024,INSTITUTIONAL_CLOSURE_NOT_ESTABLISHED,Não significa ausência de concurso; catálogo descoberto não fecha inventário por instituição/ano.
PI,Ministerio_Publico,2025,INSTITUTIONAL_CLOSURE_NOT_ESTABLISHED,Não significa ausência de concurso; catálogo descoberto não fecha inventário por instituição/ano.
PI,Ministerio_Publico,2026,INSTITUTIONAL_CLOSURE_NOT_ESTABLISHED,Não significa ausência de concurso; catálogo descoberto não fecha inventário por instituição/ano.
PI,Defensoria,2023,INSTITUTIONAL_CLOSURE_NOT_ESTABLISHED,Não significa ausência de concurso; catálogo descoberto não fecha inventário por instituição/ano.
PI,Defensoria,2024,INSTITUTIONAL_CLOSURE_NOT_ESTABLISHED,Não significa ausência de concurso; catálogo descoberto não fecha inventário por instituição/ano.
PI,Defensoria,2025,INSTITUTIONAL_CLOSURE_NOT_ESTABLISHED,Não significa ausência de concurso; catálogo descoberto não fecha inventário por instituição/ano.
PI,Defensoria,2026,INSTITUTIONAL_CLOSURE_NOT_ESTABLISHED,Não significa ausência de concurso; catálogo descoberto não fecha inventário por instituição/ano.
PI,Advocacia_Publica,2023,INSTITUTIONAL_CLOSURE_NOT_ESTABLISHED,Não significa ausência de concurso; catálogo descoberto não fecha inventário por instituição/ano.
PI,Advocacia_Publica,2024,INSTITUTIONAL_CLOSURE_NOT_ESTABLISHED,Não significa ausência de concurso; catálogo descoberto não fecha inventário por instituição/ano.
PI,Advocacia_Publica,2025,INSTITUTIONAL_CLOSURE_NOT_ESTABLISHED,Não significa ausência de concurso; catálogo descoberto não fecha inventário por instituição/ano.
PI,Advocacia_Publica,2026,INSTITUTIONAL_CLOSURE_NOT_ESTABLISHED,Não significa ausência de concurso; catálogo descoberto não fecha inventário por instituição/ano.
RJ,Delegado,2023,INSTITUTIONAL_CLOSURE_NOT_ESTABLISHED,Não significa ausência de concurso; catálogo descoberto não fecha inventário por instituição/ano.
RJ,Delegado,2024,INSTITUTIONAL_CLOSURE_NOT_ESTABLISHED,Não significa ausência de concurso; catálogo descoberto não fecha inventário por instituição/ano.
RJ,Delegado,2025,INSTITUTIONAL_CLOSURE_NOT_ESTABLISHED,Não significa ausência de concurso; catálogo descoberto não fecha inventário por instituição/ano.
RJ,Delegado,2026,INSTITUTIONAL_CLOSURE_NOT_ESTABLISHED,Não significa ausência de concurso; catálogo descoberto não fecha inventário por instituição/ano.
RJ,Magistratura,2023,INSTITUTIONAL_CLOSURE_NOT_ESTABLISHED,Não significa ausência de concurso; catálogo descoberto não fecha inventário por instituição/ano.
RJ,Magistratura,2024,INSTITUTIONAL_CLOSURE_NOT_ESTABLISHED,Não significa ausência de concurso; catálogo descoberto não fecha inventário por instituição/ano.
RJ,Magistratura,2025,INSTITUTIONAL_CLOSURE_NOT_ESTABLISHED,Não significa ausência de concurso; catálogo descoberto não fecha inventário por instituição/ano.
RJ,Magistratura,2026,INSTITUTIONAL_CLOSURE_NOT_ESTABLISHED,Não significa ausência de concurso; catálogo descoberto não fecha inventário por instituição/ano.
RJ,Ministerio_Publico,2023,INSTITUTIONAL_CLOSURE_NOT_ESTABLISHED,Não significa ausência de concurso; catálogo descoberto não fecha inventário por instituição/ano.
RJ,Ministerio_Publico,2024,INSTITUTIONAL_CLOSURE_NOT_ESTABLISHED,Não significa ausência de concurso; catálogo descoberto não fecha inventário por instituição/ano.
RJ,Ministerio_Publico,2025,INSTITUTIONAL_CLOSURE_NOT_ESTABLISHED,Não significa ausência de concurso; catálogo descoberto não fecha inventário por instituição/ano.
RJ,Ministerio_Publico,2026,INSTITUTIONAL_CLOSURE_NOT_ESTABLISHED,Não significa ausência de concurso; catálogo descoberto não fecha inventário por instituição/ano.
RJ,Defensoria,2023,INSTITUTIONAL_CLOSURE_NOT_ESTABLISHED,Não significa ausência de concurso; catálogo descoberto não fecha inventário por instituição/ano.
RJ,Defensoria,2024,INSTITUTIONAL_CLOSURE_NOT_ESTABLISHED,Não significa ausência de concurso; catálogo descoberto não fecha inventário por instituição/ano.
RJ,Defensoria,2025,INSTITUTIONAL_CLOSURE_NOT_ESTABLISHED,Não significa ausência de concurso; catálogo descoberto não fecha inventário por instituição/ano.
RJ,Defensoria,2026,INSTITUTIONAL_CLOSURE_NOT_ESTABLISHED,Não significa ausência de concurso; catálogo descoberto não fecha inventário por instituição/ano.
RJ,Advocacia_Publica,2023,INSTITUTIONAL_CLOSURE_NOT_ESTABLISHED,Não significa ausência de concurso; catálogo descoberto não fecha inventário por instituição/ano.
RJ,Advocacia_Publica,2024,INSTITUTIONAL_CLOSURE_NOT_ESTABLISHED,Não significa ausência de concurso; catálogo descoberto não fecha inventário por instituição/ano.
RJ,Advocacia_Publica,2025,INSTITUTIONAL_CLOSURE_NOT_ESTABLISHED,Não significa ausência de concurso; catálogo descoberto não fecha inventário por instituição/ano.
RJ,Advocacia_Publica,2026,INSTITUTIONAL_CLOSURE_NOT_ESTABLISHED,Não significa ausência de concurso; catálogo descoberto não fecha inventário por instituição/ano.
RN,Delegado,2023,INSTITUTIONAL_CLOSURE_NOT_ESTABLISHED,Não significa ausência de concurso; catálogo descoberto não fecha inventário por instituição/ano.
RN,Delegado,2024,INSTITUTIONAL_CLOSURE_NOT_ESTABLISHED,Não significa ausência de concurso; catálogo descoberto não fecha inventário por instituição/ano.
RN,Delegado,2025,INSTITUTIONAL_CLOSURE_NOT_ESTABLISHED,Não significa ausência de concurso; catálogo descoberto não fecha inventário por instituição/ano.
RN,Delegado,2026,INSTITUTIONAL_CLOSURE_NOT_ESTABLISHED,Não significa ausência de concurso; catálogo descoberto não fecha inventário por instituição/ano.
RN,Magistratura,2023,INSTITUTIONAL_CLOSURE_NOT_ESTABLISHED,Não significa ausência de concurso; catálogo descoberto não fecha inventário por instituição/ano.
RN,Magistratura,2024,INSTITUTIONAL_CLOSURE_NOT_ESTABLISHED,Não significa ausência de concurso; catálogo descoberto não fecha inventário por instituição/ano.
RN,Magistratura,2025,INSTITUTIONAL_CLOSURE_NOT_ESTABLISHED,Não significa ausência de concurso; catálogo descoberto não fecha inventário por instituição/ano.
RN,Magistratura,2026,INSTITUTIONAL_CLOSURE_NOT_ESTABLISHED,Não significa ausência de concurso; catálogo descoberto não fecha inventário por instituição/ano.
RN,Ministerio_Publico,2023,INSTITUTIONAL_CLOSURE_NOT_ESTABLISHED,Não significa ausência de concurso; catálogo descoberto não fecha inventário por instituição/ano.
RN,Ministerio_Publico,2024,INSTITUTIONAL_CLOSURE_NOT_ESTABLISHED,Não significa ausência de concurso; catálogo descoberto não fecha inventário por instituição/ano.
RN,Ministerio_Publico,2025,INSTITUTIONAL_CLOSURE_NOT_ESTABLISHED,Não significa ausência de concurso; catálogo descoberto não fecha inventário por instituição/ano.
RN,Ministerio_Publico,2026,INSTITUTIONAL_CLOSURE_NOT_ESTABLISHED,Não significa ausência de concurso; catálogo descoberto não fecha inventário por instituição/ano.
RN,Defensoria,2023,INSTITUTIONAL_CLOSURE_NOT_ESTABLISHED,Não significa ausência de concurso; catálogo descoberto não fecha inventário por instituição/ano.
RN,Defensoria,2024,INSTITUTIONAL_CLOSURE_NOT_ESTABLISHED,Não significa ausência de concurso; catálogo descoberto não fecha inventário por instituição/ano.
RN,Defensoria,2025,INSTITUTIONAL_CLOSURE_NOT_ESTABLISHED,Não significa ausência de concurso; catálogo descoberto não fecha inventário por instituição/ano.
RN,Defensoria,2026,INSTITUTIONAL_CLOSURE_NOT_ESTABLISHED,Não significa ausência de concurso; catálogo descoberto não fecha inventário por instituição/ano.
RN,Advocacia_Publica,2023,INSTITUTIONAL_CLOSURE_NOT_ESTABLISHED,Não significa ausência de concurso; catálogo descoberto não fecha inventário por instituição/ano.
RN,Advocacia_Publica,2024,INSTITUTIONAL_CLOSURE_NOT_ESTABLISHED,Não significa ausência de concurso; catálogo descoberto não fecha inventário por instituição/ano.
RN,Advocacia_Publica,2025,INSTITUTIONAL_CLOSURE_NOT_ESTABLISHED,Não significa ausência de concurso; catálogo descoberto não fecha inventário por instituição/ano.
RN,Advocacia_Publica,2026,INSTITUTIONAL_CLOSURE_NOT_ESTABLISHED,Não significa ausência de concurso; catálogo descoberto não fecha inventário por instituição/ano.
RS,Delegado,2023,INSTITUTIONAL_CLOSURE_NOT_ESTABLISHED,Não significa ausência de concurso; catálogo descoberto não fecha inventário por instituição/ano.
RS,Delegado,2024,INSTITUTIONAL_CLOSURE_NOT_ESTABLISHED,Não significa ausência de concurso; catálogo descoberto não fecha inventário por instituição/ano.
RS,Delegado,2025,INSTITUTIONAL_CLOSURE_NOT_ESTABLISHED,Não significa ausência de concurso; catálogo descoberto não fecha inventário por instituição/ano.
RS,Delegado,2026,INSTITUTIONAL_CLOSURE_NOT_ESTABLISHED,Não significa ausência de concurso; catálogo descoberto não fecha inventário por instituição/ano.
RS,Magistratura,2023,INSTITUTIONAL_CLOSURE_NOT_ESTABLISHED,Não significa ausência de concurso; catálogo descoberto não fecha inventário por instituição/ano.
RS,Magistratura,2024,INSTITUTIONAL_CLOSURE_NOT_ESTABLISHED,Não significa ausência de concurso; catálogo descoberto não fecha inventário por instituição/ano.
RS,Magistratura,2025,INSTITUTIONAL_CLOSURE_NOT_ESTABLISHED,Não significa ausência de concurso; catálogo descoberto não fecha inventário por instituição/ano.
RS,Magistratura,2026,INSTITUTIONAL_CLOSURE_NOT_ESTABLISHED,Não significa ausência de concurso; catálogo descoberto não fecha inventário por instituição/ano.
RS,Ministerio_Publico,2023,INSTITUTIONAL_CLOSURE_NOT_ESTABLISHED,Não significa ausência de concurso; catálogo descoberto não fecha inventário por instituição/ano.
RS,Ministerio_Publico,2024,INSTITUTIONAL_CLOSURE_NOT_ESTABLISHED,Não significa ausência de concurso; catálogo descoberto não fecha inventário por instituição/ano.
RS,Ministerio_Publico,2025,INSTITUTIONAL_CLOSURE_NOT_ESTABLISHED,Não significa ausência de concurso; catálogo descoberto não fecha inventário por instituição/ano.
RS,Ministerio_Publico,2026,INSTITUTIONAL_CLOSURE_NOT_ESTABLISHED,Não significa ausência de concurso; catálogo descoberto não fecha inventário por instituição/ano.
RS,Defensoria,2023,INSTITUTIONAL_CLOSURE_NOT_ESTABLISHED,Não significa ausência de concurso; catálogo descoberto não fecha inventário por instituição/ano.
RS,Defensoria,2024,INSTITUTIONAL_CLOSURE_NOT_ESTABLISHED,Não significa ausência de concurso; catálogo descoberto não fecha inventário por instituição/ano.
RS,Defensoria,2025,INSTITUTIONAL_CLOSURE_NOT_ESTABLISHED,Não significa ausência de concurso; catálogo descoberto não fecha inventário por instituição/ano.
RS,Defensoria,2026,INSTITUTIONAL_CLOSURE_NOT_ESTABLISHED,Não significa ausência de concurso; catálogo descoberto não fecha inventário por instituição/ano.
RS,Advocacia_Publica,2023,INSTITUTIONAL_CLOSURE_NOT_ESTABLISHED,Não significa ausência de concurso; catálogo descoberto não fecha inventário por instituição/ano.
RS,Advocacia_Publica,2024,INSTITUTIONAL_CLOSURE_NOT_ESTABLISHED,Não significa ausência de concurso; catálogo descoberto não fecha inventário por instituição/ano.
RS,Advocacia_Publica,2025,INSTITUTIONAL_CLOSURE_NOT_ESTABLISHED,Não significa ausência de concurso; catálogo descoberto não fecha inventário por instituição/ano.
RS,Advocacia_Publica,2026,INSTITUTIONAL_CLOSURE_NOT_ESTABLISHED,Não significa ausência de concurso; catálogo descoberto não fecha inventário por instituição/ano.
RO,Delegado,2023,INSTITUTIONAL_CLOSURE_NOT_ESTABLISHED,Não significa ausência de concurso; catálogo descoberto não fecha inventário por instituição/ano.
RO,Delegado,2024,INSTITUTIONAL_CLOSURE_NOT_ESTABLISHED,Não significa ausência de concurso; catálogo descoberto não fecha inventário por instituição/ano.
RO,Delegado,2025,INSTITUTIONAL_CLOSURE_NOT_ESTABLISHED,Não significa ausência de concurso; catálogo descoberto não fecha inventário por instituição/ano.
RO,Delegado,2026,INSTITUTIONAL_CLOSURE_NOT_ESTABLISHED,Não significa ausência de concurso; catálogo descoberto não fecha inventário por instituição/ano.
RO,Magistratura,2023,INSTITUTIONAL_CLOSURE_NOT_ESTABLISHED,Não significa ausência de concurso; catálogo descoberto não fecha inventário por instituição/ano.
RO,Magistratura,2024,INSTITUTIONAL_CLOSURE_NOT_ESTABLISHED,Não significa ausência de concurso; catálogo descoberto não fecha inventário por instituição/ano.
RO,Magistratura,2025,INSTITUTIONAL_CLOSURE_NOT_ESTABLISHED,Não significa ausência de concurso; catálogo descoberto não fecha inventário por instituição/ano.
RO,Magistratura,2026,INSTITUTIONAL_CLOSURE_NOT_ESTABLISHED,Não significa ausência de concurso; catálogo descoberto não fecha inventário por instituição/ano.
RO,Ministerio_Publico,2023,INSTITUTIONAL_CLOSURE_NOT_ESTABLISHED,Não significa ausência de concurso; catálogo descoberto não fecha inventário por instituição/ano.
RO,Ministerio_Publico,2024,INSTITUTIONAL_CLOSURE_NOT_ESTABLISHED,Não significa ausência de concurso; catálogo descoberto não fecha inventário por instituição/ano.
RO,Ministerio_Publico,2025,INSTITUTIONAL_CLOSURE_NOT_ESTABLISHED,Não significa ausência de concurso; catálogo descoberto não fecha inventário por instituição/ano.
RO,Ministerio_Publico,2026,INSTITUTIONAL_CLOSURE_NOT_ESTABLISHED,Não significa ausência de concurso; catálogo descoberto não fecha inventário por instituição/ano.
RO,Defensoria,2023,INSTITUTIONAL_CLOSURE_NOT_ESTABLISHED,Não significa ausência de concurso; catálogo descoberto não fecha inventário por instituição/ano.
RO,Defensoria,2024,INSTITUTIONAL_CLOSURE_NOT_ESTABLISHED,Não significa ausência de concurso; catálogo descoberto não fecha inventário por instituição/ano.
RO,Defensoria,2025,INSTITUTIONAL_CLOSURE_NOT_ESTABLISHED,Não significa ausência de concurso; catálogo descoberto não fecha inventário por instituição/ano.
RO,Defensoria,2026,INSTITUTIONAL_CLOSURE_NOT_ESTABLISHED,Não significa ausência de concurso; catálogo descoberto não fecha inventário por instituição/ano.
RO,Advocacia_Publica,2023,INSTITUTIONAL_CLOSURE_NOT_ESTABLISHED,Não significa ausência de concurso; catálogo descoberto não fecha inventário por instituição/ano.
RO,Advocacia_Publica,2024,INSTITUTIONAL_CLOSURE_NOT_ESTABLISHED,Não significa ausência de concurso; catálogo descoberto não fecha inventário por instituição/ano.
RO,Advocacia_Publica,2025,INSTITUTIONAL_CLOSURE_NOT_ESTABLISHED,Não significa ausência de concurso; catálogo descoberto não fecha inventário por instituição/ano.
RO,Advocacia_Publica,2026,INSTITUTIONAL_CLOSURE_NOT_ESTABLISHED,Não significa ausência de concurso; catálogo descoberto não fecha inventário por instituição/ano.
RR,Delegado,2023,INSTITUTIONAL_CLOSURE_NOT_ESTABLISHED,Não significa ausência de concurso; catálogo descoberto não fecha inventário por instituição/ano.
RR,Delegado,2024,INSTITUTIONAL_CLOSURE_NOT_ESTABLISHED,Não significa ausência de concurso; catálogo descoberto não fecha inventário por instituição/ano.
RR,Delegado,2025,INSTITUTIONAL_CLOSURE_NOT_ESTABLISHED,Não significa ausência de concurso; catálogo descoberto não fecha inventário por instituição/ano.
RR,Delegado,2026,INSTITUTIONAL_CLOSURE_NOT_ESTABLISHED,Não significa ausência de concurso; catálogo descoberto não fecha inventário por instituição/ano.
RR,Magistratura,2023,INSTITUTIONAL_CLOSURE_NOT_ESTABLISHED,Não significa ausência de concurso; catálogo descoberto não fecha inventário por instituição/ano.
RR,Magistratura,2024,INSTITUTIONAL_CLOSURE_NOT_ESTABLISHED,Não significa ausência de concurso; catálogo descoberto não fecha inventário por instituição/ano.
RR,Magistratura,2025,INSTITUTIONAL_CLOSURE_NOT_ESTABLISHED,Não significa ausência de concurso; catálogo descoberto não fecha inventário por instituição/ano.
RR,Magistratura,2026,INSTITUTIONAL_CLOSURE_NOT_ESTABLISHED,Não significa ausência de concurso; catálogo descoberto não fecha inventário por instituição/ano.
RR,Ministerio_Publico,2023,INSTITUTIONAL_CLOSURE_NOT_ESTABLISHED,Não significa ausência de concurso; catálogo descoberto não fecha inventário por instituição/ano.
RR,Ministerio_Publico,2024,INSTITUTIONAL_CLOSURE_NOT_ESTABLISHED,Não significa ausência de concurso; catálogo descoberto não fecha inventário por instituição/ano.
RR,Ministerio_Publico,2025,INSTITUTIONAL_CLOSURE_NOT_ESTABLISHED,Não significa ausência de concurso; catálogo descoberto não fecha inventário por instituição/ano.
RR,Ministerio_Publico,2026,INSTITUTIONAL_CLOSURE_NOT_ESTABLISHED,Não significa ausência de concurso; catálogo descoberto não fecha inventário por instituição/ano.
RR,Defensoria,2023,INSTITUTIONAL_CLOSURE_NOT_ESTABLISHED,Não significa ausência de concurso; catálogo descoberto não fecha inventário por instituição/ano.
RR,Defensoria,2024,INSTITUTIONAL_CLOSURE_NOT_ESTABLISHED,Não significa ausência de concurso; catálogo descoberto não fecha inventário por instituição/ano.
RR,Defensoria,2025,INSTITUTIONAL_CLOSURE_NOT_ESTABLISHED,Não significa ausência de concurso; catálogo descoberto não fecha inventário por instituição/ano.
RR,Defensoria,2026,INSTITUTIONAL_CLOSURE_NOT_ESTABLISHED,Não significa ausência de concurso; catálogo descoberto não fecha inventário por instituição/ano.
RR,Advocacia_Publica,2023,INSTITUTIONAL_CLOSURE_NOT_ESTABLISHED,Não significa ausência de concurso; catálogo descoberto não fecha inventário por instituição/ano.
RR,Advocacia_Publica,2024,INSTITUTIONAL_CLOSURE_NOT_ESTABLISHED,Não significa ausência de concurso; catálogo descoberto não fecha inventário por instituição/ano.
RR,Advocacia_Publica,2025,INSTITUTIONAL_CLOSURE_NOT_ESTABLISHED,Não significa ausência de concurso; catálogo descoberto não fecha inventário por instituição/ano.
RR,Advocacia_Publica,2026,INSTITUTIONAL_CLOSURE_NOT_ESTABLISHED,Não significa ausência de concurso; catálogo descoberto não fecha inventário por instituição/ano.
SC,Delegado,2023,INSTITUTIONAL_CLOSURE_NOT_ESTABLISHED,Não significa ausência de concurso; catálogo descoberto não fecha inventário por instituição/ano.
SC,Delegado,2024,INSTITUTIONAL_CLOSURE_NOT_ESTABLISHED,Não significa ausência de concurso; catálogo descoberto não fecha inventário por instituição/ano.
SC,Delegado,2025,INSTITUTIONAL_CLOSURE_NOT_ESTABLISHED,Não significa ausência de concurso; catálogo descoberto não fecha inventário por instituição/ano.
SC,Delegado,2026,INSTITUTIONAL_CLOSURE_NOT_ESTABLISHED,Não significa ausência de concurso; catálogo descoberto não fecha inventário por instituição/ano.
SC,Magistratura,2023,INSTITUTIONAL_CLOSURE_NOT_ESTABLISHED,Não significa ausência de concurso; catálogo descoberto não fecha inventário por instituição/ano.
SC,Magistratura,2024,INSTITUTIONAL_CLOSURE_NOT_ESTABLISHED,Não significa ausência de concurso; catálogo descoberto não fecha inventário por instituição/ano.
SC,Magistratura,2025,INSTITUTIONAL_CLOSURE_NOT_ESTABLISHED,Não significa ausência de concurso; catálogo descoberto não fecha inventário por instituição/ano.
SC,Magistratura,2026,INSTITUTIONAL_CLOSURE_NOT_ESTABLISHED,Não significa ausência de concurso; catálogo descoberto não fecha inventário por instituição/ano.
SC,Ministerio_Publico,2023,INSTITUTIONAL_CLOSURE_NOT_ESTABLISHED,Não significa ausência de concurso; catálogo descoberto não fecha inventário por instituição/ano.
SC,Ministerio_Publico,2024,INSTITUTIONAL_CLOSURE_NOT_ESTABLISHED,Não significa ausência de concurso; catálogo descoberto não fecha inventário por instituição/ano.
SC,Ministerio_Publico,2025,INSTITUTIONAL_CLOSURE_NOT_ESTABLISHED,Não significa ausência de concurso; catálogo descoberto não fecha inventário por instituição/ano.
SC,Ministerio_Publico,2026,INSTITUTIONAL_CLOSURE_NOT_ESTABLISHED,Não significa ausência de concurso; catálogo descoberto não fecha inventário por instituição/ano.
SC,Defensoria,2023,INSTITUTIONAL_CLOSURE_NOT_ESTABLISHED,Não significa ausência de concurso; catálogo descoberto não fecha inventário por instituição/ano.
SC,Defensoria,2024,INSTITUTIONAL_CLOSURE_NOT_ESTABLISHED,Não significa ausência de concurso; catálogo descoberto não fecha inventário por instituição/ano.
SC,Defensoria,2025,INSTITUTIONAL_CLOSURE_NOT_ESTABLISHED,Não significa ausência de concurso; catálogo descoberto não fecha inventário por instituição/ano.
SC,Defensoria,2026,INSTITUTIONAL_CLOSURE_NOT_ESTABLISHED,Não significa ausência de concurso; catálogo descoberto não fecha inventário por instituição/ano.
SC,Advocacia_Publica,2023,INSTITUTIONAL_CLOSURE_NOT_ESTABLISHED,Não significa ausência de concurso; catálogo descoberto não fecha inventário por instituição/ano.
SC,Advocacia_Publica,2024,INSTITUTIONAL_CLOSURE_NOT_ESTABLISHED,Não significa ausência de concurso; catálogo descoberto não fecha inventário por instituição/ano.
SC,Advocacia_Publica,2025,INSTITUTIONAL_CLOSURE_NOT_ESTABLISHED,Não significa ausência de concurso; catálogo descoberto não fecha inventário por instituição/ano.
SC,Advocacia_Publica,2026,INSTITUTIONAL_CLOSURE_NOT_ESTABLISHED,Não significa ausência de concurso; catálogo descoberto não fecha inventário por instituição/ano.
SP,Delegado,2023,INSTITUTIONAL_CLOSURE_NOT_ESTABLISHED,Não significa ausência de concurso; catálogo descoberto não fecha inventário por instituição/ano.
SP,Delegado,2024,INSTITUTIONAL_CLOSURE_NOT_ESTABLISHED,Não significa ausência de concurso; catálogo descoberto não fecha inventário por instituição/ano.
SP,Delegado,2025,INSTITUTIONAL_CLOSURE_NOT_ESTABLISHED,Não significa ausência de concurso; catálogo descoberto não fecha inventário por instituição/ano.
SP,Delegado,2026,INSTITUTIONAL_CLOSURE_NOT_ESTABLISHED,Não significa ausência de concurso; catálogo descoberto não fecha inventário por instituição/ano.
SP,Magistratura,2023,INSTITUTIONAL_CLOSURE_NOT_ESTABLISHED,Não significa ausência de concurso; catálogo descoberto não fecha inventário por instituição/ano.
SP,Magistratura,2024,INSTITUTIONAL_CLOSURE_NOT_ESTABLISHED,Não significa ausência de concurso; catálogo descoberto não fecha inventário por instituição/ano.
SP,Magistratura,2025,INSTITUTIONAL_CLOSURE_NOT_ESTABLISHED,Não significa ausência de concurso; catálogo descoberto não fecha inventário por instituição/ano.
SP,Magistratura,2026,INSTITUTIONAL_CLOSURE_NOT_ESTABLISHED,Não significa ausência de concurso; catálogo descoberto não fecha inventário por instituição/ano.
SP,Ministerio_Publico,2023,INSTITUTIONAL_CLOSURE_NOT_ESTABLISHED,Não significa ausência de concurso; catálogo descoberto não fecha inventário por instituição/ano.
SP,Ministerio_Publico,2024,INSTITUTIONAL_CLOSURE_NOT_ESTABLISHED,Não significa ausência de concurso; catálogo descoberto não fecha inventário por instituição/ano.
SP,Ministerio_Publico,2025,INSTITUTIONAL_CLOSURE_NOT_ESTABLISHED,Não significa ausência de concurso; catálogo descoberto não fecha inventário por instituição/ano.
SP,Ministerio_Publico,2026,INSTITUTIONAL_CLOSURE_NOT_ESTABLISHED,Não significa ausência de concurso; catálogo descoberto não fecha inventário por instituição/ano.
SP,Defensoria,2023,INSTITUTIONAL_CLOSURE_NOT_ESTABLISHED,Não significa ausência de concurso; catálogo descoberto não fecha inventário por instituição/ano.
SP,Defensoria,2024,INSTITUTIONAL_CLOSURE_NOT_ESTABLISHED,Não significa ausência de concurso; catálogo descoberto não fecha inventário por instituição/ano.
SP,Defensoria,2025,INSTITUTIONAL_CLOSURE_NOT_ESTABLISHED,Não significa ausência de concurso; catálogo descoberto não fecha inventário por instituição/ano.
SP,Defensoria,2026,INSTITUTIONAL_CLOSURE_NOT_ESTABLISHED,Não significa ausência de concurso; catálogo descoberto não fecha inventário por instituição/ano.
SP,Advocacia_Publica,2023,INSTITUTIONAL_CLOSURE_NOT_ESTABLISHED,Não significa ausência de concurso; catálogo descoberto não fecha inventário por instituição/ano.
SP,Advocacia_Publica,2024,INSTITUTIONAL_CLOSURE_NOT_ESTABLISHED,Não significa ausência de concurso; catálogo descoberto não fecha inventário por instituição/ano.
SP,Advocacia_Publica,2025,INSTITUTIONAL_CLOSURE_NOT_ESTABLISHED,Não significa ausência de concurso; catálogo descoberto não fecha inventário por instituição/ano.
SP,Advocacia_Publica,2026,INSTITUTIONAL_CLOSURE_NOT_ESTABLISHED,Não significa ausência de concurso; catálogo descoberto não fecha inventário por instituição/ano.
SE,Delegado,2023,INSTITUTIONAL_CLOSURE_NOT_ESTABLISHED,Não significa ausência de concurso; catálogo descoberto não fecha inventário por instituição/ano.
SE,Delegado,2024,INSTITUTIONAL_CLOSURE_NOT_ESTABLISHED,Não significa ausência de concurso; catálogo descoberto não fecha inventário por instituição/ano.
SE,Delegado,2025,INSTITUTIONAL_CLOSURE_NOT_ESTABLISHED,Não significa ausência de concurso; catálogo descoberto não fecha inventário por instituição/ano.
SE,Delegado,2026,INSTITUTIONAL_CLOSURE_NOT_ESTABLISHED,Não significa ausência de concurso; catálogo descoberto não fecha inventário por instituição/ano.
SE,Magistratura,2023,INSTITUTIONAL_CLOSURE_NOT_ESTABLISHED,Não significa ausência de concurso; catálogo descoberto não fecha inventário por instituição/ano.
SE,Magistratura,2024,INSTITUTIONAL_CLOSURE_NOT_ESTABLISHED,Não significa ausência de concurso; catálogo descoberto não fecha inventário por instituição/ano.
SE,Magistratura,2025,INSTITUTIONAL_CLOSURE_NOT_ESTABLISHED,Não significa ausência de concurso; catálogo descoberto não fecha inventário por instituição/ano.
SE,Magistratura,2026,INSTITUTIONAL_CLOSURE_NOT_ESTABLISHED,Não significa ausência de concurso; catálogo descoberto não fecha inventário por instituição/ano.
SE,Ministerio_Publico,2023,INSTITUTIONAL_CLOSURE_NOT_ESTABLISHED,Não significa ausência de concurso; catálogo descoberto não fecha inventário por instituição/ano.
SE,Ministerio_Publico,2024,INSTITUTIONAL_CLOSURE_NOT_ESTABLISHED,Não significa ausência de concurso; catálogo descoberto não fecha inventário por instituição/ano.
SE,Ministerio_Publico,2025,INSTITUTIONAL_CLOSURE_NOT_ESTABLISHED,Não significa ausência de concurso; catálogo descoberto não fecha inventário por instituição/ano.
SE,Ministerio_Publico,2026,INSTITUTIONAL_CLOSURE_NOT_ESTABLISHED,Não significa ausência de concurso; catálogo descoberto não fecha inventário por instituição/ano.
SE,Defensoria,2023,INSTITUTIONAL_CLOSURE_NOT_ESTABLISHED,Não significa ausência de concurso; catálogo descoberto não fecha inventário por instituição/ano.
SE,Defensoria,2024,INSTITUTIONAL_CLOSURE_NOT_ESTABLISHED,Não significa ausência de concurso; catálogo descoberto não fecha inventário por instituição/ano.
SE,Defensoria,2025,INSTITUTIONAL_CLOSURE_NOT_ESTABLISHED,Não significa ausência de concurso; catálogo descoberto não fecha inventário por instituição/ano.
SE,Defensoria,2026,INSTITUTIONAL_CLOSURE_NOT_ESTABLISHED,Não significa ausência de concurso; catálogo descoberto não fecha inventário por instituição/ano.
SE,Advocacia_Publica,2023,INSTITUTIONAL_CLOSURE_NOT_ESTABLISHED,Não significa ausência de concurso; catálogo descoberto não fecha inventário por instituição/ano.
SE,Advocacia_Publica,2024,INSTITUTIONAL_CLOSURE_NOT_ESTABLISHED,Não significa ausência de concurso; catálogo descoberto não fecha inventário por instituição/ano.
SE,Advocacia_Publica,2025,INSTITUTIONAL_CLOSURE_NOT_ESTABLISHED,Não significa ausência de concurso; catálogo descoberto não fecha inventário por instituição/ano.
SE,Advocacia_Publica,2026,INSTITUTIONAL_CLOSURE_NOT_ESTABLISHED,Não significa ausência de concurso; catálogo descoberto não fecha inventário por instituição/ano.
TO,Delegado,2023,INSTITUTIONAL_CLOSURE_NOT_ESTABLISHED,Não significa ausência de concurso; catálogo descoberto não fecha inventário por instituição/ano.
TO,Delegado,2024,INSTITUTIONAL_CLOSURE_NOT_ESTABLISHED,Não significa ausência de concurso; catálogo descoberto não fecha inventário por instituição/ano.
TO,Delegado,2025,INSTITUTIONAL_CLOSURE_NOT_ESTABLISHED,Não significa ausência de concurso; catálogo descoberto não fecha inventário por instituição/ano.
TO,Delegado,2026,INSTITUTIONAL_CLOSURE_NOT_ESTABLISHED,Não significa ausência de concurso; catálogo descoberto não fecha inventário por instituição/ano.
TO,Magistratura,2023,INSTITUTIONAL_CLOSURE_NOT_ESTABLISHED,Não significa ausência de concurso; catálogo descoberto não fecha inventário por instituição/ano.
TO,Magistratura,2024,INSTITUTIONAL_CLOSURE_NOT_ESTABLISHED,Não significa ausência de concurso; catálogo descoberto não fecha inventário por instituição/ano.
TO,Magistratura,2025,INSTITUTIONAL_CLOSURE_NOT_ESTABLISHED,Não significa ausência de concurso; catálogo descoberto não fecha inventário por instituição/ano.
TO,Magistratura,2026,INSTITUTIONAL_CLOSURE_NOT_ESTABLISHED,Não significa ausência de concurso; catálogo descoberto não fecha inventário por instituição/ano.
TO,Ministerio_Publico,2023,INSTITUTIONAL_CLOSURE_NOT_ESTABLISHED,Não significa ausência de concurso; catálogo descoberto não fecha inventário por instituição/ano.
TO,Ministerio_Publico,2024,INSTITUTIONAL_CLOSURE_NOT_ESTABLISHED,Não significa ausência de concurso; catálogo descoberto não fecha inventário por instituição/ano.
TO,Ministerio_Publico,2025,INSTITUTIONAL_CLOSURE_NOT_ESTABLISHED,Não significa ausência de concurso; catálogo descoberto não fecha inventário por instituição/ano.
TO,Ministerio_Publico,2026,INSTITUTIONAL_CLOSURE_NOT_ESTABLISHED,Não significa ausência de concurso; catálogo descoberto não fecha inventário por instituição/ano.
TO,Defensoria,2023,INSTITUTIONAL_CLOSURE_NOT_ESTABLISHED,Não significa ausência de concurso; catálogo descoberto não fecha inventário por instituição/ano.
TO,Defensoria,2024,INSTITUTIONAL_CLOSURE_NOT_ESTABLISHED,Não significa ausência de concurso; catálogo descoberto não fecha inventário por instituição/ano.
TO,Defensoria,2025,INSTITUTIONAL_CLOSURE_NOT_ESTABLISHED,Não significa ausência de concurso; catálogo descoberto não fecha inventário por instituição/ano.
TO,Defensoria,2026,INSTITUTIONAL_CLOSURE_NOT_ESTABLISHED,Não significa ausência de concurso; catálogo descoberto não fecha inventário por instituição/ano.
TO,Advocacia_Publica,2023,INSTITUTIONAL_CLOSURE_NOT_ESTABLISHED,Não significa ausência de concurso; catálogo descoberto não fecha inventário por instituição/ano.
TO,Advocacia_Publica,2024,INSTITUTIONAL_CLOSURE_NOT_ESTABLISHED,Não significa ausência de concurso; catálogo descoberto não fecha inventário por instituição/ano.
TO,Advocacia_Publica,2025,INSTITUTIONAL_CLOSURE_NOT_ESTABLISHED,Não significa ausência de concurso; catálogo descoberto não fecha inventário por instituição/ano.
TO,Advocacia_Publica,2026,INSTITUTIONAL_CLOSURE_NOT_ESTABLISHED,Não significa ausência de concurso; catálogo descoberto não fecha inventário por instituição/ano.
