atom_id,proposition,status,core_live,evidence_question_ids,unique_selected_questions,global_incidence
character.sanctioning,A natureza sancionatória não resolve sem ressalvas a controvérsia sobre constitutividade e bens tutelados.,CANDIDATE_PROPOSITION_REQUIRES_AUTHORITY_AUDIT,CORE_WITH_SCOPED_LIVE_LINKS,FUNDATEC_PCRS_2025_FUNCTIONS,1,UNKNOWN_DENOMINATOR_NOT_CLOSED
classification.heinous,"A classificação de hediondez do art.34, nesta questão de2026, depende de precedente específico e gabarito ainda preliminar.",CANDIDATE_PROPOSITION_REQUIRES_AUTHORITY_AUDIT,LIVE_APPLICATION,FGV_TJPE_2026_Q41,1,UNKNOWN_DENOMINATOR_NOT_CLOSED
conflict.consumption,"Consunção examina relação de meio/fase e fim e potencialidade lesiva residual, não apenas a pena abstrata.",CANDIDATE_PROPOSITION_REQUIRES_AUTHORITY_AUDIT,CORE_WITH_SCOPED_LIVE_LINKS,MPMS_2026_Q19;MPPA_2023_DISC_SUBS,2,UNKNOWN_DENOMINATOR_NOT_CLOSED
conflict.progression,Crime progressivo e progressão criminosa diferem quanto à evolução da vontade; o rótulo importa.,CANDIDATE_PROPOSITION_REQUIRES_AUTHORITY_AUDIT,CORE_WITH_SCOPED_LIVE_LINKS,MPMS_2026_Q19,1,UNKNOWN_DENOMINATOR_NOT_CLOSED
conflict.speciality,"Especialidade resolve sobreposição normativa pela presença de elementos especiais, exigindo comparação dos tipos.",CANDIDATE_PROPOSITION_REQUIRES_AUTHORITY_AUDIT,CORE_WITH_SCOPED_LIVE_LINKS,CEBRASPE_PF_2026_ORAL_Q3;MPPA_2023_DISC_SUBS;MPRJ_2026_DISC_PENAL_Q6,3,UNKNOWN_DENOMINATOR_NOT_CLOSED
consummation.exhaustion,Exaurimento e eventos posteriores não se confundem com o momento consumativo já alcançado.,CANDIDATE_PROPOSITION_REQUIRES_AUTHORITY_AUDIT,CORE_WITH_SCOPED_LIVE_LINKS,MPRJ_2026_DISC_PENAL_Q6,1,UNKNOWN_DENOMINATOR_NOT_CLOSED
consummation.formal,"Nos tipos formais pertinentes, consumação não depende da produção do resultado ulterior desejado.",CANDIDATE_PROPOSITION_REQUIRES_AUTHORITY_AUDIT,CORE_WITH_SCOPED_LIVE_LINKS,FGV_ALERJ_2026_Q48,1,UNKNOWN_DENOMINATOR_NOT_CLOSED
corporate_liability,Responsabilidade penal de pessoa jurídica e efeitos de incorporação dependem de pressupostos próprios e de eventual fraude.,CANDIDATE_PROPOSITION_REQUIRES_AUTHORITY_AUDIT,LIVE_APPLICATION,CEBRASPE_PF_2025_Q66,1,UNKNOWN_DENOMINATOR_NOT_CLOSED
criminology.broken_windows,Wilson e Kelling associam desordem e crime na teoria das janelas quebradas; atribuição teórica não comprova eficácia da política.,CANDIDATE_PROPOSITION_REQUIRES_AUTHORITY_AUDIT,CORE_WITH_SCOPED_LIVE_LINKS,CEBRASPE_PF_2025_Q97,1,UNKNOWN_DENOMINATOR_NOT_CLOSED
criminology.consensus,"Teorias do consenso explicam crime por falhas de integração/socialização, diferentemente de teorias do conflito.",CANDIDATE_PROPOSITION_REQUIRES_AUTHORITY_AUDIT,CORE_WITH_SCOPED_LIVE_LINKS,FGV_DPERJ_2026_Q57,1,UNKNOWN_DENOMINATOR_NOT_CLOSED
criminology.critical.expansion,"A leitura crítica de expansão penal relaciona hipertrofia punitiva, retração social e desigualdade, com atribuição teórica.",CANDIDATE_PROPOSITION_REQUIRES_AUTHORITY_AUDIT,CORE_WITH_SCOPED_LIVE_LINKS,FGV_DPERJ_2026_Q55,1,UNKNOWN_DENOMINATOR_NOT_CLOSED
criminology.ecology,Distribuição espacial e desorganização social não se confundem com determinação biológica do delito.,CANDIDATE_PROPOSITION_REQUIRES_AUTHORITY_AUDIT,CORE_WITH_SCOPED_LIVE_LINKS,FGV_DPERJ_2026_Q57,1,UNKNOWN_DENOMINATOR_NOT_CLOSED
criminology.empirical,"A Criminologia adota investigação empírica e interdisciplinar, no plano do ser.",CANDIDATE_PROPOSITION_REQUIRES_AUTHORITY_AUDIT,CORE_WITH_SCOPED_LIVE_LINKS,FGV_PCSC_2024_TOTAL,1,UNKNOWN_DENOMINATOR_NOT_CLOSED
criminology.labeling,A perspectiva da reação social/etiquetamento liga-se a Becker e ao processo de definição de desviantes.,CANDIDATE_PROPOSITION_REQUIRES_AUTHORITY_AUDIT,CORE_WITH_SCOPED_LIVE_LINKS,FGV_DPERJ_2026_Q58,1,UNKNOWN_DENOMINATOR_NOT_CLOSED
criminology.minimalism,A leitura minimalista da PCPIQ72 é controvertida; preservar gabarito e comentário divergente sem resolver por autoridade da banca.,CANDIDATE_PROPOSITION_REQUIRES_AUTHORITY_AUDIT,CORE_WITH_SCOPED_LIVE_LINKS,FGV_DPERJ_2026_Q55;FGV_PCPI_2026_Q72,2,UNKNOWN_DENOMINATOR_NOT_CLOSED
criminology.necropolitics,A necropolítica associada a Mbembe exige reconhecer a gestão diferencial da morte na descrição apresentada.,CANDIDATE_PROPOSITION_REQUIRES_AUTHORITY_AUDIT,CORE_WITH_SCOPED_LIVE_LINKS,FGV_DPERJ_2026_Q56,1,UNKNOWN_DENOMINATOR_NOT_CLOSED
criminology.paradigms,"Paradigmas criminológicos precisam ser distinguidos por objeto e mecanismo, não apenas por nomes.",CANDIDATE_PROPOSITION_REQUIRES_AUTHORITY_AUDIT,CORE_WITH_SCOPED_LIVE_LINKS,FGV_DPERJ_2026_Q55,1,UNKNOWN_DENOMINATOR_NOT_CLOSED
criminology.punitive_populism,"Populismo punitivo articula espetáculo, demanda popular e desqualificação do saber especializado na formulação examinada.",CANDIDATE_PROPOSITION_REQUIRES_AUTHORITY_AUDIT,CORE_WITH_SCOPED_LIVE_LINKS,FGV_DPERJ_2026_Q57,1,UNKNOWN_DENOMINATOR_NOT_CLOSED
criminology.resocialization,Ressocialização orienta-se ao autor; não equivale ao modelo de restauração do conflito e reparação.,CANDIDATE_PROPOSITION_REQUIRES_AUTHORITY_AUDIT,CORE_WITH_SCOPED_LIVE_LINKS,CEBRASPE_PF_2025_Q99,1,UNKNOWN_DENOMINATOR_NOT_CLOSED
criminology.restoration,Modelo restaurador não confere automaticamente poder decisório ao mediador nem tem formalismo como traço definidor.,CANDIDATE_PROPOSITION_REQUIRES_AUTHORITY_AUDIT,CORE_WITH_SCOPED_LIVE_LINKS,CEBRASPE_PF_2025_Q100;CEBRASPE_PF_2025_Q99,2,UNKNOWN_DENOMINATOR_NOT_CLOSED
criminology.selectivity,"Seletividade descreve distribuição desigual de criminalização, não cria por si causa de extinção da punibilidade.",CANDIDATE_PROPOSITION_REQUIRES_AUTHORITY_AUDIT,CORE_WITH_SCOPED_LIVE_LINKS,FGV_PCPI_2026_Q72,1,UNKNOWN_DENOMINATOR_NOT_CLOSED
criminology.vs_dogmatics,Criminologia empírica e Dogmática normativa não trocam seus métodos por compartilharem o objeto criminal.,CANDIDATE_PROPOSITION_REQUIRES_AUTHORITY_AUDIT,CORE_WITH_SCOPED_LIVE_LINKS,FGV_PCSC_2024_TOTAL,1,UNKNOWN_DENOMINATOR_NOT_CLOSED
criminology.white_collar,Colarinho branco rompe a redução explicativa do crime às classes pobres e vincula-se ao contexto profissional de alto status.,CANDIDATE_PROPOSITION_REQUIRES_AUTHORITY_AUDIT,CORE_WITH_SCOPED_LIVE_LINKS,CEBRASPE_PF_2025_Q98,1,UNKNOWN_DENOMINATOR_NOT_CLOSED
culpability.limit,"A culpabilidade pode funcionar como limite à pena, sem confusão com suas demais acepções dogmáticas.",CANDIDATE_PROPOSITION_REQUIRES_AUTHORITY_AUDIT,CORE_WITH_SCOPED_LIVE_LINKS,MPMS_2026_Q14,1,UNKNOWN_DENOMINATOR_NOT_CLOSED
culpability.prohibition_error,Erro de proibição inevitável afeta culpabilidade; não é rótulo automático de qualquer consentimento da vítima.,CANDIDATE_PROPOSITION_REQUIRES_AUTHORITY_AUDIT,CORE_WITH_SCOPED_LIVE_LINKS,MPRJ_2026_Q23,1,UNKNOWN_DENOMINATOR_NOT_CLOSED
decriminalization,Retirada da natureza penal não se confunde com legalização geral de uma conduta.,CANDIDATE_PROPOSITION_REQUIRES_AUTHORITY_AUDIT,CORE_WITH_SCOPED_LIVE_LINKS,MPPA_2023_DISC_Q2,1,UNKNOWN_DENOMINATOR_NOT_CLOSED
decriminalization.abolitio,"Abolitio criminis exige comparar a conduta antes e depois, podendo atingir apenas parte de um dispositivo.",CANDIDATE_PROPOSITION_REQUIRES_AUTHORITY_AUDIT,CORE_WITH_SCOPED_LIVE_LINKS,FGV_TJPE_2026_Q48,1,UNKNOWN_DENOMINATOR_NOT_CLOSED
depenalization,Afastar prisão ou reduzir resposta punitiva não implica necessariamente retirar a natureza penal; guardar contexto histórico.,CANDIDATE_PROPOSITION_REQUIRES_AUTHORITY_AUDIT,CORE_WITH_SCOPED_LIVE_LINKS,MPPA_2023_DISC_Q2,1,UNKNOWN_DENOMINATOR_NOT_CLOSED
dogmatics.normative,"A Dogmática trabalha normativamente com normas e princípios, no plano do dever-ser.",CANDIDATE_PROPOSITION_REQUIRES_AUTHORITY_AUDIT,CORE_WITH_SCOPED_LIVE_LINKS,FGV_PCSC_2024_TOTAL,1,UNKNOWN_DENOMINATOR_NOT_CLOSED
function.promotional,A atribuição de função promocional ao Penal exige delimitação doutrinária; não autoriza criminalização ilimitada.,CANDIDATE_PROPOSITION_REQUIRES_AUTHORITY_AUDIT,CORE_WITH_SCOPED_LIVE_LINKS,FUNDATEC_PCRS_2025_FUNCTIONS,1,UNKNOWN_DENOMINATOR_NOT_CLOSED
function.protect_legal_goods,A proteção de bens jurídicos é uma formulação da função penal; não se identifica simplesmente com aplicar sanções.,CANDIDATE_PROPOSITION_REQUIRES_AUTHORITY_AUDIT,CORE_WITH_SCOPED_LIVE_LINKS,VUNESP_PCSP_2023_FUNC,1,UNKNOWN_DENOMINATOR_NOT_CLOSED
function.vs_consequence,Marcador legado de contraste/distrator; não é proposição jurídica autônoma. Reconciliar antes de promover ao grafo canônico.,LEGACY_CONTRAST_MARKER_NOT_CANONICAL,CORE_WITH_SCOPED_LIVE_LINKS,VUNESP_PCSP_2023_FUNC,1,UNKNOWN_DENOMINATOR_NOT_CLOSED
function.vs_constitutional_goal,Marcador legado de contraste/distrator; não é proposição jurídica autônoma. Reconciliar antes de promover ao grafo canônico.,LEGACY_CONTRAST_MARKER_NOT_CANONICAL,CORE_WITH_SCOPED_LIVE_LINKS,VUNESP_PCSP_2023_FUNC,1,UNKNOWN_DENOMINATOR_NOT_CLOSED
function.vs_enforcement,Marcador legado de contraste/distrator; não é proposição jurídica autônoma. Reconciliar antes de promover ao grafo canônico.,LEGACY_CONTRAST_MARKER_NOT_CANONICAL,CORE_WITH_SCOPED_LIVE_LINKS,VUNESP_PCSP_2023_FUNC,1,UNKNOWN_DENOMINATOR_NOT_CLOSED
function.vs_other_branches,Marcador legado de contraste/distrator; não é proposição jurídica autônoma. Reconciliar antes de promover ao grafo canônico.,LEGACY_CONTRAST_MARKER_NOT_CANONICAL,CORE_WITH_SCOPED_LIVE_LINKS,VUNESP_PCSP_2023_FUNC,1,UNKNOWN_DENOMINATOR_NOT_CLOSED
insignificance.context,A relevância penal de munição ou outro objeto não se decide por uma regra abstrata de quantidade ilimitada.,CANDIDATE_PROPOSITION_REQUIRES_AUTHORITY_AUDIT,CORE_WITH_SCOPED_LIVE_LINKS,MPRJ_2026_Q25,1,UNKNOWN_DENOMINATOR_NOT_CLOSED
law.beneficial_retroactivity,Lei penal benéfica tem regime próprio de extra-atividade; os limites constitucionais não desaparecem nas medidas de segurança.,CANDIDATE_PROPOSITION_REQUIRES_AUTHORITY_AUDIT,LIVE_APPLICATION,MPMS_2026_Q15;MPRJ_2026_Q21;MPRJ_2026_Q22,3,UNKNOWN_DENOMINATOR_NOT_CLOSED
law.continuity,Revogação formal de artigo pode coexistir com continuidade da criminalização em outro dispositivo.,CANDIDATE_PROPOSITION_REQUIRES_AUTHORITY_AUDIT,LIVE_APPLICATION,FGV_TJPE_2026_Q48,1,UNKNOWN_DENOMINATOR_NOT_CLOSED
law.intermediate,Lei intermediária mais favorável pode projetar efeitos sobre fato anterior e julgamento posterior à sua revogação.,CANDIDATE_PROPOSITION_REQUIRES_AUTHORITY_AUDIT,LIVE_APPLICATION,MPMS_2026_Q15,1,UNKNOWN_DENOMINATOR_NOT_CLOSED
legal_good.accumulation,A acumulação relaciona condutas individualmente pequenas ao risco agregado de repetição no mesmo contexto.,CANDIDATE_PROPOSITION_REQUIRES_AUTHORITY_AUDIT,CORE_WITH_SCOPED_LIVE_LINKS,CEBRASPE_PF_2025_Q67,1,UNKNOWN_DENOMINATOR_NOT_CLOSED
legal_good.apparent_collective,A crítica a bens coletivos aparentes exige atribuição à corrente e não é negação universal de bens supraindividuais.,CANDIDATE_PROPOSITION_REQUIRES_AUTHORITY_AUDIT,CORE_WITH_SCOPED_LIVE_LINKS,CEBRASPE_PF_2025_Q53,1,UNKNOWN_DENOMINATOR_NOT_CLOSED
legal_good.consent,"No caso de aproximação consentida examinado, o STJ admite atipicidade no art.24-A; a premissa fática e a voluntariedade importam.",CANDIDATE_PROPOSITION_REQUIRES_AUTHORITY_AUDIT,LIVE_APPLICATION,MPRJ_2026_Q23,1,UNKNOWN_DENOMINATOR_NOT_CLOSED
legal_good.constitution,A relevância constitucional não torna automaticamente necessária a tutela penal de todo interesse.,CANDIDATE_PROPOSITION_REQUIRES_AUTHORITY_AUDIT,CORE_WITH_SCOPED_LIVE_LINKS,CEBRASPE_PF_2025_Q54,1,UNKNOWN_DENOMINATOR_NOT_CLOSED
legal_good.consumer,A tutela do consumidor/torcedor no caso do cambismo explica a antecipação da proteção sem exigir venda efetiva.,CANDIDATE_PROPOSITION_REQUIRES_AUTHORITY_AUDIT,LIVE_APPLICATION,MPRJ_2026_DISC_PENAL_Q6,1,UNKNOWN_DENOMINATOR_NOT_CLOSED
legal_good.critical,"A função crítica usa o bem jurídico para avaliar limites da criminalização, não apenas para explicar o texto já posto.",CANDIDATE_PROPOSITION_REQUIRES_AUTHORITY_AUDIT,CORE_WITH_SCOPED_LIVE_LINKS,CEBRASPE_PF_2025_Q53,1,UNKNOWN_DENOMINATOR_NOT_CLOSED
legal_good.danger_abstract,Há tutela penal antecipada que dispensa dano efetivo; cada tipo e suas exceções exigem verificação específica.,CANDIDATE_PROPOSITION_REQUIRES_AUTHORITY_AUDIT,CORE_WITH_SCOPED_LIVE_LINKS,FGV_ALERJ_2026_Q48;MPRJ_2026_DISC_PENAL_Q6;MPRJ_2026_Q20;MPRJ_2026_Q24;MPRJ_2026_Q25,5,UNKNOWN_DENOMINATOR_NOT_CLOSED
legal_good.history,A origem histórica do bem jurídico deve ser distinguida de desenvolvimentos doutrinários posteriores.,CANDIDATE_PROPOSITION_REQUIRES_AUTHORITY_AUDIT,CORE_WITH_SCOPED_LIVE_LINKS,CEBRASPE_PF_2025_Q52,1,UNKNOWN_DENOMINATOR_NOT_CLOSED
legal_good.justice,A identificação da administração da justiça como bem tutelado depende do tipo e não decide automaticamente todo caso de consentimento.,CANDIDATE_PROPOSITION_REQUIRES_AUTHORITY_AUDIT,CORE_WITH_SCOPED_LIVE_LINKS,CEBRASPE_PF_2026_ORAL_Q3,1,UNKNOWN_DENOMINATOR_NOT_CLOSED
legal_good.methodological,A concepção metodológica associa bem jurídico à interpretação/ratio legis; sua autoria não pode ser transferida automaticamente a Birnbaum.,CANDIDATE_PROPOSITION_REQUIRES_AUTHORITY_AUDIT,CORE_WITH_SCOPED_LIVE_LINKS,CEBRASPE_PF_2025_Q52,1,UNKNOWN_DENOMINATOR_NOT_CLOSED
legal_good.norm,A garantia da vigência da norma e a proteção de bens jurídicos correspondem a construções teóricas que não devem ser fundidas.,CANDIDATE_PROPOSITION_REQUIRES_AUTHORITY_AUDIT,CORE_WITH_SCOPED_LIVE_LINKS,MPMS_2026_Q14,1,UNKNOWN_DENOMINATOR_NOT_CLOSED
legality.analogy,"Analogia, interpretação e extensão de benefício são problemas distintos; diagnóstico político-criminal não basta para autorizá-los.",CANDIDATE_PROPOSITION_REQUIRES_AUTHORITY_AUDIT,CORE_WITH_SCOPED_LIVE_LINKS,FGV_PCPI_2026_Q72;FGV_TJPE_2026_Q41;MPRJ_2026_Q20;MPRJ_2026_Q22,4,UNKNOWN_DENOMINATOR_NOT_CLOSED
legality.strict,Limites expressos de criminalização e de tratamento mais gravoso não se ampliam livremente por analogia.,CANDIDATE_PROPOSITION_REQUIRES_AUTHORITY_AUDIT,CORE_WITH_SCOPED_LIVE_LINKS,FGV_TJPE_2026_Q41;MPRJ_2026_Q21,2,UNKNOWN_DENOMINATOR_NOT_CLOSED
legality.typification,"Enquadramento exige identificar os elementos do tipo aplicável ao fato, com estado normativo datado.",CANDIDATE_PROPOSITION_REQUIRES_AUTHORITY_AUDIT,LIVE_APPLICATION,MPRJ_2026_DISC_PENAL_Q6,1,UNKNOWN_DENOMINATOR_NOT_CLOSED
penalty.general_prevention,"Em Feuerbach, a prevenção geral opera pela ameaça cominada e pela demonstração de seu cumprimento.",CANDIDATE_PROPOSITION_REQUIRES_AUTHORITY_AUDIT,CORE_WITH_SCOPED_LIVE_LINKS,MPMS_2026_Q14,1,UNKNOWN_DENOMINATOR_NOT_CLOSED
penalty.positive_prevention,A versão fundamentadora de prevenção geral positiva examinada liga função ético-social e vigência da norma.,CANDIDATE_PROPOSITION_REQUIRES_AUTHORITY_AUDIT,CORE_WITH_SCOPED_LIVE_LINKS,MPMS_2026_Q14,1,UNKNOWN_DENOMINATOR_NOT_CLOSED
penalty.positive_prevention_limiting,A versão limitadora atribuída a Hassemer restringe o poder punitivo; não se confunde com sua proposta de Direito de Intervenção.,CANDIDATE_PROPOSITION_REQUIRES_AUTHORITY_AUDIT,CORE_WITH_SCOPED_LIVE_LINKS,MPMS_2026_Q14,1,UNKNOWN_DENOMINATOR_NOT_CLOSED
penalty.retribution,Kant e Hegel são associados pela questão à retribuição em fundamentos ético e jurídico distintos.,CANDIDATE_PROPOSITION_REQUIRES_AUTHORITY_AUDIT,CORE_WITH_SCOPED_LIVE_LINKS,MPMS_2026_Q14,1,UNKNOWN_DENOMINATOR_NOT_CLOSED
penalty.unification,"Teorias unificadoras articulam finalidades e limites, não excluem por definição a culpabilidade limitadora.",CANDIDATE_PROPOSITION_REQUIRES_AUTHORITY_AUDIT,CORE_WITH_SCOPED_LIVE_LINKS,MPMS_2026_Q14,1,UNKNOWN_DENOMINATOR_NOT_CLOSED
policy_criminal.role,Política Criminal formula diretrizes e estratégias de prevenção e reação ao crime.,CANDIDATE_PROPOSITION_REQUIRES_AUTHORITY_AUDIT,CORE_WITH_SCOPED_LIVE_LINKS,FGV_PCSC_2024_TOTAL,1,UNKNOWN_DENOMINATOR_NOT_CLOSED
principle.fragmentarity,"A fragmentariedade seleciona ofensas e bens para tutela penal, sem equivaler à mera existência de reparação civil.",CANDIDATE_PROPOSITION_REQUIRES_AUTHORITY_AUDIT,CORE_WITH_SCOPED_LIVE_LINKS,FGV_PCPI_2026_Q42;FUNDATEC_PCRS_2025_FUNCTIONS;TJPR_2026_Q32,3,UNKNOWN_DENOMINATOR_NOT_CLOSED
principle.insignificance,A insignificância demanda avaliação contextual da lesão e dos vetores jurídicos; valor ou restituição isolados não encerram a análise.,CANDIDATE_PROPOSITION_REQUIRES_AUTHORITY_AUDIT,CORE_WITH_SCOPED_LIVE_LINKS,FGV_PCPI_2026_Q42;TJPR_2026_Q32,2,UNKNOWN_DENOMINATOR_NOT_CLOSED
principle.legality_vs_insignificance,"Tipificação formal não encerra, sozinha, a avaliação de tipicidade material.",CANDIDATE_PROPOSITION_REQUIRES_AUTHORITY_AUDIT,CORE_WITH_SCOPED_LIVE_LINKS,FGV_PCPI_2026_Q42,1,UNKNOWN_DENOMINATOR_NOT_CLOSED
principle.minimum_intervention,"A intervenção penal deve ser justificada como necessária e limitada, não como resposta automática a todo conflito.",CANDIDATE_PROPOSITION_REQUIRES_AUTHORITY_AUDIT,CORE_WITH_SCOPED_LIVE_LINKS,CEBRASPE_PCDF_2026_Q74;CEBRASPE_PF_2025_Q54;FGV_PCPI_2026_Q42,3,UNKNOWN_DENOMINATOR_NOT_CLOSED
principle.offensiveness,A exigência de ofensa ou perigo ao bem jurídico não se confunde com exclusão automática da culpabilidade.,CANDIDATE_PROPOSITION_REQUIRES_AUTHORITY_AUDIT,CORE_WITH_SCOPED_LIVE_LINKS,CEBRASPE_PF_2025_Q65;TJPR_2026_Q32,2,UNKNOWN_DENOMINATOR_NOT_CLOSED
principle.social_adequacy,Adequação social não equivale à aceitação particular de um grupo nem resolve automaticamente a tipicidade formal.,CANDIDATE_PROPOSITION_REQUIRES_AUTHORITY_AUDIT,CORE_WITH_SCOPED_LIVE_LINKS,TJPR_2026_Q32,1,UNKNOWN_DENOMINATOR_NOT_CLOSED
principle.subsidiarity_intervention,A subsidiariedade da intervenção compara tutela penal com meios menos gravosos suficientes.,CANDIDATE_PROPOSITION_REQUIRES_AUTHORITY_AUDIT,CORE_WITH_SCOPED_LIVE_LINKS,CEBRASPE_PCDF_2026_Q74;FUNDATEC_PCRS_2025_FUNCTIONS,2,UNKNOWN_DENOMINATOR_NOT_CLOSED
sanction.execution_limit,Limite de cumprimento de pena não equivale a limite da soma das penas impostas na condenação.,CANDIDATE_PROPOSITION_REQUIRES_AUTHORITY_AUDIT,LIVE_APPLICATION,MPMS_2026_Q19,1,UNKNOWN_DENOMINATOR_NOT_CLOSED
sanction.personality,A pessoalidade penal impede equiparar sem análise a sucessão empresarial à transferência de sanção criminal.,CANDIDATE_PROPOSITION_REQUIRES_AUTHORITY_AUDIT,LIVE_APPLICATION,CEBRASPE_PF_2025_Q66,1,UNKNOWN_DENOMINATOR_NOT_CLOSED
schools.classical.beccaria,A questão exige distinguir a finalidade atribuída a Beccaria da retribuição sem finalidade preventiva.,CANDIDATE_PROPOSITION_REQUIRES_AUTHORITY_AUDIT,CORE_WITH_SCOPED_LIVE_LINKS,FGV_PCPI_2026_Q71,1,UNKNOWN_DENOMINATOR_NOT_CLOSED
schools.classical.free_will,"Livre-arbítrio é eixo da explicação clássica examinada, distinto do determinismo positivista.",CANDIDATE_PROPOSITION_REQUIRES_AUTHORITY_AUDIT,CORE_WITH_SCOPED_LIVE_LINKS,FGV_PCPI_2026_Q71,1,UNKNOWN_DENOMINATOR_NOT_CLOSED
schools.classical.humanization,"A racionalização clássica confronta crueldade e tortura historicamente, sem equivaler a abolição de toda pena.",CANDIDATE_PROPOSITION_REQUIRES_AUTHORITY_AUDIT,CORE_WITH_SCOPED_LIVE_LINKS,FGV_PCPI_2026_Q71,1,UNKNOWN_DENOMINATOR_NOT_CLOSED
schools.classical.legality,A conexão histórica entre escola clássica e legalidade não dispensa a precisão das formulações de cada autor.,CANDIDATE_PROPOSITION_REQUIRES_AUTHORITY_AUDIT,CORE_WITH_SCOPED_LIVE_LINKS,FGV_PCPI_2026_Q71,1,UNKNOWN_DENOMINATOR_NOT_CLOSED
schools.classical.social_defense,"Uma expressão como defesa social pode aparecer em escolas diferentes, sem torná-las idênticas.",CANDIDATE_PROPOSITION_REQUIRES_AUTHORITY_AUDIT,CORE_WITH_SCOPED_LIVE_LINKS,FGV_PCPI_2026_Q71,1,UNKNOWN_DENOMINATOR_NOT_CLOSED
science.total.structure,"Ciência Total/Conjunta reúne Dogmática, Criminologia e Política Criminal em funções distintas.",CANDIDATE_PROPOSITION_REQUIRES_AUTHORITY_AUDIT,CORE_WITH_SCOPED_LIVE_LINKS,FGV_PCSC_2024_TOTAL,1,UNKNOWN_DENOMINATOR_NOT_CLOSED
subsidiarity.norms,"Subsidiariedade normativa distingue norma principal e subsidiária, expressa ou tácita; não é ultima ratio entre ramos.",CANDIDATE_PROPOSITION_REQUIRES_AUTHORITY_AUDIT,CORE_WITH_SCOPED_LIVE_LINKS,MPPA_2023_DISC_SUBS,1,UNKNOWN_DENOMINATOR_NOT_CLOSED
tax.crime_representation,Regra administrativa de envio de representação fiscal não se confunde com natureza formal/material do delito ou monopólio de iniciativa.,CANDIDATE_PROPOSITION_REQUIRES_AUTHORITY_AUDIT,LIVE_APPLICATION,CEBRASPE_PCDF_2026_Q74,1,UNKNOWN_DENOMINATOR_NOT_CLOSED
tax.launch,"Constituição definitiva do crédito, tipicidade tributária e investigação conexa exigem distinções, evitando proibição geral de investigar.",CANDIDATE_PROPOSITION_REQUIRES_AUTHORITY_AUDIT,LIVE_APPLICATION,CEBRASPE_PCDF_2026_Q73,1,UNKNOWN_DENOMINATOR_NOT_CLOSED
typicity.dolo,Perigo abstrato não dispensa automaticamente o elemento subjetivo do tipo.,CANDIDATE_PROPOSITION_REQUIRES_AUTHORITY_AUDIT,CORE_WITH_SCOPED_LIVE_LINKS,MPRJ_2026_DISC_PENAL_Q6;MPRJ_2026_Q20,2,UNKNOWN_DENOMINATOR_NOT_CLOSED
typicity.formal_material,Delito formal não significa tipicidade meramente formal: classificação da consumação e análise da tipicidade são eixos diferentes.,CANDIDATE_PROPOSITION_REQUIRES_AUTHORITY_AUDIT,CORE_WITH_SCOPED_LIVE_LINKS,MPRJ_2026_Q24,1,UNKNOWN_DENOMINATOR_NOT_CLOSED
typicity.material,Adequação formal e ofensividade material são planos distintos da tipicidade.,CANDIDATE_PROPOSITION_REQUIRES_AUTHORITY_AUDIT,CORE_WITH_SCOPED_LIVE_LINKS,CEBRASPE_PCDF_2026_Q73;CEBRASPE_PF_2025_Q65;MPRJ_2026_Q23,3,UNKNOWN_DENOMINATOR_NOT_CLOSED
typicity.subjects,Sujeitos ativo e passivo devem ser identificados a partir do tipo e do bem tutelado.,CANDIDATE_PROPOSITION_REQUIRES_AUTHORITY_AUDIT,LIVE_APPLICATION,MPRJ_2026_DISC_PENAL_Q6,1,UNKNOWN_DENOMINATOR_NOT_CLOSED
