question_id,career,bank,year,phase,source_confidence,option_or_assertion,paraphrased_claim,verdict_or_role,knowledge_atom,distractor_mechanism,editorial_implication,migration_status
VUNESP_PCSP_2023_FUNC,Delegado PC-SP,VUNESP,2023,objetiva,secondary_located,A,A função penal é proteger bens jurídicos relevantes,CORRECT,function.protect_legal_goods,direct-concept,Função de proteção de bens jurídicos precisa aparecer cedo e sem rodeios,INHERITED_REQUIRES_PROVENANCE_OR_CONTEXT_REVALIDATION
VUNESP_PCSP_2023_FUNC,Delegado PC-SP,VUNESP,2023,objetiva,secondary_located,B,A função penal é simplesmente aplicar penas e medidas,DISTRACTOR,function.vs_consequence,effect-for-function,Distinguir função do sistema de suas consequências jurídicas,INHERITED_REQUIRES_PROVENANCE_OR_CONTEXT_REVALIDATION
VUNESP_PCSP_2023_FUNC,Delegado PC-SP,VUNESP,2023,objetiva,secondary_located,C,A função penal é resolver conflitos e pacificar a sociedade em geral,DISTRACTOR,function.vs_other_branches,overbroad-social-function,Mostrar por que fórmulas gerais de pacificação não definem especificamente a função penal,INHERITED_REQUIRES_PROVENANCE_OR_CONTEXT_REVALIDATION
VUNESP_PCSP_2023_FUNC,Delegado PC-SP,VUNESP,2023,objetiva,secondary_located,D,A função penal é realizar objetivos constitucionais sociais amplos,DISTRACTOR,function.vs_constitutional_goal,category-shift,Ensinar a identificar finalidade constitucional geral usada como distrator,INHERITED_REQUIRES_PROVENANCE_OR_CONTEXT_REVALIDATION
VUNESP_PCSP_2023_FUNC,Delegado PC-SP,VUNESP,2023,objetiva,secondary_located,E,A função penal é garantir execução de qualquer lei,DISTRACTOR,function.vs_enforcement,overgeneralization,Evitar conceito expansivo de Direito Penal como garantidor universal,INHERITED_REQUIRES_PROVENANCE_OR_CONTEXT_REVALIDATION
CEBRASPE_PCRO_2022_SYMBOLIC,Delegado PC-RO,CEBRASPE,2022,objetiva,secondary_located,STEM,"Descrição de inflação legislativa, emergência/terror penal e efeito predominante de percepção",TARGET_SIGNAL,function.symbolic,description-to-label,Ensinar sinais semânticos que levam à função simbólica,OUT_OF_WINDOW_REFERENCE
CEBRASPE_PCRO_2022_SYMBOLIC,Delegado PC-RO,CEBRASPE,2022,objetiva,secondary_located,A,Rótulo ético-social,DISTRACTOR,function.ethical_social,nearby-doctrinal-label,Definição curta e contraste com simbólica,OUT_OF_WINDOW_REFERENCE
CEBRASPE_PCRO_2022_SYMBOLIC,Delegado PC-RO,CEBRASPE,2022,objetiva,secondary_located,B,Rótulo função simbólica,CORRECT,function.symbolic,precise-label,Função simbólica é conhecimento examinável,OUT_OF_WINDOW_REFERENCE
CEBRASPE_PCRO_2022_SYMBOLIC,Delegado PC-RO,CEBRASPE,2022,objetiva,secondary_located,C,Rótulo instrumento de controle social,DISTRACTOR,function.social_control,general-truth-wrong-label,Questão pode usar afirmação verdadeira mas inadequada ao trecho,OUT_OF_WINDOW_REFERENCE
CEBRASPE_PCRO_2022_SYMBOLIC,Delegado PC-RO,CEBRASPE,2022,objetiva,secondary_located,D,Rótulo função motivadora,DISTRACTOR,function.motivating,nearby-doctrinal-label,Contrastar ameaça de sanção/orientação de conduta com efeito simbólico,OUT_OF_WINDOW_REFERENCE
CEBRASPE_PCRO_2022_SYMBOLIC,Delegado PC-RO,CEBRASPE,2022,objetiva,secondary_located,E,Rótulo função promocional,DISTRACTOR,function.promotional,nearby-doctrinal-label,Promocional exige contexto/autoria; não confundir com simbólica,OUT_OF_WINDOW_REFERENCE
CEBRASPE_PCPB_2022_TOTAL_Q74,Delegado PC-PB,CEBRASPE,2022,objetiva,official_pdf,TARGET,Ciência total/conjunta do Direito Penal é associada a Franz von Liszt,CORRECT,science.total.von_liszt,author-identification,Autor e expressão precisam constar no núcleo discriminativo,OUT_OF_WINDOW_REFERENCE
CEBRASPE_PCPB_2022_TOTAL_Q75,Delegado PC-PB,CEBRASPE,2022,objetiva,official_pdf,I,Criminologia forneceria estratégias/meios de controle do crime,FALSE,criminology.role,role-swap,"Estratégia/diretriz pertence à Política Criminal, não à Criminologia",OUT_OF_WINDOW_REFERENCE
CEBRASPE_PCPB_2022_TOTAL_Q75,Delegado PC-PB,CEBRASPE,2022,objetiva,official_pdf,II,Política Criminal forneceria substrato empírico sobre crime e controle social,FALSE,policy_criminal.role,role-swap,Substrato empírico é papel criminológico,OUT_OF_WINDOW_REFERENCE
CEBRASPE_PCPB_2022_TOTAL_Q75,Delegado PC-PB,CEBRASPE,2022,objetiva,official_pdf,III,Direito Penal tipifica infrações e associa sanções a condutas juridicamente indesejadas,TRUE,dogmatics.role,correct-definition,Conectar conceito de Penal à tríade von Liszt,OUT_OF_WINDOW_REFERENCE
FGV_PCSC_2024_TOTAL,Delegado PC-SC,FGV,2024,objetiva,official_exam_page+secondary_item,A,"Ciência conjunta integra Criminologia, Política Criminal e Dogmática",TRUE,science.total.structure,integration,Usar quadro simples dos três pilares,INHERITED_REQUIRES_PROVENANCE_OR_CONTEXT_REVALIDATION
FGV_PCSC_2024_TOTAL,Delegado PC-SC,FGV,2024,objetiva,official_exam_page+secondary_item,B,Dogmática opera com normas e princípios penais/processuais,TRUE,dogmatics.normative,discipline-definition,Normativo/dever-ser precisa ser recuperável,INHERITED_REQUIRES_PROVENANCE_OR_CONTEXT_REVALIDATION
FGV_PCSC_2024_TOTAL,Delegado PC-SC,FGV,2024,objetiva,official_exam_page+secondary_item,C,Política Criminal formula estratégias/políticas de prevenção e reação,TRUE,policy_criminal.role,discipline-definition,Ensinar como ponte entre dados e decisão normativa/institucional,INHERITED_REQUIRES_PROVENANCE_OR_CONTEXT_REVALIDATION
FGV_PCSC_2024_TOTAL,Delegado PC-SC,FGV,2024,objetiva,official_exam_page+secondary_item,D,Criminologia é empírica e interdisciplinar,TRUE,criminology.empirical,epistemic-discriminator,Ser/empírico é palavra-chave de discriminação,INHERITED_REQUIRES_PROVENANCE_OR_CONTEXT_REVALIDATION
FGV_PCSC_2024_TOTAL,Delegado PC-SC,FGV,2024,objetiva,official_exam_page+secondary_item,E,Criminologia seria ciência normativa do dever-ser,FALSE_TARGET,criminology.vs_dogmatics,epistemological-inversion,FGV usa uma única palavra epistemológica para invalidar alternativa erudita,INHERITED_REQUIRES_PROVENANCE_OR_CONTEXT_REVALIDATION
FUNDATEC_PCRS_2025_FUNCTIONS,Delegado PC-RS,FUNDATEC,2025,objetiva,secondary_located,I,Função promocional é apresentada como transformação/incentivo social além de proteção de bens,FALSE_IN_OFFICIAL_SET_NEEDS_DOCTRINAL_AUDIT,function.promotional,doctrinal-attribution-conflict,Não ensinar como consenso; registrar autor/corrente e formulação da banca,INHERITED_REQUIRES_PROVENANCE_OR_CONTEXT_REVALIDATION
FUNDATEC_PCRS_2025_FUNCTIONS,Delegado PC-RS,FUNDATEC,2025,objetiva,secondary_located,II,Fragmentariedade seleciona as ofensas mais graves a bens relevantes,TRUE,principle.fragmentarity,near-concept,Explicação deve diferenciar seleção de bens/ofensas,INHERITED_REQUIRES_PROVENANCE_OR_CONTEXT_REVALIDATION
FUNDATEC_PCRS_2025_FUNCTIONS,Delegado PC-RS,FUNDATEC,2025,objetiva,secondary_located,III,Subsidiariedade reserva o Penal à ultima ratio quando outros meios são insuficientes,TRUE,principle.subsidiarity_intervention,near-concept,Parêntese de reconexão deve contrastar com fragmentariedade,INHERITED_REQUIRES_PROVENANCE_OR_CONTEXT_REVALIDATION
FUNDATEC_PCRS_2025_FUNCTIONS,Delegado PC-RS,FUNDATEC,2025,objetiva,secondary_located,IV,Natureza sancionatória autorizaria criar autonomamente novos bens jurídicos sem tutela prévia,FALSE,character.sanctioning,absolutization,"Ensinar natureza sancionatória com nuance, sem frase absoluta",INHERITED_REQUIRES_PROVENANCE_OR_CONTEXT_REVALIDATION
TJPR_2026_Q32,Magistratura TJPR,FGV,2026,objetiva,official_exam+official_final_key,A,Restituição posterior do bem tornaria automaticamente insignificante a lesão,FALSE,principle.insignificance,postfactum-to-material-typicity,Restituição não equivale automaticamente à insignificância,INHERITED_REQUIRES_PROVENANCE_OR_CONTEXT_REVALIDATION
TJPR_2026_Q32,Magistratura TJPR,FGV,2026,objetiva,official_exam+official_final_key,B,Adequação social excluiria tipicidade formal porque grupo específico aceita a conduta,FALSE,principle.social_adequacy,formal-vs-material+social-acceptance,FGV cruza categoria dogmática com argumento sociológico,INHERITED_REQUIRES_PROVENANCE_OR_CONTEXT_REVALIDATION
TJPR_2026_Q32,Magistratura TJPR,FGV,2026,objetiva,official_exam+official_final_key,C,Insignificância é obstada pelas circunstâncias do bem público e valor relevante,CORRECT_OFFICIAL,principle.insignificance,contextual-application,Não basta decorar requisitos; treinar aplicação ao caso concreto,INHERITED_REQUIRES_PROVENANCE_OR_CONTEXT_REVALIDATION
TJPR_2026_Q32,Magistratura TJPR,FGV,2026,objetiva,official_exam+official_final_key,D,Fragmentariedade justificaria absolvição porque existem tutelas civil/administrativa,FALSE,principle.fragmentarity,fragmentarity-vs-subsidiarity,Distrator usa ideia de subsidiariedade sob rótulo de fragmentariedade,INHERITED_REQUIRES_PROVENANCE_OR_CONTEXT_REVALIDATION
TJPR_2026_Q32,Magistratura TJPR,FGV,2026,objetiva,official_exam+official_final_key,E,Ofensividade excluiria culpabilidade por ausência de perigo concreto duradouro,FALSE,principle.offensiveness,category-error+concrete-danger-absolutization,Duas armadilhas: ofensividade não é culpabilidade; perigo concreto não é universal,INHERITED_REQUIRES_PROVENANCE_OR_CONTEXT_REVALIDATION
MPRJ_2026_Q23,Ministério Público RJ,FGV,2026,objetiva,official_pdf,SIGNAL,Descumprimento de medida protetiva exige identificar bem jurídico e irrelevância do consentimento em hipótese legal,APPLIED_SIGNAL,legal_good.applied,foundation-inside-applied-case,Bem jurídico introdutório reaparece em problema de Parte Especial,SUPERSEDED_BY_REVIEWED_DECOMPOSITION
MPRJ_2026_Q24,Ministério Público RJ,FGV,2026,objetiva,official_pdf,SIGNAL,Crime ambiental exige classificar natureza do delito e potencialidade de dano,APPLIED_SIGNAL,danger_damage_classification,concept-transfer,Fundamentos reaparecem como classificação aplicada,SUPERSEDED_BY_REVIEWED_DECOMPOSITION
MPRJ_2026_Q25,Ministério Público RJ,FGV,2026,objetiva,official_pdf,SIGNAL,Crime de arma envolve tutela antecipada/perigo abstrato,APPLIED_SIGNAL,abstract_danger,principle-to-jurisprudence-transfer,Evitar regra simplista ofensividade = perigo concreto sempre,SUPERSEDED_BY_REVIEWED_DECOMPOSITION
MPPA_2023_DISC_SUBS,Ministério Público PA,CEBRASPE,2023,discursiva,official_standard_answer,OUTPUT,Distinguir especialidade e subsidiariedade no conflito aparente de normas; subsidiariedade pode ser expressa ou tácita,OUTPUT_TARGET,norm_conflict.subsidiarity,homonym-confusion,Registrar homônimo: subsidiariedade da intervenção penal ≠ subsidiariedade no conflito aparente de normas,SUPERSEDED_BY_REVIEWED_DECOMPOSITION
ENAM_2026_1,Magistratura/ENAM,FGV,2026,objetiva,official_pdf,NEGATIVE_EXAM_SIGNAL,Prova localizada não apresentou cobrança direta dos rótulos criminologia/despenalização/fragmentariedade no recorte pesquisado,NO_DIRECT_HIT,coverage.temporal,absence-in-one-edition,Não rebaixar conteúdo expresso em edital por ausência numa edição,DISCOVERY_SIGNAL_NOT_SEMANTIC_ABSENCE
TJPE_2026,Magistratura TJPE,FGV,2026,objetiva,official_fgv_page+official_exam,NEGATIVE_EXAM_SIGNAL,Prova de 29/09/2026 prioriza aplicação legal/jurisprudencial; sem hit direto nos rótulos introdutórios pesquisados,NO_DIRECT_HIT,coverage.latest,fresh-negative-signal,Registrar comportamento recente sem inferir irrelevância do bloco,DISCOVERY_SIGNAL_NOT_SEMANTIC_ABSENCE
FGV_PCPI_2026_Q42,Delegado PC-PI,FGV,2026,objetiva,official_exam+official_final_key,A,Legalidade imporia punição do furto de R$5 só porque há tipificação formal,FALSE,principle.legality_vs_insignificance,literal-legality-overreach,Ensinar que tipicidade formal não elimina análise de tipicidade material/insignificância,INHERITED_REQUIRES_PROVENANCE_OR_CONTEXT_REVALIDATION
FGV_PCPI_2026_Q42,Delegado PC-PI,FGV,2026,objetiva,official_exam+official_final_key,B,"Pequeno valor afastaria culpabilidade por erro de tipo permissivo, não tipicidade",FALSE,principle.insignificance,dogmatic-level-error,"FGV explora plano dogmático: insignificância atua na tipicidade material, não culpabilidade",INHERITED_REQUIRES_PROVENANCE_OR_CONTEXT_REVALIDATION
FGV_PCPI_2026_Q42,Delegado PC-PI,FGV,2026,objetiva,official_exam+official_final_key,C,Intervenção estatal justificaria repressão penal mesmo para lesão mínima,FALSE,principle.minimum_intervention,principle-inversion,Treinar leitura de princípio usado em sentido oposto ao seu fundamento,INHERITED_REQUIRES_PROVENANCE_OR_CONTEXT_REVALIDATION
FGV_PCPI_2026_Q42,Delegado PC-PI,FGV,2026,objetiva,official_exam+official_final_key,D,"Insignificância gera atipicidade pela mínima ofensividade/reprovabilidade, ausência de periculosidade e ínfima lesão",CORRECT_OFFICIAL,principle.insignificance,four-vector-application,"Ensinar vetores e aplicação a caso concreto, não só definição",INHERITED_REQUIRES_PROVENANCE_OR_CONTEXT_REVALIDATION
FGV_PCPI_2026_Q42,Delegado PC-PI,FGV,2026,objetiva,official_exam+official_final_key,E,Fragmentariedade derivaria do poder-dever de punir e impediria reconhecer furto porque ilícito penal também é civil,FALSE,principle.fragmentarity,conceptual-gibberish+wrong-foundation,Treinar alternativas que combinam termos verdadeiros em cadeia causal falsa,INHERITED_REQUIRES_PROVENANCE_OR_CONTEXT_REVALIDATION
FGV_PCPI_2026_Q71,Delegado PC-PI,FGV,2026,objetiva,official_exam+official_final_key,A,Escola clássica: delito ligado ao livre-arbítrio e escolhas morais,TRUE,schools.classical.free_will,historical-doctrine,Escolas/evolução não pode ser tratada como mero overlay de Magistratura,INHERITED_REQUIRES_PROVENANCE_OR_CONTEXT_REVALIDATION
FGV_PCPI_2026_Q71,Delegado PC-PI,FGV,2026,objetiva,official_exam+official_final_key,B,Escola clássica racionaliza o castigo e reage a penas violentas/tortura do Antigo Regime,TRUE,schools.classical.humanization,historical-context,Contexto histórico é parte da cobrança atual de Delegado,INHERITED_REQUIRES_PROVENANCE_OR_CONTEXT_REVALIDATION
FGV_PCPI_2026_Q71,Delegado PC-PI,FGV,2026,objetiva,official_exam+official_final_key,C,Beccaria veria pena como retribuição lógica sem finalidade específica,FALSE_TARGET,schools.classical.beccaria,overstatement-of-retribution,FGV cobra nuance sobre finalidade da pena dentro da escola clássica,INHERITED_REQUIRES_PROVENANCE_OR_CONTEXT_REVALIDATION
FGV_PCPI_2026_Q71,Delegado PC-PI,FGV,2026,objetiva,official_exam+official_final_key,D,"Escola clássica lança bases modernas, inclusive legalidade",TRUE,schools.classical.legality,historical-link-to-principle,Criar reconexão natural escola clássica ↔ legalidade,INHERITED_REQUIRES_PROVENANCE_OR_CONTEXT_REVALIDATION
FGV_PCPI_2026_Q71,Delegado PC-PI,FGV,2026,objetiva,official_exam+official_final_key,E,Defesa da sociedade aparece na escola clássica e é compartilhada com positivismo,TRUE_PER_OFFICIAL_KEY_CONTEXT,schools.classical.social_defense,historical-comparison,Exige auditoria doutrinária cuidadosa porque materiais comentados podem divergir na formulação histórica,INHERITED_REQUIRES_PROVENANCE_OR_CONTEXT_REVALIDATION
FGV_PCPI_2026_Q72,Delegado PC-PI,FGV,2026,objetiva,official_exam+official_final_key,I,Art. 168-A estaria alinhado ao ideal de intervenção mínima/ultima ratio em perspectiva criminológica minimalista,OFFICIAL_TREATS_FALSE_BUT_CONTESTED,criminology.minimalism,contestable-theoretical-inference,Não converter gabarito em doutrina; questão entra no ledger de controvérsia,INHERITED_REQUIRES_PROVENANCE_OR_CONTEXT_REVALIDATION
FGV_PCPI_2026_Q72,Delegado PC-PI,FGV,2026,objetiva,official_exam+official_final_key,II,Diferença entre tipos permite refletir sobre seletividade penal e processo criminalizante,TRUE_OFFICIAL,criminology.selectivity,critical-comparison-of-statutes,Seletividade/processo de criminalização sobe de prioridade para Delegado,INHERITED_REQUIRES_PROVENANCE_OR_CONTEXT_REVALIDATION
FGV_PCPI_2026_Q72,Delegado PC-PI,FGV,2026,objetiva,official_exam+official_final_key,III,Delegado deveria aplicar por analogia causa de extinção de punibilidade do art.168-A ao art.168 comum,FALSE,legality.analogy,critical-theory-vs-positive-law,A crítica criminológica não autoriza ultrapassar legalidade; integrar Criminologia ↔ dogmática,INHERITED_REQUIRES_PROVENANCE_OR_CONTEXT_REVALIDATION
FGV_PCPI_2026_Q72,Delegado PC-PI,FGV,2026,objetiva,official_exam+official_final_key,ANSWER,Gabarito definitivo Tipo 1 = B (II apenas),OFFICIAL_KEY_B,question.qa.contested,official-key-vs-commentary-conflict,"Material deve mostrar gabarito oficial e, separadamente, controvérsia fundamentada",INHERITED_REQUIRES_PROVENANCE_OR_CONTEXT_REVALIDATION
FGV_PCPI_2026_META,Delegado PC-PI,FGV,2026,metadata,official_page+official_key_pdf,DATE,Página oficial lista prova objetiva em 27/01/2026; PDF do gabarito definitivo diz 'prova aplicada no dia 25/01/2025',OFFICIAL_METADATA_CONFLICT,source.metadata,official-source-internal-conflict,"Preservar as duas evidências e não corrigir silenciosamente; provável erro material do PDF, mas status deve ficar sinalizado",METADATA_NOT_QUESTION
FGV_DPERJ_2026_Q55,Defensoria Pública RJ,FGV,2026,objetiva,official_exam+official_final_key,A,Expansão da criminalização seria funcional e por si reduziria criminalidade,FALSE,criminology.critical.expansion,functionalism-overclaim,Ensinar que criminologia crítica não trata expansão punitiva como mecanismo autossuficiente de redução criminal,INHERITED_REQUIRES_PROVENANCE_OR_CONTEXT_REVALIDATION
FGV_DPERJ_2026_Q55,Defensoria Pública RJ,FGV,2026,objetiva,official_exam+official_final_key,B,Criação de tipos e aumento de penas representariam orientação minimalista/abolicionista,FALSE,criminology.minimalism,ideological-inversion,Minimalismo/abolicionismo usados em sentido oposto ao fenômeno descrito,INHERITED_REQUIRES_PROVENANCE_OR_CONTEXT_REVALIDATION
FGV_DPERJ_2026_Q55,Defensoria Pública RJ,FGV,2026,objetiva,official_exam+official_final_key,C,"Inflação legislativa seria problema apenas técnico-dogmático, sem relação social/político-criminal",FALSE,criminology.critical.expansion,discipline-isolation,"FGV exige integrar Dogmática, Política Criminal, economia e estrutura social",INHERITED_REQUIRES_PROVENANCE_OR_CONTEXT_REVALIDATION
FGV_DPERJ_2026_Q55,Defensoria Pública RJ,FGV,2026,objetiva,official_exam+official_final_key,D,Hipertrofia confirmaria êxito etiológico-positivista e neutralização seletiva como resposta eficaz,FALSE,criminology.paradigms,paradigm-misapplication,Teoria/paradigma correto pode ser usado para legitimar conclusão incompatível com o enunciado crítico,INHERITED_REQUIRES_PROVENANCE_OR_CONTEXT_REVALIDATION
FGV_DPERJ_2026_Q55,Defensoria Pública RJ,FGV,2026,objetiva,official_exam+official_final_key,E,"Hipertrofia penal se articula à retração social, populismo punitivo e reprodução de desigualdade",CORRECT_OFFICIAL,criminology.critical.expansion,critical-reading,Expansão/inflação/hipertrofia e populismo punitivo são cobrança atual de Defensoria em 2026,INHERITED_REQUIRES_PROVENANCE_OR_CONTEXT_REVALIDATION
FGV_DPERJ_2026_META,Defensoria Pública RJ,FGV,2026,metadata,official_page+official_key,DATE,Página da FGV publicou a prova em 31/08/2026; gabarito definitivo informa prova aplicada em 30/08/2026,NOT_CONFLICT,source.metadata,publication-vs-application-date,Separar data de aplicação da data de publicação; não criar falso conflito,METADATA_NOT_QUESTION
FGV_TRF2_2026,Magistratura Federal TRF2,FGV,2026,objetiva,official_exam+official_final_key,NEGATIVE_EXAM_SIGNAL,"Bloco penal da prova atual é fortemente aplicado/codificado; busca semântica não encontrou rótulos diretos insignificância, fragmentariedade, criminologia, bem jurídico ou intervenção mínima",NO_DIRECT_HIT,coverage.current_magistracy,absence-in-one-exam,"Registrar como comportamento recente de uma prova, sem rebaixar conteúdo presente em outros editais/carreiras",DISCOVERY_SIGNAL_NOT_SEMANTIC_ABSENCE
CEBRASPE_PCDF_2026,Delegado PC-DF,CEBRASPE,2026,objetiva,official_schedule+secondary_full_exam_index,NEGATIVE_DIRECT_SIGNAL,"Prova aplicada em 05/07/2026 teve 23/120 itens classificados como Direito Penal; índice da prova os concentra em culpabilidade, teoria do delito, crimes, sanções, penas, concurso, tipicidade, ação/extinção e legislação especial, sem rótulo introdutório direto",NO_DIRECT_INTRO_LABEL,coverage.current_delegado,application-heavy-current-exam,"Registrar que edital/guia pode conter fundamentos amplos, mas uma prova atual pode deslocar cobrança para aplicação; não inferir desimportância estrutural",DISCOVERY_SIGNAL_NOT_SEMANTIC_ABSENCE
CEBRASPE_PCDF_2026_META,Delegado PC-DF,CEBRASPE,2026,metadata,official_schedule+secondary_banks,DATE,Edital oficial retificado fixa objetiva/discursiva em 05/07/2026; QConcursos também registra 05/07; TEC ainda exibe 14/06 em páginas de concurso/guia,SECONDARY_STALE_METADATA,source.metadata,stale-secondary-date,Nunca usar data/estatística secundária sem confronto com cronograma oficial retificado,METADATA_NOT_QUESTION
