exam_id,career,phase,window_status,exam_document_links,answer_standard_links,notice_links,acquisition_count,absence_status,caveat
FGV_PAGE_001,Magistratura,objetiva,UPCOMING_NO_COMPLETED_ITEM_CONFIRMED,0,0,0,0,NOT_PROVEN_ABSENT,Classificação de links é triagem; convocação/resultado/programa não equivale a pergunta oral ou espelho.
FGV_PAGE_001,Magistratura,discursiva,UPCOMING_NO_COMPLETED_ITEM_CONFIRMED,0,0,0,0,NOT_PROVEN_ABSENT,Classificação de links é triagem; convocação/resultado/programa não equivale a pergunta oral ou espelho.
FGV_PAGE_001,Magistratura,oral,UPCOMING_NO_COMPLETED_ITEM_CONFIRMED,0,0,0,0,NOT_PROVEN_ABSENT,Classificação de links é triagem; convocação/resultado/programa não equivale a pergunta oral ou espelho.
FGV_PAGE_002,Magistratura,objetiva,UPCOMING_NO_COMPLETED_ITEM_CONFIRMED,0,0,0,0,NOT_PROVEN_ABSENT,Classificação de links é triagem; convocação/resultado/programa não equivale a pergunta oral ou espelho.
FGV_PAGE_002,Magistratura,discursiva,UPCOMING_NO_COMPLETED_ITEM_CONFIRMED,0,0,0,0,NOT_PROVEN_ABSENT,Classificação de links é triagem; convocação/resultado/programa não equivale a pergunta oral ou espelho.
FGV_PAGE_002,Magistratura,oral,UPCOMING_NO_COMPLETED_ITEM_CONFIRMED,0,0,0,0,NOT_PROVEN_ABSENT,Classificação de links é triagem; convocação/resultado/programa não equivale a pergunta oral ou espelho.
FGV_PAGE_003,Magistratura,objetiva,UPCOMING_NO_COMPLETED_ITEM_CONFIRMED,0,0,0,0,NOT_PROVEN_ABSENT,Classificação de links é triagem; convocação/resultado/programa não equivale a pergunta oral ou espelho.
FGV_PAGE_003,Magistratura,discursiva,UPCOMING_NO_COMPLETED_ITEM_CONFIRMED,0,0,0,0,NOT_PROVEN_ABSENT,Classificação de links é triagem; convocação/resultado/programa não equivale a pergunta oral ou espelho.
FGV_PAGE_003,Magistratura,oral,UPCOMING_NO_COMPLETED_ITEM_CONFIRMED,0,0,0,0,NOT_PROVEN_ABSENT,Classificação de links é triagem; convocação/resultado/programa não equivale a pergunta oral ou espelho.
FGV_PAGE_004,Delegado,objetiva,UPCOMING_NO_COMPLETED_ITEM_CONFIRMED,0,0,0,0,NOT_PROVEN_ABSENT,Classificação de links é triagem; convocação/resultado/programa não equivale a pergunta oral ou espelho.
FGV_PAGE_004,Delegado,discursiva,UPCOMING_NO_COMPLETED_ITEM_CONFIRMED,0,0,0,0,NOT_PROVEN_ABSENT,Classificação de links é triagem; convocação/resultado/programa não equivale a pergunta oral ou espelho.
FGV_PAGE_004,Delegado,oral,UPCOMING_NO_COMPLETED_ITEM_CONFIRMED,0,0,0,0,NOT_PROVEN_ABSENT,Classificação de links é triagem; convocação/resultado/programa não equivale a pergunta oral ou espelho.
FGV_PAGE_005,Defensoria,objetiva,CONFIRMED_WINDOW_OBJECTIVE,4,3,6,2,LINKS_LOCATED_CONTENT_REVIEW_SEPARATE,Classificação de links é triagem; convocação/resultado/programa não equivale a pergunta oral ou espelho.
FGV_PAGE_005,Defensoria,discursiva,CONFIRMED_WINDOW_OBJECTIVE,0,0,0,0,NOT_PROVEN_ABSENT,Classificação de links é triagem; convocação/resultado/programa não equivale a pergunta oral ou espelho.
FGV_PAGE_005,Defensoria,oral,CONFIRMED_WINDOW_OBJECTIVE,0,0,0,0,NOT_PROVEN_ABSENT,Classificação de links é triagem; convocação/resultado/programa não equivale a pergunta oral ou espelho.
FGV_PAGE_006,Magistratura,objetiva,CANDIDATE_WINDOW_PHASE_DATES_TO_VERIFY,4,2,0,2,LINKS_LOCATED_CONTENT_REVIEW_SEPARATE,Classificação de links é triagem; convocação/resultado/programa não equivale a pergunta oral ou espelho.
FGV_PAGE_006,Magistratura,discursiva,CANDIDATE_WINDOW_PHASE_DATES_TO_VERIFY,0,0,0,0,NOT_PROVEN_ABSENT,Classificação de links é triagem; convocação/resultado/programa não equivale a pergunta oral ou espelho.
FGV_PAGE_006,Magistratura,oral,CANDIDATE_WINDOW_PHASE_DATES_TO_VERIFY,0,0,0,0,NOT_PROVEN_ABSENT,Classificação de links é triagem; convocação/resultado/programa não equivale a pergunta oral ou espelho.
FGV_PAGE_007,Advocacia_Publica,objetiva,CANDIDATE_WINDOW_PHASE_DATES_TO_VERIFY,0,0,0,0,NOT_PROVEN_ABSENT,Classificação de links é triagem; convocação/resultado/programa não equivale a pergunta oral ou espelho.
FGV_PAGE_007,Advocacia_Publica,discursiva,CANDIDATE_WINDOW_PHASE_DATES_TO_VERIFY,0,0,0,0,NOT_PROVEN_ABSENT,Classificação de links é triagem; convocação/resultado/programa não equivale a pergunta oral ou espelho.
FGV_PAGE_007,Advocacia_Publica,oral,CANDIDATE_WINDOW_PHASE_DATES_TO_VERIFY,0,0,0,0,NOT_PROVEN_ABSENT,Classificação de links é triagem; convocação/resultado/programa não equivale a pergunta oral ou espelho.
FGV_PAGE_008,Magistratura,objetiva,CANDIDATE_WINDOW_PHASE_DATES_TO_VERIFY,4,4,4,0,LINKS_LOCATED_CONTENT_REVIEW_SEPARATE,Classificação de links é triagem; convocação/resultado/programa não equivale a pergunta oral ou espelho.
FGV_PAGE_008,Magistratura,discursiva,CANDIDATE_WINDOW_PHASE_DATES_TO_VERIFY,0,0,15,0,LINKS_LOCATED_CONTENT_REVIEW_SEPARATE,Classificação de links é triagem; convocação/resultado/programa não equivale a pergunta oral ou espelho.
FGV_PAGE_008,Magistratura,oral,CANDIDATE_WINDOW_PHASE_DATES_TO_VERIFY,0,0,3,0,LINKS_LOCATED_CONTENT_REVIEW_SEPARATE,Classificação de links é triagem; convocação/resultado/programa não equivale a pergunta oral ou espelho.
FGV_PAGE_009,Ministerio_Publico,objetiva,EXCLUDED_OR_DEDUP_PARENT,0,0,0,0,NOT_PROVEN_ABSENT,Classificação de links é triagem; convocação/resultado/programa não equivale a pergunta oral ou espelho.
FGV_PAGE_009,Ministerio_Publico,discursiva,EXCLUDED_OR_DEDUP_PARENT,0,0,0,0,NOT_PROVEN_ABSENT,Classificação de links é triagem; convocação/resultado/programa não equivale a pergunta oral ou espelho.
FGV_PAGE_009,Ministerio_Publico,oral,EXCLUDED_OR_DEDUP_PARENT,0,0,0,0,NOT_PROVEN_ABSENT,Classificação de links é triagem; convocação/resultado/programa não equivale a pergunta oral ou espelho.
FGV_PAGE_010,Ministerio_Publico,objetiva,CONFIRMED_WINDOW_OBJECTIVE,4,3,5,2,LINKS_LOCATED_CONTENT_REVIEW_SEPARATE,Classificação de links é triagem; convocação/resultado/programa não equivale a pergunta oral ou espelho.
FGV_PAGE_010,Ministerio_Publico,discursiva,CONFIRMED_WINDOW_OBJECTIVE,0,0,2,0,LINKS_LOCATED_CONTENT_REVIEW_SEPARATE,Classificação de links é triagem; convocação/resultado/programa não equivale a pergunta oral ou espelho.
FGV_PAGE_010,Ministerio_Publico,oral,CONFIRMED_WINDOW_OBJECTIVE,0,0,0,0,NOT_PROVEN_ABSENT,Classificação de links é triagem; convocação/resultado/programa não equivale a pergunta oral ou espelho.
FGV_PAGE_011,Ministerio_Publico,objetiva,CONFIRMED_WINDOW_OBJECTIVE,4,3,0,3,LINKS_LOCATED_CONTENT_REVIEW_SEPARATE,Classificação de links é triagem; convocação/resultado/programa não equivale a pergunta oral ou espelho.
FGV_PAGE_011,Ministerio_Publico,discursiva,CONFIRMED_WINDOW_OBJECTIVE,3,1,4,2,LINKS_LOCATED_CONTENT_REVIEW_SEPARATE,Classificação de links é triagem; convocação/resultado/programa não equivale a pergunta oral ou espelho.
FGV_PAGE_011,Ministerio_Publico,oral,CONFIRMED_WINDOW_OBJECTIVE,1,0,0,0,LINKS_LOCATED_CONTENT_REVIEW_SEPARATE,Classificação de links é triagem; convocação/resultado/programa não equivale a pergunta oral ou espelho.
FGV_PAGE_012,Ministerio_Publico,objetiva,EXCLUDED_OR_DEDUP_PARENT,0,0,0,0,NOT_PROVEN_ABSENT,Classificação de links é triagem; convocação/resultado/programa não equivale a pergunta oral ou espelho.
FGV_PAGE_012,Ministerio_Publico,discursiva,EXCLUDED_OR_DEDUP_PARENT,0,0,0,0,NOT_PROVEN_ABSENT,Classificação de links é triagem; convocação/resultado/programa não equivale a pergunta oral ou espelho.
FGV_PAGE_012,Ministerio_Publico,oral,EXCLUDED_OR_DEDUP_PARENT,0,0,0,0,NOT_PROVEN_ABSENT,Classificação de links é triagem; convocação/resultado/programa não equivale a pergunta oral ou espelho.
FGV_PAGE_013,Magistratura,objetiva,CONFIRMED_WINDOW_OBJECTIVE,4,3,1,2,LINKS_LOCATED_CONTENT_REVIEW_SEPARATE,Classificação de links é triagem; convocação/resultado/programa não equivale a pergunta oral ou espelho.
FGV_PAGE_013,Magistratura,discursiva,CONFIRMED_WINDOW_OBJECTIVE,0,0,0,0,NOT_PROVEN_ABSENT,Classificação de links é triagem; convocação/resultado/programa não equivale a pergunta oral ou espelho.
FGV_PAGE_013,Magistratura,oral,CONFIRMED_WINDOW_OBJECTIVE,0,0,0,0,NOT_PROVEN_ABSENT,Classificação de links é triagem; convocação/resultado/programa não equivale a pergunta oral ou espelho.
FGV_PAGE_014,Advocacia_Publica,objetiva,CANDIDATE_WINDOW_PHASE_DATES_TO_VERIFY,2,3,7,2,LINKS_LOCATED_CONTENT_REVIEW_SEPARATE,Classificação de links é triagem; convocação/resultado/programa não equivale a pergunta oral ou espelho.
FGV_PAGE_014,Advocacia_Publica,discursiva,CANDIDATE_WINDOW_PHASE_DATES_TO_VERIFY,1,0,0,1,LINKS_LOCATED_CONTENT_REVIEW_SEPARATE,Classificação de links é triagem; convocação/resultado/programa não equivale a pergunta oral ou espelho.
FGV_PAGE_014,Advocacia_Publica,oral,CANDIDATE_WINDOW_PHASE_DATES_TO_VERIFY,0,0,3,0,LINKS_LOCATED_CONTENT_REVIEW_SEPARATE,Classificação de links é triagem; convocação/resultado/programa não equivale a pergunta oral ou espelho.
FGV_PAGE_015,Magistratura,objetiva,EXCLUDED_OR_DEDUP_PARENT,0,0,0,0,NOT_PROVEN_ABSENT,Classificação de links é triagem; convocação/resultado/programa não equivale a pergunta oral ou espelho.
FGV_PAGE_015,Magistratura,discursiva,EXCLUDED_OR_DEDUP_PARENT,0,0,0,0,NOT_PROVEN_ABSENT,Classificação de links é triagem; convocação/resultado/programa não equivale a pergunta oral ou espelho.
FGV_PAGE_015,Magistratura,oral,EXCLUDED_OR_DEDUP_PARENT,0,0,0,0,NOT_PROVEN_ABSENT,Classificação de links é triagem; convocação/resultado/programa não equivale a pergunta oral ou espelho.
FGV_PAGE_016,Advocacia_Publica,objetiva,CANDIDATE_WINDOW_PHASE_DATES_TO_VERIFY,4,4,2,0,LINKS_LOCATED_CONTENT_REVIEW_SEPARATE,Classificação de links é triagem; convocação/resultado/programa não equivale a pergunta oral ou espelho.
FGV_PAGE_016,Advocacia_Publica,discursiva,CANDIDATE_WINDOW_PHASE_DATES_TO_VERIFY,0,0,0,0,NOT_PROVEN_ABSENT,Classificação de links é triagem; convocação/resultado/programa não equivale a pergunta oral ou espelho.
FGV_PAGE_016,Advocacia_Publica,oral,CANDIDATE_WINDOW_PHASE_DATES_TO_VERIFY,0,0,10,0,LINKS_LOCATED_CONTENT_REVIEW_SEPARATE,Classificação de links é triagem; convocação/resultado/programa não equivale a pergunta oral ou espelho.
FGV_PAGE_017,Magistratura,objetiva,CANDIDATE_WINDOW_PHASE_DATES_TO_VERIFY,4,4,5,0,LINKS_LOCATED_CONTENT_REVIEW_SEPARATE,Classificação de links é triagem; convocação/resultado/programa não equivale a pergunta oral ou espelho.
FGV_PAGE_017,Magistratura,discursiva,CANDIDATE_WINDOW_PHASE_DATES_TO_VERIFY,0,0,14,0,LINKS_LOCATED_CONTENT_REVIEW_SEPARATE,Classificação de links é triagem; convocação/resultado/programa não equivale a pergunta oral ou espelho.
FGV_PAGE_017,Magistratura,oral,CANDIDATE_WINDOW_PHASE_DATES_TO_VERIFY,0,0,7,0,LINKS_LOCATED_CONTENT_REVIEW_SEPARATE,Classificação de links é triagem; convocação/resultado/programa não equivale a pergunta oral ou espelho.
FGV_PAGE_018,Ministerio_Publico,objetiva,CANDIDATE_WINDOW_PHASE_DATES_TO_VERIFY,0,0,0,0,NOT_PROVEN_ABSENT,Classificação de links é triagem; convocação/resultado/programa não equivale a pergunta oral ou espelho.
FGV_PAGE_018,Ministerio_Publico,discursiva,CANDIDATE_WINDOW_PHASE_DATES_TO_VERIFY,0,0,0,0,NOT_PROVEN_ABSENT,Classificação de links é triagem; convocação/resultado/programa não equivale a pergunta oral ou espelho.
FGV_PAGE_018,Ministerio_Publico,oral,CANDIDATE_WINDOW_PHASE_DATES_TO_VERIFY,0,0,0,0,NOT_PROVEN_ABSENT,Classificação de links é triagem; convocação/resultado/programa não equivale a pergunta oral ou espelho.
FGV_PAGE_019,Magistratura,objetiva,CANDIDATE_WINDOW_PHASE_DATES_TO_VERIFY,8,8,9,0,LINKS_LOCATED_CONTENT_REVIEW_SEPARATE,Classificação de links é triagem; convocação/resultado/programa não equivale a pergunta oral ou espelho.
FGV_PAGE_019,Magistratura,discursiva,CANDIDATE_WINDOW_PHASE_DATES_TO_VERIFY,0,0,0,0,NOT_PROVEN_ABSENT,Classificação de links é triagem; convocação/resultado/programa não equivale a pergunta oral ou espelho.
FGV_PAGE_019,Magistratura,oral,CANDIDATE_WINDOW_PHASE_DATES_TO_VERIFY,0,0,0,0,NOT_PROVEN_ABSENT,Classificação de links é triagem; convocação/resultado/programa não equivale a pergunta oral ou espelho.
FGV_PAGE_020,Magistratura,objetiva,CANDIDATE_WINDOW_PHASE_DATES_TO_VERIFY,4,4,5,0,LINKS_LOCATED_CONTENT_REVIEW_SEPARATE,Classificação de links é triagem; convocação/resultado/programa não equivale a pergunta oral ou espelho.
FGV_PAGE_020,Magistratura,discursiva,CANDIDATE_WINDOW_PHASE_DATES_TO_VERIFY,3,0,9,0,LINKS_LOCATED_CONTENT_REVIEW_SEPARATE,Classificação de links é triagem; convocação/resultado/programa não equivale a pergunta oral ou espelho.
FGV_PAGE_020,Magistratura,oral,CANDIDATE_WINDOW_PHASE_DATES_TO_VERIFY,0,0,8,0,LINKS_LOCATED_CONTENT_REVIEW_SEPARATE,Classificação de links é triagem; convocação/resultado/programa não equivale a pergunta oral ou espelho.
FGV_PAGE_021,Ministerio_Publico,objetiva,CANDIDATE_WINDOW_PHASE_DATES_TO_VERIFY,4,4,2,0,LINKS_LOCATED_CONTENT_REVIEW_SEPARATE,Classificação de links é triagem; convocação/resultado/programa não equivale a pergunta oral ou espelho.
FGV_PAGE_021,Ministerio_Publico,discursiva,CANDIDATE_WINDOW_PHASE_DATES_TO_VERIFY,0,0,0,0,NOT_PROVEN_ABSENT,Classificação de links é triagem; convocação/resultado/programa não equivale a pergunta oral ou espelho.
FGV_PAGE_021,Ministerio_Publico,oral,CANDIDATE_WINDOW_PHASE_DATES_TO_VERIFY,0,0,0,0,NOT_PROVEN_ABSENT,Classificação de links é triagem; convocação/resultado/programa não equivale a pergunta oral ou espelho.
FGV_PAGE_022,Delegado,objetiva,EXCLUDED_OR_DEDUP_PARENT,0,0,0,0,NOT_PROVEN_ABSENT,Classificação de links é triagem; convocação/resultado/programa não equivale a pergunta oral ou espelho.
FGV_PAGE_022,Delegado,discursiva,EXCLUDED_OR_DEDUP_PARENT,0,0,0,0,NOT_PROVEN_ABSENT,Classificação de links é triagem; convocação/resultado/programa não equivale a pergunta oral ou espelho.
FGV_PAGE_022,Delegado,oral,EXCLUDED_OR_DEDUP_PARENT,0,0,0,0,NOT_PROVEN_ABSENT,Classificação de links é triagem; convocação/resultado/programa não equivale a pergunta oral ou espelho.
FGV_PAGE_023,Advocacia_Publica,objetiva,CANDIDATE_WINDOW_PHASE_DATES_TO_VERIFY,2,4,5,0,LINKS_LOCATED_CONTENT_REVIEW_SEPARATE,Classificação de links é triagem; convocação/resultado/programa não equivale a pergunta oral ou espelho.
FGV_PAGE_023,Advocacia_Publica,discursiva,CANDIDATE_WINDOW_PHASE_DATES_TO_VERIFY,1,0,6,0,LINKS_LOCATED_CONTENT_REVIEW_SEPARATE,Classificação de links é triagem; convocação/resultado/programa não equivale a pergunta oral ou espelho.
FGV_PAGE_023,Advocacia_Publica,oral,CANDIDATE_WINDOW_PHASE_DATES_TO_VERIFY,0,0,0,0,NOT_PROVEN_ABSENT,Classificação de links é triagem; convocação/resultado/programa não equivale a pergunta oral ou espelho.
FGV_PAGE_024,Defensoria,objetiva,CANDIDATE_WINDOW_PHASE_DATES_TO_VERIFY,4,4,11,2,LINKS_LOCATED_CONTENT_REVIEW_SEPARATE,Classificação de links é triagem; convocação/resultado/programa não equivale a pergunta oral ou espelho.
FGV_PAGE_024,Defensoria,discursiva,CANDIDATE_WINDOW_PHASE_DATES_TO_VERIFY,3,0,12,0,LINKS_LOCATED_CONTENT_REVIEW_SEPARATE,Classificação de links é triagem; convocação/resultado/programa não equivale a pergunta oral ou espelho.
FGV_PAGE_024,Defensoria,oral,CANDIDATE_WINDOW_PHASE_DATES_TO_VERIFY,0,0,10,0,LINKS_LOCATED_CONTENT_REVIEW_SEPARATE,Classificação de links é triagem; convocação/resultado/programa não equivale a pergunta oral ou espelho.
FGV_PAGE_025,Defensoria,objetiva,EXCLUDED_OR_DEDUP_PARENT,0,0,0,0,NOT_PROVEN_ABSENT,Classificação de links é triagem; convocação/resultado/programa não equivale a pergunta oral ou espelho.
FGV_PAGE_025,Defensoria,discursiva,EXCLUDED_OR_DEDUP_PARENT,0,0,0,0,NOT_PROVEN_ABSENT,Classificação de links é triagem; convocação/resultado/programa não equivale a pergunta oral ou espelho.
FGV_PAGE_025,Defensoria,oral,EXCLUDED_OR_DEDUP_PARENT,0,0,0,0,NOT_PROVEN_ABSENT,Classificação de links é triagem; convocação/resultado/programa não equivale a pergunta oral ou espelho.
FGV_PAGE_026,Advocacia_Publica,objetiva,CANDIDATE_WINDOW_PHASE_DATES_TO_VERIFY,0,0,0,0,NOT_PROVEN_ABSENT,Classificação de links é triagem; convocação/resultado/programa não equivale a pergunta oral ou espelho.
FGV_PAGE_026,Advocacia_Publica,discursiva,CANDIDATE_WINDOW_PHASE_DATES_TO_VERIFY,1,0,10,0,LINKS_LOCATED_CONTENT_REVIEW_SEPARATE,Classificação de links é triagem; convocação/resultado/programa não equivale a pergunta oral ou espelho.
FGV_PAGE_026,Advocacia_Publica,oral,CANDIDATE_WINDOW_PHASE_DATES_TO_VERIFY,0,0,1,0,LINKS_LOCATED_CONTENT_REVIEW_SEPARATE,Classificação de links é triagem; convocação/resultado/programa não equivale a pergunta oral ou espelho.
FGV_PAGE_027,Ministerio_Publico,objetiva,CONFIRMED_WINDOW_OBJECTIVE,4,4,2,2,LINKS_LOCATED_CONTENT_REVIEW_SEPARATE,Classificação de links é triagem; convocação/resultado/programa não equivale a pergunta oral ou espelho.
FGV_PAGE_027,Ministerio_Publico,discursiva,CONFIRMED_WINDOW_OBJECTIVE,0,0,0,0,NOT_PROVEN_ABSENT,Classificação de links é triagem; convocação/resultado/programa não equivale a pergunta oral ou espelho.
FGV_PAGE_027,Ministerio_Publico,oral,CONFIRMED_WINDOW_OBJECTIVE,0,0,0,0,NOT_PROVEN_ABSENT,Classificação de links é triagem; convocação/resultado/programa não equivale a pergunta oral ou espelho.
FGV_PAGE_028,Delegado,objetiva,EXCLUDED_OR_DEDUP_PARENT,0,0,0,0,NOT_PROVEN_ABSENT,Classificação de links é triagem; convocação/resultado/programa não equivale a pergunta oral ou espelho.
FGV_PAGE_028,Delegado,discursiva,EXCLUDED_OR_DEDUP_PARENT,0,0,0,0,NOT_PROVEN_ABSENT,Classificação de links é triagem; convocação/resultado/programa não equivale a pergunta oral ou espelho.
FGV_PAGE_028,Delegado,oral,EXCLUDED_OR_DEDUP_PARENT,0,0,0,0,NOT_PROVEN_ABSENT,Classificação de links é triagem; convocação/resultado/programa não equivale a pergunta oral ou espelho.
FGV_PAGE_029,Ministerio_Publico,objetiva,CANDIDATE_WINDOW_PHASE_DATES_TO_VERIFY,4,3,5,2,LINKS_LOCATED_CONTENT_REVIEW_SEPARATE,Classificação de links é triagem; convocação/resultado/programa não equivale a pergunta oral ou espelho.
FGV_PAGE_029,Ministerio_Publico,discursiva,CANDIDATE_WINDOW_PHASE_DATES_TO_VERIFY,0,0,8,0,LINKS_LOCATED_CONTENT_REVIEW_SEPARATE,Classificação de links é triagem; convocação/resultado/programa não equivale a pergunta oral ou espelho.
FGV_PAGE_029,Ministerio_Publico,oral,CANDIDATE_WINDOW_PHASE_DATES_TO_VERIFY,0,0,9,0,LINKS_LOCATED_CONTENT_REVIEW_SEPARATE,Classificação de links é triagem; convocação/resultado/programa não equivale a pergunta oral ou espelho.
FGV_PAGE_030,Ministerio_Publico,objetiva,CANDIDATE_WINDOW_PHASE_DATES_TO_VERIFY,0,0,0,0,NOT_PROVEN_ABSENT,Classificação de links é triagem; convocação/resultado/programa não equivale a pergunta oral ou espelho.
FGV_PAGE_030,Ministerio_Publico,discursiva,CANDIDATE_WINDOW_PHASE_DATES_TO_VERIFY,0,0,0,0,NOT_PROVEN_ABSENT,Classificação de links é triagem; convocação/resultado/programa não equivale a pergunta oral ou espelho.
FGV_PAGE_030,Ministerio_Publico,oral,CANDIDATE_WINDOW_PHASE_DATES_TO_VERIFY,0,0,0,0,NOT_PROVEN_ABSENT,Classificação de links é triagem; convocação/resultado/programa não equivale a pergunta oral ou espelho.
FGV_PAGE_031,Delegado,objetiva,CANDIDATE_WINDOW_PHASE_DATES_TO_VERIFY,0,0,0,0,NOT_PROVEN_ABSENT,Classificação de links é triagem; convocação/resultado/programa não equivale a pergunta oral ou espelho.
FGV_PAGE_031,Delegado,discursiva,CANDIDATE_WINDOW_PHASE_DATES_TO_VERIFY,0,0,0,0,NOT_PROVEN_ABSENT,Classificação de links é triagem; convocação/resultado/programa não equivale a pergunta oral ou espelho.
FGV_PAGE_031,Delegado,oral,CANDIDATE_WINDOW_PHASE_DATES_TO_VERIFY,0,0,0,0,NOT_PROVEN_ABSENT,Classificação de links é triagem; convocação/resultado/programa não equivale a pergunta oral ou espelho.
FGV_PAGE_032,Ministerio_Publico,objetiva,CANDIDATE_WINDOW_PHASE_DATES_TO_VERIFY,0,0,0,0,NOT_PROVEN_ABSENT,Classificação de links é triagem; convocação/resultado/programa não equivale a pergunta oral ou espelho.
FGV_PAGE_032,Ministerio_Publico,discursiva,CANDIDATE_WINDOW_PHASE_DATES_TO_VERIFY,0,0,0,0,NOT_PROVEN_ABSENT,Classificação de links é triagem; convocação/resultado/programa não equivale a pergunta oral ou espelho.
FGV_PAGE_032,Ministerio_Publico,oral,CANDIDATE_WINDOW_PHASE_DATES_TO_VERIFY,0,0,0,0,NOT_PROVEN_ABSENT,Classificação de links é triagem; convocação/resultado/programa não equivale a pergunta oral ou espelho.
FGV_PAGE_033,Ministerio_Publico,objetiva,CANDIDATE_WINDOW_PHASE_DATES_TO_VERIFY,0,0,0,0,NOT_PROVEN_ABSENT,Classificação de links é triagem; convocação/resultado/programa não equivale a pergunta oral ou espelho.
FGV_PAGE_033,Ministerio_Publico,discursiva,CANDIDATE_WINDOW_PHASE_DATES_TO_VERIFY,0,0,0,0,NOT_PROVEN_ABSENT,Classificação de links é triagem; convocação/resultado/programa não equivale a pergunta oral ou espelho.
FGV_PAGE_033,Ministerio_Publico,oral,CANDIDATE_WINDOW_PHASE_DATES_TO_VERIFY,0,0,0,0,NOT_PROVEN_ABSENT,Classificação de links é triagem; convocação/resultado/programa não equivale a pergunta oral ou espelho.
FGV_PAGE_034,Delegado,objetiva,CANDIDATE_WINDOW_PHASE_DATES_TO_VERIFY,0,0,0,0,NOT_PROVEN_ABSENT,Classificação de links é triagem; convocação/resultado/programa não equivale a pergunta oral ou espelho.
FGV_PAGE_034,Delegado,discursiva,CANDIDATE_WINDOW_PHASE_DATES_TO_VERIFY,0,0,0,0,NOT_PROVEN_ABSENT,Classificação de links é triagem; convocação/resultado/programa não equivale a pergunta oral ou espelho.
FGV_PAGE_034,Delegado,oral,CANDIDATE_WINDOW_PHASE_DATES_TO_VERIFY,0,0,0,0,NOT_PROVEN_ABSENT,Classificação de links é triagem; convocação/resultado/programa não equivale a pergunta oral ou espelho.
FGV_PAGE_035,Magistratura,objetiva,CANDIDATE_WINDOW_PHASE_DATES_TO_VERIFY,4,3,4,0,LINKS_LOCATED_CONTENT_REVIEW_SEPARATE,Classificação de links é triagem; convocação/resultado/programa não equivale a pergunta oral ou espelho.
FGV_PAGE_035,Magistratura,discursiva,CANDIDATE_WINDOW_PHASE_DATES_TO_VERIFY,0,0,0,0,NOT_PROVEN_ABSENT,Classificação de links é triagem; convocação/resultado/programa não equivale a pergunta oral ou espelho.
FGV_PAGE_035,Magistratura,oral,CANDIDATE_WINDOW_PHASE_DATES_TO_VERIFY,0,0,0,0,NOT_PROVEN_ABSENT,Classificação de links é triagem; convocação/resultado/programa não equivale a pergunta oral ou espelho.
FGV_PAGE_036,Advocacia_Publica,objetiva,CANDIDATE_WINDOW_PHASE_DATES_TO_VERIFY,0,0,0,0,NOT_PROVEN_ABSENT,Classificação de links é triagem; convocação/resultado/programa não equivale a pergunta oral ou espelho.
FGV_PAGE_036,Advocacia_Publica,discursiva,CANDIDATE_WINDOW_PHASE_DATES_TO_VERIFY,0,0,0,0,NOT_PROVEN_ABSENT,Classificação de links é triagem; convocação/resultado/programa não equivale a pergunta oral ou espelho.
FGV_PAGE_036,Advocacia_Publica,oral,CANDIDATE_WINDOW_PHASE_DATES_TO_VERIFY,0,0,0,0,NOT_PROVEN_ABSENT,Classificação de links é triagem; convocação/resultado/programa não equivale a pergunta oral ou espelho.
FGV_PAGE_037,Defensoria,objetiva,CANDIDATE_WINDOW_PHASE_DATES_TO_VERIFY,4,4,5,2,LINKS_LOCATED_CONTENT_REVIEW_SEPARATE,Classificação de links é triagem; convocação/resultado/programa não equivale a pergunta oral ou espelho.
FGV_PAGE_037,Defensoria,discursiva,CANDIDATE_WINDOW_PHASE_DATES_TO_VERIFY,0,0,7,0,LINKS_LOCATED_CONTENT_REVIEW_SEPARATE,Classificação de links é triagem; convocação/resultado/programa não equivale a pergunta oral ou espelho.
FGV_PAGE_037,Defensoria,oral,CANDIDATE_WINDOW_PHASE_DATES_TO_VERIFY,0,0,11,0,LINKS_LOCATED_CONTENT_REVIEW_SEPARATE,Classificação de links é triagem; convocação/resultado/programa não equivale a pergunta oral ou espelho.
FGV_PAGE_038,Defensoria,objetiva,CANDIDATE_WINDOW_PHASE_DATES_TO_VERIFY,0,0,0,0,NOT_PROVEN_ABSENT,Classificação de links é triagem; convocação/resultado/programa não equivale a pergunta oral ou espelho.
FGV_PAGE_038,Defensoria,discursiva,CANDIDATE_WINDOW_PHASE_DATES_TO_VERIFY,0,0,0,0,NOT_PROVEN_ABSENT,Classificação de links é triagem; convocação/resultado/programa não equivale a pergunta oral ou espelho.
FGV_PAGE_038,Defensoria,oral,CANDIDATE_WINDOW_PHASE_DATES_TO_VERIFY,0,0,0,0,NOT_PROVEN_ABSENT,Classificação de links é triagem; convocação/resultado/programa não equivale a pergunta oral ou espelho.
FGV_PAGE_039,Defensoria,objetiva,CANDIDATE_WINDOW_PHASE_DATES_TO_VERIFY,0,0,0,0,NOT_PROVEN_ABSENT,Classificação de links é triagem; convocação/resultado/programa não equivale a pergunta oral ou espelho.
FGV_PAGE_039,Defensoria,discursiva,CANDIDATE_WINDOW_PHASE_DATES_TO_VERIFY,0,0,0,0,NOT_PROVEN_ABSENT,Classificação de links é triagem; convocação/resultado/programa não equivale a pergunta oral ou espelho.
FGV_PAGE_039,Defensoria,oral,CANDIDATE_WINDOW_PHASE_DATES_TO_VERIFY,0,0,0,0,NOT_PROVEN_ABSENT,Classificação de links é triagem; convocação/resultado/programa não equivale a pergunta oral ou espelho.
FGV_PAGE_040,Delegado,objetiva,CANDIDATE_WINDOW_PHASE_DATES_TO_VERIFY,0,0,0,0,NOT_PROVEN_ABSENT,Classificação de links é triagem; convocação/resultado/programa não equivale a pergunta oral ou espelho.
FGV_PAGE_040,Delegado,discursiva,CANDIDATE_WINDOW_PHASE_DATES_TO_VERIFY,0,0,0,0,NOT_PROVEN_ABSENT,Classificação de links é triagem; convocação/resultado/programa não equivale a pergunta oral ou espelho.
FGV_PAGE_040,Delegado,oral,CANDIDATE_WINDOW_PHASE_DATES_TO_VERIFY,0,0,0,0,NOT_PROVEN_ABSENT,Classificação de links é triagem; convocação/resultado/programa não equivale a pergunta oral ou espelho.
FGV_PAGE_041,Defensoria,objetiva,EXCLUDED_OR_DEDUP_PARENT,12,4,5,5,LINKS_LOCATED_CONTENT_REVIEW_SEPARATE,Classificação de links é triagem; convocação/resultado/programa não equivale a pergunta oral ou espelho.
FGV_PAGE_041,Defensoria,discursiva,EXCLUDED_OR_DEDUP_PARENT,0,0,6,0,LINKS_LOCATED_CONTENT_REVIEW_SEPARATE,Classificação de links é triagem; convocação/resultado/programa não equivale a pergunta oral ou espelho.
FGV_PAGE_041,Defensoria,oral,EXCLUDED_OR_DEDUP_PARENT,0,0,3,0,LINKS_LOCATED_CONTENT_REVIEW_SEPARATE,Classificação de links é triagem; convocação/resultado/programa não equivale a pergunta oral ou espelho.
FGV_PAGE_042,Magistratura,objetiva,CANDIDATE_WINDOW_PHASE_DATES_TO_VERIFY,4,4,6,0,LINKS_LOCATED_CONTENT_REVIEW_SEPARATE,Classificação de links é triagem; convocação/resultado/programa não equivale a pergunta oral ou espelho.
FGV_PAGE_042,Magistratura,discursiva,CANDIDATE_WINDOW_PHASE_DATES_TO_VERIFY,0,0,0,0,NOT_PROVEN_ABSENT,Classificação de links é triagem; convocação/resultado/programa não equivale a pergunta oral ou espelho.
FGV_PAGE_042,Magistratura,oral,CANDIDATE_WINDOW_PHASE_DATES_TO_VERIFY,0,0,0,0,NOT_PROVEN_ABSENT,Classificação de links é triagem; convocação/resultado/programa não equivale a pergunta oral ou espelho.
FGV_PAGE_043,Ministerio_Publico,objetiva,CANDIDATE_WINDOW_PHASE_DATES_TO_VERIFY,0,0,0,0,NOT_PROVEN_ABSENT,Classificação de links é triagem; convocação/resultado/programa não equivale a pergunta oral ou espelho.
FGV_PAGE_043,Ministerio_Publico,discursiva,CANDIDATE_WINDOW_PHASE_DATES_TO_VERIFY,0,0,0,0,NOT_PROVEN_ABSENT,Classificação de links é triagem; convocação/resultado/programa não equivale a pergunta oral ou espelho.
FGV_PAGE_043,Ministerio_Publico,oral,CANDIDATE_WINDOW_PHASE_DATES_TO_VERIFY,0,0,0,0,NOT_PROVEN_ABSENT,Classificação de links é triagem; convocação/resultado/programa não equivale a pergunta oral ou espelho.
FGV_PAGE_044,Magistratura,objetiva,CANDIDATE_WINDOW_PHASE_DATES_TO_VERIFY,4,3,5,2,LINKS_LOCATED_CONTENT_REVIEW_SEPARATE,Classificação de links é triagem; convocação/resultado/programa não equivale a pergunta oral ou espelho.
FGV_PAGE_044,Magistratura,discursiva,CANDIDATE_WINDOW_PHASE_DATES_TO_VERIFY,1,0,12,0,LINKS_LOCATED_CONTENT_REVIEW_SEPARATE,Classificação de links é triagem; convocação/resultado/programa não equivale a pergunta oral ou espelho.
FGV_PAGE_044,Magistratura,oral,CANDIDATE_WINDOW_PHASE_DATES_TO_VERIFY,0,0,7,0,LINKS_LOCATED_CONTENT_REVIEW_SEPARATE,Classificação de links é triagem; convocação/resultado/programa não equivale a pergunta oral ou espelho.
FGV_PAGE_045,Ministerio_Publico,objetiva,CANDIDATE_WINDOW_PHASE_DATES_TO_VERIFY,0,0,0,0,NOT_PROVEN_ABSENT,Classificação de links é triagem; convocação/resultado/programa não equivale a pergunta oral ou espelho.
FGV_PAGE_045,Ministerio_Publico,discursiva,CANDIDATE_WINDOW_PHASE_DATES_TO_VERIFY,0,0,0,0,NOT_PROVEN_ABSENT,Classificação de links é triagem; convocação/resultado/programa não equivale a pergunta oral ou espelho.
FGV_PAGE_045,Ministerio_Publico,oral,CANDIDATE_WINDOW_PHASE_DATES_TO_VERIFY,0,0,0,0,NOT_PROVEN_ABSENT,Classificação de links é triagem; convocação/resultado/programa não equivale a pergunta oral ou espelho.
FGV_PAGE_046,Magistratura,objetiva,CANDIDATE_WINDOW_PHASE_DATES_TO_VERIFY,4,4,2,0,LINKS_LOCATED_CONTENT_REVIEW_SEPARATE,Classificação de links é triagem; convocação/resultado/programa não equivale a pergunta oral ou espelho.
FGV_PAGE_046,Magistratura,discursiva,CANDIDATE_WINDOW_PHASE_DATES_TO_VERIFY,1,0,14,0,LINKS_LOCATED_CONTENT_REVIEW_SEPARATE,Classificação de links é triagem; convocação/resultado/programa não equivale a pergunta oral ou espelho.
FGV_PAGE_046,Magistratura,oral,CANDIDATE_WINDOW_PHASE_DATES_TO_VERIFY,0,0,7,0,LINKS_LOCATED_CONTENT_REVIEW_SEPARATE,Classificação de links é triagem; convocação/resultado/programa não equivale a pergunta oral ou espelho.
FGV_PAGE_047,Ministerio_Publico,objetiva,CANDIDATE_WINDOW_PHASE_DATES_TO_VERIFY,0,0,0,0,NOT_PROVEN_ABSENT,Classificação de links é triagem; convocação/resultado/programa não equivale a pergunta oral ou espelho.
FGV_PAGE_047,Ministerio_Publico,discursiva,CANDIDATE_WINDOW_PHASE_DATES_TO_VERIFY,0,0,0,0,NOT_PROVEN_ABSENT,Classificação de links é triagem; convocação/resultado/programa não equivale a pergunta oral ou espelho.
FGV_PAGE_047,Ministerio_Publico,oral,CANDIDATE_WINDOW_PHASE_DATES_TO_VERIFY,0,0,0,0,NOT_PROVEN_ABSENT,Classificação de links é triagem; convocação/resultado/programa não equivale a pergunta oral ou espelho.
FGV_PAGE_048,Ministerio_Publico,objetiva,CANDIDATE_WINDOW_PHASE_DATES_TO_VERIFY,0,0,0,0,NOT_PROVEN_ABSENT,Classificação de links é triagem; convocação/resultado/programa não equivale a pergunta oral ou espelho.
FGV_PAGE_048,Ministerio_Publico,discursiva,CANDIDATE_WINDOW_PHASE_DATES_TO_VERIFY,0,0,0,0,NOT_PROVEN_ABSENT,Classificação de links é triagem; convocação/resultado/programa não equivale a pergunta oral ou espelho.
FGV_PAGE_048,Ministerio_Publico,oral,CANDIDATE_WINDOW_PHASE_DATES_TO_VERIFY,0,0,0,0,NOT_PROVEN_ABSENT,Classificação de links é triagem; convocação/resultado/programa não equivale a pergunta oral ou espelho.
FGV_PAGE_049,Defensoria,objetiva,CANDIDATE_WINDOW_PHASE_DATES_TO_VERIFY,0,0,0,0,NOT_PROVEN_ABSENT,Classificação de links é triagem; convocação/resultado/programa não equivale a pergunta oral ou espelho.
FGV_PAGE_049,Defensoria,discursiva,CANDIDATE_WINDOW_PHASE_DATES_TO_VERIFY,0,0,0,0,NOT_PROVEN_ABSENT,Classificação de links é triagem; convocação/resultado/programa não equivale a pergunta oral ou espelho.
FGV_PAGE_049,Defensoria,oral,CANDIDATE_WINDOW_PHASE_DATES_TO_VERIFY,0,0,0,0,NOT_PROVEN_ABSENT,Classificação de links é triagem; convocação/resultado/programa não equivale a pergunta oral ou espelho.
FGV_PAGE_050,Ministerio_Publico,objetiva,CANDIDATE_WINDOW_PHASE_DATES_TO_VERIFY,0,0,0,0,NOT_PROVEN_ABSENT,Classificação de links é triagem; convocação/resultado/programa não equivale a pergunta oral ou espelho.
FGV_PAGE_050,Ministerio_Publico,discursiva,CANDIDATE_WINDOW_PHASE_DATES_TO_VERIFY,0,0,0,0,NOT_PROVEN_ABSENT,Classificação de links é triagem; convocação/resultado/programa não equivale a pergunta oral ou espelho.
FGV_PAGE_050,Ministerio_Publico,oral,CANDIDATE_WINDOW_PHASE_DATES_TO_VERIFY,0,0,0,0,NOT_PROVEN_ABSENT,Classificação de links é triagem; convocação/resultado/programa não equivale a pergunta oral ou espelho.
FGV_PAGE_051,Ministerio_Publico,objetiva,CANDIDATE_WINDOW_PHASE_DATES_TO_VERIFY,0,0,0,0,NOT_PROVEN_ABSENT,Classificação de links é triagem; convocação/resultado/programa não equivale a pergunta oral ou espelho.
FGV_PAGE_051,Ministerio_Publico,discursiva,CANDIDATE_WINDOW_PHASE_DATES_TO_VERIFY,0,0,0,0,NOT_PROVEN_ABSENT,Classificação de links é triagem; convocação/resultado/programa não equivale a pergunta oral ou espelho.
FGV_PAGE_051,Ministerio_Publico,oral,CANDIDATE_WINDOW_PHASE_DATES_TO_VERIFY,0,0,0,0,NOT_PROVEN_ABSENT,Classificação de links é triagem; convocação/resultado/programa não equivale a pergunta oral ou espelho.
FGV_PAGE_052,Delegado,objetiva,EXCLUDED_OR_DEDUP_PARENT,0,0,0,0,NOT_PROVEN_ABSENT,Classificação de links é triagem; convocação/resultado/programa não equivale a pergunta oral ou espelho.
FGV_PAGE_052,Delegado,discursiva,EXCLUDED_OR_DEDUP_PARENT,0,0,0,0,NOT_PROVEN_ABSENT,Classificação de links é triagem; convocação/resultado/programa não equivale a pergunta oral ou espelho.
FGV_PAGE_052,Delegado,oral,EXCLUDED_OR_DEDUP_PARENT,0,0,0,0,NOT_PROVEN_ABSENT,Classificação de links é triagem; convocação/resultado/programa não equivale a pergunta oral ou espelho.
FGV_PAGE_053,Magistratura,objetiva,CANDIDATE_WINDOW_PHASE_DATES_TO_VERIFY,4,4,2,0,LINKS_LOCATED_CONTENT_REVIEW_SEPARATE,Classificação de links é triagem; convocação/resultado/programa não equivale a pergunta oral ou espelho.
FGV_PAGE_053,Magistratura,discursiva,CANDIDATE_WINDOW_PHASE_DATES_TO_VERIFY,3,0,15,0,LINKS_LOCATED_CONTENT_REVIEW_SEPARATE,Classificação de links é triagem; convocação/resultado/programa não equivale a pergunta oral ou espelho.
FGV_PAGE_053,Magistratura,oral,CANDIDATE_WINDOW_PHASE_DATES_TO_VERIFY,0,0,3,0,LINKS_LOCATED_CONTENT_REVIEW_SEPARATE,Classificação de links é triagem; convocação/resultado/programa não equivale a pergunta oral ou espelho.
FGV_PAGE_054,Magistratura,objetiva,CANDIDATE_WINDOW_PHASE_DATES_TO_VERIFY,4,4,5,2,LINKS_LOCATED_CONTENT_REVIEW_SEPARATE,Classificação de links é triagem; convocação/resultado/programa não equivale a pergunta oral ou espelho.
FGV_PAGE_054,Magistratura,discursiva,CANDIDATE_WINDOW_PHASE_DATES_TO_VERIFY,3,0,10,0,LINKS_LOCATED_CONTENT_REVIEW_SEPARATE,Classificação de links é triagem; convocação/resultado/programa não equivale a pergunta oral ou espelho.
FGV_PAGE_054,Magistratura,oral,CANDIDATE_WINDOW_PHASE_DATES_TO_VERIFY,0,0,7,0,LINKS_LOCATED_CONTENT_REVIEW_SEPARATE,Classificação de links é triagem; convocação/resultado/programa não equivale a pergunta oral ou espelho.
FGV_PAGE_055,Ministerio_Publico,objetiva,CANDIDATE_WINDOW_PHASE_DATES_TO_VERIFY,0,0,0,0,NOT_PROVEN_ABSENT,Classificação de links é triagem; convocação/resultado/programa não equivale a pergunta oral ou espelho.
FGV_PAGE_055,Ministerio_Publico,discursiva,CANDIDATE_WINDOW_PHASE_DATES_TO_VERIFY,0,0,0,0,NOT_PROVEN_ABSENT,Classificação de links é triagem; convocação/resultado/programa não equivale a pergunta oral ou espelho.
FGV_PAGE_055,Ministerio_Publico,oral,CANDIDATE_WINDOW_PHASE_DATES_TO_VERIFY,0,0,0,0,NOT_PROVEN_ABSENT,Classificação de links é triagem; convocação/resultado/programa não equivale a pergunta oral ou espelho.
FGV_PAGE_056,Ministerio_Publico,objetiva,CANDIDATE_WINDOW_PHASE_DATES_TO_VERIFY,0,0,0,0,NOT_PROVEN_ABSENT,Classificação de links é triagem; convocação/resultado/programa não equivale a pergunta oral ou espelho.
FGV_PAGE_056,Ministerio_Publico,discursiva,CANDIDATE_WINDOW_PHASE_DATES_TO_VERIFY,0,0,0,0,NOT_PROVEN_ABSENT,Classificação de links é triagem; convocação/resultado/programa não equivale a pergunta oral ou espelho.
FGV_PAGE_056,Ministerio_Publico,oral,CANDIDATE_WINDOW_PHASE_DATES_TO_VERIFY,0,0,0,0,NOT_PROVEN_ABSENT,Classificação de links é triagem; convocação/resultado/programa não equivale a pergunta oral ou espelho.
FGV_PAGE_057,Advocacia_Publica,objetiva,CANDIDATE_WINDOW_PHASE_DATES_TO_VERIFY,0,0,0,0,NOT_PROVEN_ABSENT,Classificação de links é triagem; convocação/resultado/programa não equivale a pergunta oral ou espelho.
FGV_PAGE_057,Advocacia_Publica,discursiva,CANDIDATE_WINDOW_PHASE_DATES_TO_VERIFY,0,0,0,0,NOT_PROVEN_ABSENT,Classificação de links é triagem; convocação/resultado/programa não equivale a pergunta oral ou espelho.
FGV_PAGE_057,Advocacia_Publica,oral,CANDIDATE_WINDOW_PHASE_DATES_TO_VERIFY,0,0,0,0,NOT_PROVEN_ABSENT,Classificação de links é triagem; convocação/resultado/programa não equivale a pergunta oral ou espelho.
FGV_PAGE_058,Defensoria,objetiva,CANDIDATE_WINDOW_PHASE_DATES_TO_VERIFY,0,0,0,0,NOT_PROVEN_ABSENT,Classificação de links é triagem; convocação/resultado/programa não equivale a pergunta oral ou espelho.
FGV_PAGE_058,Defensoria,discursiva,CANDIDATE_WINDOW_PHASE_DATES_TO_VERIFY,0,0,0,0,NOT_PROVEN_ABSENT,Classificação de links é triagem; convocação/resultado/programa não equivale a pergunta oral ou espelho.
FGV_PAGE_058,Defensoria,oral,CANDIDATE_WINDOW_PHASE_DATES_TO_VERIFY,0,0,0,0,NOT_PROVEN_ABSENT,Classificação de links é triagem; convocação/resultado/programa não equivale a pergunta oral ou espelho.
FGV_PAGE_059,Defensoria,objetiva,CANDIDATE_WINDOW_PHASE_DATES_TO_VERIFY,0,0,0,0,NOT_PROVEN_ABSENT,Classificação de links é triagem; convocação/resultado/programa não equivale a pergunta oral ou espelho.
FGV_PAGE_059,Defensoria,discursiva,CANDIDATE_WINDOW_PHASE_DATES_TO_VERIFY,0,0,0,0,NOT_PROVEN_ABSENT,Classificação de links é triagem; convocação/resultado/programa não equivale a pergunta oral ou espelho.
FGV_PAGE_059,Defensoria,oral,CANDIDATE_WINDOW_PHASE_DATES_TO_VERIFY,0,0,0,0,NOT_PROVEN_ABSENT,Classificação de links é triagem; convocação/resultado/programa não equivale a pergunta oral ou espelho.
FGV_PAGE_060,Advocacia_Publica,objetiva,CANDIDATE_WINDOW_PHASE_DATES_TO_VERIFY,0,0,0,0,NOT_PROVEN_ABSENT,Classificação de links é triagem; convocação/resultado/programa não equivale a pergunta oral ou espelho.
FGV_PAGE_060,Advocacia_Publica,discursiva,CANDIDATE_WINDOW_PHASE_DATES_TO_VERIFY,0,0,0,0,NOT_PROVEN_ABSENT,Classificação de links é triagem; convocação/resultado/programa não equivale a pergunta oral ou espelho.
FGV_PAGE_060,Advocacia_Publica,oral,CANDIDATE_WINDOW_PHASE_DATES_TO_VERIFY,0,0,0,0,NOT_PROVEN_ABSENT,Classificação de links é triagem; convocação/resultado/programa não equivale a pergunta oral ou espelho.
FGV_PAGE_061,Ministerio_Publico,objetiva,CANDIDATE_WINDOW_PHASE_DATES_TO_VERIFY,0,0,0,0,NOT_PROVEN_ABSENT,Classificação de links é triagem; convocação/resultado/programa não equivale a pergunta oral ou espelho.
FGV_PAGE_061,Ministerio_Publico,discursiva,CANDIDATE_WINDOW_PHASE_DATES_TO_VERIFY,0,0,0,0,NOT_PROVEN_ABSENT,Classificação de links é triagem; convocação/resultado/programa não equivale a pergunta oral ou espelho.
FGV_PAGE_061,Ministerio_Publico,oral,CANDIDATE_WINDOW_PHASE_DATES_TO_VERIFY,0,0,0,0,NOT_PROVEN_ABSENT,Classificação de links é triagem; convocação/resultado/programa não equivale a pergunta oral ou espelho.
FGV_PAGE_062,Defensoria,objetiva,CANDIDATE_WINDOW_PHASE_DATES_TO_VERIFY,0,0,0,0,NOT_PROVEN_ABSENT,Classificação de links é triagem; convocação/resultado/programa não equivale a pergunta oral ou espelho.
FGV_PAGE_062,Defensoria,discursiva,CANDIDATE_WINDOW_PHASE_DATES_TO_VERIFY,0,0,0,0,NOT_PROVEN_ABSENT,Classificação de links é triagem; convocação/resultado/programa não equivale a pergunta oral ou espelho.
FGV_PAGE_062,Defensoria,oral,CANDIDATE_WINDOW_PHASE_DATES_TO_VERIFY,0,0,0,0,NOT_PROVEN_ABSENT,Classificação de links é triagem; convocação/resultado/programa não equivale a pergunta oral ou espelho.
FGV_PAGE_063,Defensoria,objetiva,CANDIDATE_WINDOW_PHASE_DATES_TO_VERIFY,0,0,0,0,NOT_PROVEN_ABSENT,Classificação de links é triagem; convocação/resultado/programa não equivale a pergunta oral ou espelho.
FGV_PAGE_063,Defensoria,discursiva,CANDIDATE_WINDOW_PHASE_DATES_TO_VERIFY,0,0,0,0,NOT_PROVEN_ABSENT,Classificação de links é triagem; convocação/resultado/programa não equivale a pergunta oral ou espelho.
FGV_PAGE_063,Defensoria,oral,CANDIDATE_WINDOW_PHASE_DATES_TO_VERIFY,0,0,0,0,NOT_PROVEN_ABSENT,Classificação de links é triagem; convocação/resultado/programa não equivale a pergunta oral ou espelho.
FGV_PAGE_064,Ministerio_Publico,objetiva,CANDIDATE_WINDOW_PHASE_DATES_TO_VERIFY,0,0,0,0,NOT_PROVEN_ABSENT,Classificação de links é triagem; convocação/resultado/programa não equivale a pergunta oral ou espelho.
FGV_PAGE_064,Ministerio_Publico,discursiva,CANDIDATE_WINDOW_PHASE_DATES_TO_VERIFY,0,0,0,0,NOT_PROVEN_ABSENT,Classificação de links é triagem; convocação/resultado/programa não equivale a pergunta oral ou espelho.
FGV_PAGE_064,Ministerio_Publico,oral,CANDIDATE_WINDOW_PHASE_DATES_TO_VERIFY,0,0,0,0,NOT_PROVEN_ABSENT,Classificação de links é triagem; convocação/resultado/programa não equivale a pergunta oral ou espelho.
FGV_PAGE_065,Ministerio_Publico,objetiva,CANDIDATE_WINDOW_PHASE_DATES_TO_VERIFY,0,0,0,0,NOT_PROVEN_ABSENT,Classificação de links é triagem; convocação/resultado/programa não equivale a pergunta oral ou espelho.
FGV_PAGE_065,Ministerio_Publico,discursiva,CANDIDATE_WINDOW_PHASE_DATES_TO_VERIFY,0,0,0,0,NOT_PROVEN_ABSENT,Classificação de links é triagem; convocação/resultado/programa não equivale a pergunta oral ou espelho.
FGV_PAGE_065,Ministerio_Publico,oral,CANDIDATE_WINDOW_PHASE_DATES_TO_VERIFY,0,0,0,0,NOT_PROVEN_ABSENT,Classificação de links é triagem; convocação/resultado/programa não equivale a pergunta oral ou espelho.
FGV_PAGE_066,Ministerio_Publico,objetiva,CANDIDATE_WINDOW_PHASE_DATES_TO_VERIFY,4,4,7,0,LINKS_LOCATED_CONTENT_REVIEW_SEPARATE,Classificação de links é triagem; convocação/resultado/programa não equivale a pergunta oral ou espelho.
FGV_PAGE_066,Ministerio_Publico,discursiva,CANDIDATE_WINDOW_PHASE_DATES_TO_VERIFY,0,1,14,0,LINKS_LOCATED_CONTENT_REVIEW_SEPARATE,Classificação de links é triagem; convocação/resultado/programa não equivale a pergunta oral ou espelho.
FGV_PAGE_066,Ministerio_Publico,oral,CANDIDATE_WINDOW_PHASE_DATES_TO_VERIFY,0,0,2,0,LINKS_LOCATED_CONTENT_REVIEW_SEPARATE,Classificação de links é triagem; convocação/resultado/programa não equivale a pergunta oral ou espelho.
FGV_PAGE_067,Magistratura,objetiva,CANDIDATE_WINDOW_PHASE_DATES_TO_VERIFY,4,5,6,0,LINKS_LOCATED_CONTENT_REVIEW_SEPARATE,Classificação de links é triagem; convocação/resultado/programa não equivale a pergunta oral ou espelho.
FGV_PAGE_067,Magistratura,discursiva,CANDIDATE_WINDOW_PHASE_DATES_TO_VERIFY,0,0,0,0,NOT_PROVEN_ABSENT,Classificação de links é triagem; convocação/resultado/programa não equivale a pergunta oral ou espelho.
FGV_PAGE_067,Magistratura,oral,CANDIDATE_WINDOW_PHASE_DATES_TO_VERIFY,0,0,0,0,LINKS_LOCATED_CONTENT_REVIEW_SEPARATE,Classificação de links é triagem; convocação/resultado/programa não equivale a pergunta oral ou espelho.
FGV_PAGE_068,Delegado,objetiva,CANDIDATE_WINDOW_PHASE_DATES_TO_VERIFY,4,3,6,2,LINKS_LOCATED_CONTENT_REVIEW_SEPARATE,Classificação de links é triagem; convocação/resultado/programa não equivale a pergunta oral ou espelho.
FGV_PAGE_068,Delegado,discursiva,CANDIDATE_WINDOW_PHASE_DATES_TO_VERIFY,1,0,7,0,LINKS_LOCATED_CONTENT_REVIEW_SEPARATE,Classificação de links é triagem; convocação/resultado/programa não equivale a pergunta oral ou espelho.
FGV_PAGE_068,Delegado,oral,CANDIDATE_WINDOW_PHASE_DATES_TO_VERIFY,0,0,3,0,LINKS_LOCATED_CONTENT_REVIEW_SEPARATE,Classificação de links é triagem; convocação/resultado/programa não equivale a pergunta oral ou espelho.
FGV_PAGE_069,Delegado,objetiva,CANDIDATE_WINDOW_PHASE_DATES_TO_VERIFY,4,3,3,0,LINKS_LOCATED_CONTENT_REVIEW_SEPARATE,Classificação de links é triagem; convocação/resultado/programa não equivale a pergunta oral ou espelho.
FGV_PAGE_069,Delegado,discursiva,CANDIDATE_WINDOW_PHASE_DATES_TO_VERIFY,0,0,0,0,NOT_PROVEN_ABSENT,Classificação de links é triagem; convocação/resultado/programa não equivale a pergunta oral ou espelho.
FGV_PAGE_069,Delegado,oral,CANDIDATE_WINDOW_PHASE_DATES_TO_VERIFY,0,0,6,0,LINKS_LOCATED_CONTENT_REVIEW_SEPARATE,Classificação de links é triagem; convocação/resultado/programa não equivale a pergunta oral ou espelho.
FGV_PAGE_070,Delegado,objetiva,CANDIDATE_WINDOW_PHASE_DATES_TO_VERIFY,4,4,5,2,LINKS_LOCATED_CONTENT_REVIEW_SEPARATE,Classificação de links é triagem; convocação/resultado/programa não equivale a pergunta oral ou espelho.
FGV_PAGE_070,Delegado,discursiva,CANDIDATE_WINDOW_PHASE_DATES_TO_VERIFY,1,0,6,0,LINKS_LOCATED_CONTENT_REVIEW_SEPARATE,Classificação de links é triagem; convocação/resultado/programa não equivale a pergunta oral ou espelho.
FGV_PAGE_070,Delegado,oral,CANDIDATE_WINDOW_PHASE_DATES_TO_VERIFY,0,0,9,0,LINKS_LOCATED_CONTENT_REVIEW_SEPARATE,Classificação de links é triagem; convocação/resultado/programa não equivale a pergunta oral ou espelho.
FGV_PAGE_071,Magistratura,objetiva,CONFIRMED_WINDOW_OBJECTIVE,4,1,5,1,LINKS_LOCATED_CONTENT_REVIEW_SEPARATE,Classificação de links é triagem; convocação/resultado/programa não equivale a pergunta oral ou espelho.
FGV_PAGE_071,Magistratura,discursiva,CONFIRMED_WINDOW_OBJECTIVE,1,0,25,0,LINKS_LOCATED_CONTENT_REVIEW_SEPARATE,Classificação de links é triagem; convocação/resultado/programa não equivale a pergunta oral ou espelho.
FGV_PAGE_071,Magistratura,oral,CONFIRMED_WINDOW_OBJECTIVE,0,0,3,0,LINKS_LOCATED_CONTENT_REVIEW_SEPARATE,Classificação de links é triagem; convocação/resultado/programa não equivale a pergunta oral ou espelho.
FGV_PAGE_072,Magistratura,objetiva,CONFIRMED_WINDOW_OBJECTIVE,4,3,3,2,LINKS_LOCATED_CONTENT_REVIEW_SEPARATE,Classificação de links é triagem; convocação/resultado/programa não equivale a pergunta oral ou espelho.
FGV_PAGE_072,Magistratura,discursiva,CONFIRMED_WINDOW_OBJECTIVE,1,0,1,0,LINKS_LOCATED_CONTENT_REVIEW_SEPARATE,Classificação de links é triagem; convocação/resultado/programa não equivale a pergunta oral ou espelho.
FGV_PAGE_072,Magistratura,oral,CONFIRMED_WINDOW_OBJECTIVE,0,0,0,0,NOT_PROVEN_ABSENT,Classificação de links é triagem; convocação/resultado/programa não equivale a pergunta oral ou espelho.
FGV_PAGE_073,Magistratura,objetiva,CANDIDATE_WINDOW_PHASE_DATES_TO_VERIFY,4,4,2,0,LINKS_LOCATED_CONTENT_REVIEW_SEPARATE,Classificação de links é triagem; convocação/resultado/programa não equivale a pergunta oral ou espelho.
FGV_PAGE_073,Magistratura,discursiva,CANDIDATE_WINDOW_PHASE_DATES_TO_VERIFY,1,0,15,0,LINKS_LOCATED_CONTENT_REVIEW_SEPARATE,Classificação de links é triagem; convocação/resultado/programa não equivale a pergunta oral ou espelho.
FGV_PAGE_073,Magistratura,oral,CANDIDATE_WINDOW_PHASE_DATES_TO_VERIFY,0,0,0,0,NOT_PROVEN_ABSENT,Classificação de links é triagem; convocação/resultado/programa não equivale a pergunta oral ou espelho.
FGV_PAGE_074,Magistratura,objetiva,CANDIDATE_WINDOW_PHASE_DATES_TO_VERIFY,4,5,5,0,LINKS_LOCATED_CONTENT_REVIEW_SEPARATE,Classificação de links é triagem; convocação/resultado/programa não equivale a pergunta oral ou espelho.
FGV_PAGE_074,Magistratura,discursiva,CANDIDATE_WINDOW_PHASE_DATES_TO_VERIFY,1,0,12,0,LINKS_LOCATED_CONTENT_REVIEW_SEPARATE,Classificação de links é triagem; convocação/resultado/programa não equivale a pergunta oral ou espelho.
FGV_PAGE_074,Magistratura,oral,CANDIDATE_WINDOW_PHASE_DATES_TO_VERIFY,0,0,0,0,NOT_PROVEN_ABSENT,Classificação de links é triagem; convocação/resultado/programa não equivale a pergunta oral ou espelho.
FGV_PAGE_075,Magistratura,objetiva,CONFIRMED_WINDOW_OBJECTIVE,4,4,1,2,LINKS_LOCATED_CONTENT_REVIEW_SEPARATE,Classificação de links é triagem; convocação/resultado/programa não equivale a pergunta oral ou espelho.
FGV_PAGE_075,Magistratura,discursiva,CONFIRMED_WINDOW_OBJECTIVE,1,0,11,0,LINKS_LOCATED_CONTENT_REVIEW_SEPARATE,Classificação de links é triagem; convocação/resultado/programa não equivale a pergunta oral ou espelho.
FGV_PAGE_075,Magistratura,oral,CONFIRMED_WINDOW_OBJECTIVE,0,0,2,0,LINKS_LOCATED_CONTENT_REVIEW_SEPARATE,Classificação de links é triagem; convocação/resultado/programa não equivale a pergunta oral ou espelho.
FGV_PAGE_076,Magistratura,objetiva,CONFIRMED_WINDOW_OBJECTIVE,4,3,11,2,LINKS_LOCATED_CONTENT_REVIEW_SEPARATE,Classificação de links é triagem; convocação/resultado/programa não equivale a pergunta oral ou espelho.
FGV_PAGE_076,Magistratura,discursiva,CONFIRMED_WINDOW_OBJECTIVE,0,0,0,0,NOT_PROVEN_ABSENT,Classificação de links é triagem; convocação/resultado/programa não equivale a pergunta oral ou espelho.
FGV_PAGE_076,Magistratura,oral,CONFIRMED_WINDOW_OBJECTIVE,0,0,0,0,NOT_PROVEN_ABSENT,Classificação de links é triagem; convocação/resultado/programa não equivale a pergunta oral ou espelho.
FGV_PAGE_077,Magistratura,objetiva,CANDIDATE_WINDOW_PHASE_DATES_TO_VERIFY,0,2,4,0,LINKS_LOCATED_CONTENT_REVIEW_SEPARATE,Classificação de links é triagem; convocação/resultado/programa não equivale a pergunta oral ou espelho.
FGV_PAGE_077,Magistratura,discursiva,CANDIDATE_WINDOW_PHASE_DATES_TO_VERIFY,1,1,8,0,LINKS_LOCATED_CONTENT_REVIEW_SEPARATE,Classificação de links é triagem; convocação/resultado/programa não equivale a pergunta oral ou espelho.
FGV_PAGE_077,Magistratura,oral,CANDIDATE_WINDOW_PHASE_DATES_TO_VERIFY,0,0,0,0,LINKS_LOCATED_CONTENT_REVIEW_SEPARATE,Classificação de links é triagem; convocação/resultado/programa não equivale a pergunta oral ou espelho.
FGV_PAGE_078,Magistratura,objetiva,CANDIDATE_WINDOW_PHASE_DATES_TO_VERIFY,4,3,2,0,LINKS_LOCATED_CONTENT_REVIEW_SEPARATE,Classificação de links é triagem; convocação/resultado/programa não equivale a pergunta oral ou espelho.
FGV_PAGE_078,Magistratura,discursiva,CANDIDATE_WINDOW_PHASE_DATES_TO_VERIFY,1,0,11,0,LINKS_LOCATED_CONTENT_REVIEW_SEPARATE,Classificação de links é triagem; convocação/resultado/programa não equivale a pergunta oral ou espelho.
FGV_PAGE_078,Magistratura,oral,CANDIDATE_WINDOW_PHASE_DATES_TO_VERIFY,0,0,4,0,LINKS_LOCATED_CONTENT_REVIEW_SEPARATE,Classificação de links é triagem; convocação/resultado/programa não equivale a pergunta oral ou espelho.
FGV_PAGE_079,Advocacia_Publica,objetiva,CANDIDATE_WINDOW_PHASE_DATES_TO_VERIFY,2,4,5,0,LINKS_LOCATED_CONTENT_REVIEW_SEPARATE,Classificação de links é triagem; convocação/resultado/programa não equivale a pergunta oral ou espelho.
FGV_PAGE_079,Advocacia_Publica,discursiva,CANDIDATE_WINDOW_PHASE_DATES_TO_VERIFY,0,0,6,0,LINKS_LOCATED_CONTENT_REVIEW_SEPARATE,Classificação de links é triagem; convocação/resultado/programa não equivale a pergunta oral ou espelho.
FGV_PAGE_079,Advocacia_Publica,oral,CANDIDATE_WINDOW_PHASE_DATES_TO_VERIFY,0,0,6,0,LINKS_LOCATED_CONTENT_REVIEW_SEPARATE,Classificação de links é triagem; convocação/resultado/programa não equivale a pergunta oral ou espelho.
FGV_PAGE_080,Advocacia_Publica,objetiva,CONFIRMED_WINDOW_OBJECTIVE,2,4,4,2,LINKS_LOCATED_CONTENT_REVIEW_SEPARATE,Classificação de links é triagem; convocação/resultado/programa não equivale a pergunta oral ou espelho.
FGV_PAGE_080,Advocacia_Publica,discursiva,CONFIRMED_WINDOW_OBJECTIVE,0,0,7,0,LINKS_LOCATED_CONTENT_REVIEW_SEPARATE,Classificação de links é triagem; convocação/resultado/programa não equivale a pergunta oral ou espelho.
FGV_PAGE_080,Advocacia_Publica,oral,CONFIRMED_WINDOW_OBJECTIVE,0,0,10,0,LINKS_LOCATED_CONTENT_REVIEW_SEPARATE,Classificação de links é triagem; convocação/resultado/programa não equivale a pergunta oral ou espelho.
CEB_PC_CE_25_DELEGADO,Delegado,objetiva,CANDIDATE_WINDOW_PHASE_DATES_TO_VERIFY,1,1,0,0,LINKS_LOCATED_CONTENT_REVIEW_SEPARATE,Classificação de links é triagem; convocação/resultado/programa não equivale a pergunta oral ou espelho.
CEB_PC_CE_25_DELEGADO,Delegado,discursiva,CANDIDATE_WINDOW_PHASE_DATES_TO_VERIFY,1,1,3,0,LINKS_LOCATED_CONTENT_REVIEW_SEPARATE,Classificação de links é triagem; convocação/resultado/programa não equivale a pergunta oral ou espelho.
CEB_PC_CE_25_DELEGADO,Delegado,oral,CANDIDATE_WINDOW_PHASE_DATES_TO_VERIFY,2,0,4,0,LINKS_LOCATED_CONTENT_REVIEW_SEPARATE,Classificação de links é triagem; convocação/resultado/programa não equivale a pergunta oral ou espelho.
CEB_PC_DF_26_DELEGADO,Delegado,objetiva,CONFIRMED_WINDOW_OBJECTIVE,0,2,2,2,LINKS_LOCATED_CONTENT_REVIEW_SEPARATE,Classificação de links é triagem; convocação/resultado/programa não equivale a pergunta oral ou espelho.
CEB_PC_DF_26_DELEGADO,Delegado,discursiva,CONFIRMED_WINDOW_OBJECTIVE,1,1,6,4,LINKS_LOCATED_CONTENT_REVIEW_SEPARATE,Classificação de links é triagem; convocação/resultado/programa não equivale a pergunta oral ou espelho.
CEB_PC_DF_26_DELEGADO,Delegado,oral,CONFIRMED_WINDOW_OBJECTIVE,0,0,2,2,LINKS_LOCATED_CONTENT_REVIEW_SEPARATE,Classificação de links é triagem; convocação/resultado/programa não equivale a pergunta oral ou espelho.
CEB_PC_ES_22_DELEGADO,Delegado,objetiva,CANDIDATE_WINDOW_PHASE_DATES_TO_VERIFY,3,0,2,0,LINKS_LOCATED_CONTENT_REVIEW_SEPARATE,Classificação de links é triagem; convocação/resultado/programa não equivale a pergunta oral ou espelho.
CEB_PC_ES_22_DELEGADO,Delegado,discursiva,CANDIDATE_WINDOW_PHASE_DATES_TO_VERIFY,1,0,3,0,LINKS_LOCATED_CONTENT_REVIEW_SEPARATE,Classificação de links é triagem; convocação/resultado/programa não equivale a pergunta oral ou espelho.
CEB_PC_ES_22_DELEGADO,Delegado,oral,CANDIDATE_WINDOW_PHASE_DATES_TO_VERIFY,1,1,4,0,LINKS_LOCATED_CONTENT_REVIEW_SEPARATE,Classificação de links é triagem; convocação/resultado/programa não equivale a pergunta oral ou espelho.
CEB_PC_MA_26_DELEGADO,Delegado,objetiva,UPCOMING_NO_COMPLETED_ITEM_CONFIRMED,0,0,0,0,NOT_PROVEN_ABSENT,Classificação de links é triagem; convocação/resultado/programa não equivale a pergunta oral ou espelho.
CEB_PC_MA_26_DELEGADO,Delegado,discursiva,UPCOMING_NO_COMPLETED_ITEM_CONFIRMED,0,0,0,0,NOT_PROVEN_ABSENT,Classificação de links é triagem; convocação/resultado/programa não equivale a pergunta oral ou espelho.
CEB_PC_MA_26_DELEGADO,Delegado,oral,UPCOMING_NO_COMPLETED_ITEM_CONFIRMED,0,0,0,0,NOT_PROVEN_ABSENT,Classificação de links é triagem; convocação/resultado/programa não equivale a pergunta oral ou espelho.
CEB_PF_25,Delegado,objetiva,CONFIRMED_WINDOW_OBJECTIVE,20,1,0,1,LINKS_LOCATED_CONTENT_REVIEW_SEPARATE,Classificação de links é triagem; convocação/resultado/programa não equivale a pergunta oral ou espelho.
CEB_PF_25,Delegado,discursiva,CONFIRMED_WINDOW_OBJECTIVE,17,17,14,2,LINKS_LOCATED_CONTENT_REVIEW_SEPARATE,Classificação de links é triagem; convocação/resultado/programa não equivale a pergunta oral ou espelho.
CEB_PF_25,Delegado,oral,CONFIRMED_WINDOW_OBJECTIVE,2,0,6,2,LINKS_LOCATED_CONTENT_REVIEW_SEPARATE,Classificação de links é triagem; convocação/resultado/programa não equivale a pergunta oral ou espelho.
CEB_PGE_AL_26,Advocacia_Publica,objetiva,CONFIRMED_WINDOW_OBJECTIVE,1,1,0,2,LINKS_LOCATED_CONTENT_REVIEW_SEPARATE,Classificação de links é triagem; convocação/resultado/programa não equivale a pergunta oral ou espelho.
CEB_PGE_AL_26,Advocacia_Publica,discursiva,CONFIRMED_WINDOW_OBJECTIVE,2,2,0,4,LINKS_LOCATED_CONTENT_REVIEW_SEPARATE,Classificação de links é triagem; convocação/resultado/programa não equivale a pergunta oral ou espelho.
CEB_PGE_AL_26,Advocacia_Publica,oral,CONFIRMED_WINDOW_OBJECTIVE,0,0,0,0,NOT_PROVEN_ABSENT,Classificação de links é triagem; convocação/resultado/programa não equivale a pergunta oral ou espelho.
CEB_PGE_RN_26,Advocacia_Publica,objetiva,CONFIRMED_WINDOW_OBJECTIVE,2,0,2,2,LINKS_LOCATED_CONTENT_REVIEW_SEPARATE,Classificação de links é triagem; convocação/resultado/programa não equivale a pergunta oral ou espelho.
CEB_PGE_RN_26,Advocacia_Publica,discursiva,CONFIRMED_WINDOW_OBJECTIVE,1,1,4,2,LINKS_LOCATED_CONTENT_REVIEW_SEPARATE,Classificação de links é triagem; convocação/resultado/programa não equivale a pergunta oral ou espelho.
CEB_PGE_RN_26,Advocacia_Publica,oral,CONFIRMED_WINDOW_OBJECTIVE,0,0,0,0,NOT_PROVEN_ABSENT,Classificação de links é triagem; convocação/resultado/programa não equivale a pergunta oral ou espelho.
CEB_PREF_ANDRADINA_25_PROCURADOR,Advocacia_Publica,objetiva,CANDIDATE_WINDOW_PHASE_DATES_TO_VERIFY,2,0,0,0,LINKS_LOCATED_CONTENT_REVIEW_SEPARATE,Classificação de links é triagem; convocação/resultado/programa não equivale a pergunta oral ou espelho.
CEB_PREF_ANDRADINA_25_PROCURADOR,Advocacia_Publica,discursiva,CANDIDATE_WINDOW_PHASE_DATES_TO_VERIFY,1,1,4,0,LINKS_LOCATED_CONTENT_REVIEW_SEPARATE,Classificação de links é triagem; convocação/resultado/programa não equivale a pergunta oral ou espelho.
CEB_PREF_ANDRADINA_25_PROCURADOR,Advocacia_Publica,oral,CANDIDATE_WINDOW_PHASE_DATES_TO_VERIFY,0,0,0,0,NOT_PROVEN_ABSENT,Classificação de links é triagem; convocação/resultado/programa não equivale a pergunta oral ou espelho.
CEB_PREF_PORTO_VELHO_26_PROCURADOR,Advocacia_Publica,objetiva,CONFIRMED_WINDOW_OBJECTIVE,1,1,0,2,LINKS_LOCATED_CONTENT_REVIEW_SEPARATE,Classificação de links é triagem; convocação/resultado/programa não equivale a pergunta oral ou espelho.
CEB_PREF_PORTO_VELHO_26_PROCURADOR,Advocacia_Publica,discursiva,CONFIRMED_WINDOW_OBJECTIVE,2,2,6,4,LINKS_LOCATED_CONTENT_REVIEW_SEPARATE,Classificação de links é triagem; convocação/resultado/programa não equivale a pergunta oral ou espelho.
CEB_PREF_PORTO_VELHO_26_PROCURADOR,Advocacia_Publica,oral,CONFIRMED_WINDOW_OBJECTIVE,0,0,0,0,NOT_PROVEN_ABSENT,Classificação de links é triagem; convocação/resultado/programa não equivale a pergunta oral ou espelho.
CEB_AGU_22_ADVOGADO,Advocacia_Publica,objetiva,CANDIDATE_WINDOW_PHASE_DATES_TO_VERIFY,1,1,0,0,LINKS_LOCATED_CONTENT_REVIEW_SEPARATE,Classificação de links é triagem; convocação/resultado/programa não equivale a pergunta oral ou espelho.
CEB_AGU_22_ADVOGADO,Advocacia_Publica,discursiva,CANDIDATE_WINDOW_PHASE_DATES_TO_VERIFY,3,3,6,0,LINKS_LOCATED_CONTENT_REVIEW_SEPARATE,Classificação de links é triagem; convocação/resultado/programa não equivale a pergunta oral ou espelho.
CEB_AGU_22_ADVOGADO,Advocacia_Publica,oral,CANDIDATE_WINDOW_PHASE_DATES_TO_VERIFY,0,0,5,0,LINKS_LOCATED_CONTENT_REVIEW_SEPARATE,Classificação de links é triagem; convocação/resultado/programa não equivale a pergunta oral ou espelho.
CEB_AGU_22_PROCURADOR_FAZENDA,Advocacia_Publica,objetiva,CANDIDATE_WINDOW_PHASE_DATES_TO_VERIFY,1,1,0,0,LINKS_LOCATED_CONTENT_REVIEW_SEPARATE,Classificação de links é triagem; convocação/resultado/programa não equivale a pergunta oral ou espelho.
CEB_AGU_22_PROCURADOR_FAZENDA,Advocacia_Publica,discursiva,CANDIDATE_WINDOW_PHASE_DATES_TO_VERIFY,3,3,6,0,LINKS_LOCATED_CONTENT_REVIEW_SEPARATE,Classificação de links é triagem; convocação/resultado/programa não equivale a pergunta oral ou espelho.
CEB_AGU_22_PROCURADOR_FAZENDA,Advocacia_Publica,oral,CANDIDATE_WINDOW_PHASE_DATES_TO_VERIFY,0,6,3,0,LINKS_LOCATED_CONTENT_REVIEW_SEPARATE,Classificação de links é triagem; convocação/resultado/programa não equivale a pergunta oral ou espelho.
CEB_AGU_22_PROCURADOR_FEDERAL,Advocacia_Publica,objetiva,CONFIRMED_WINDOW_OBJECTIVE,1,1,1,2,LINKS_LOCATED_CONTENT_REVIEW_SEPARATE,Classificação de links é triagem; convocação/resultado/programa não equivale a pergunta oral ou espelho.
CEB_AGU_22_PROCURADOR_FEDERAL,Advocacia_Publica,discursiva,CONFIRMED_WINDOW_OBJECTIVE,3,4,5,0,LINKS_LOCATED_CONTENT_REVIEW_SEPARATE,Classificação de links é triagem; convocação/resultado/programa não equivale a pergunta oral ou espelho.
CEB_AGU_22_PROCURADOR_FEDERAL,Advocacia_Publica,oral,CONFIRMED_WINDOW_OBJECTIVE,6,0,5,2,LINKS_LOCATED_CONTENT_REVIEW_SEPARATE,Classificação de links é triagem; convocação/resultado/programa não equivale a pergunta oral ou espelho.
CEB_DPE_RO_22_DEFENSOR,Defensoria,objetiva,CANDIDATE_WINDOW_PHASE_DATES_TO_VERIFY,0,0,2,0,LINKS_LOCATED_CONTENT_REVIEW_SEPARATE,Classificação de links é triagem; convocação/resultado/programa não equivale a pergunta oral ou espelho.
CEB_DPE_RO_22_DEFENSOR,Defensoria,discursiva,CANDIDATE_WINDOW_PHASE_DATES_TO_VERIFY,3,3,5,0,LINKS_LOCATED_CONTENT_REVIEW_SEPARATE,Classificação de links é triagem; convocação/resultado/programa não equivale a pergunta oral ou espelho.
CEB_DPE_RO_22_DEFENSOR,Defensoria,oral,CANDIDATE_WINDOW_PHASE_DATES_TO_VERIFY,0,1,0,0,LINKS_LOCATED_CONTENT_REVIEW_SEPARATE,Classificação de links é triagem; convocação/resultado/programa não equivale a pergunta oral ou espelho.
CEB_DPE_AC_24_DEFENSOR,Defensoria,objetiva,CANDIDATE_WINDOW_PHASE_DATES_TO_VERIFY,0,0,1,0,LINKS_LOCATED_CONTENT_REVIEW_SEPARATE,Classificação de links é triagem; convocação/resultado/programa não equivale a pergunta oral ou espelho.
CEB_DPE_AC_24_DEFENSOR,Defensoria,discursiva,CANDIDATE_WINDOW_PHASE_DATES_TO_VERIFY,3,3,3,2,LINKS_LOCATED_CONTENT_REVIEW_SEPARATE,Classificação de links é triagem; convocação/resultado/programa não equivale a pergunta oral ou espelho.
CEB_DPE_AC_24_DEFENSOR,Defensoria,oral,CANDIDATE_WINDOW_PHASE_DATES_TO_VERIFY,0,20,4,20,LINKS_LOCATED_CONTENT_REVIEW_SEPARATE,Classificação de links é triagem; convocação/resultado/programa não equivale a pergunta oral ou espelho.
CEB_MP_PA_22_PROMOTOR,Ministerio_Publico,objetiva,CANDIDATE_WINDOW_PHASE_DATES_TO_VERIFY,1,0,4,0,LINKS_LOCATED_CONTENT_REVIEW_SEPARATE,Classificação de links é triagem; convocação/resultado/programa não equivale a pergunta oral ou espelho.
CEB_MP_PA_22_PROMOTOR,Ministerio_Publico,discursiva,CANDIDATE_WINDOW_PHASE_DATES_TO_VERIFY,3,3,5,2,LINKS_LOCATED_CONTENT_REVIEW_SEPARATE,Classificação de links é triagem; convocação/resultado/programa não equivale a pergunta oral ou espelho.
CEB_MP_PA_22_PROMOTOR,Ministerio_Publico,oral,CANDIDATE_WINDOW_PHASE_DATES_TO_VERIFY,2,3,6,1,LINKS_LOCATED_CONTENT_REVIEW_SEPARATE,Classificação de links é triagem; convocação/resultado/programa não equivale a pergunta oral ou espelho.
CEB_MP_BA_23_PROMOTOR,Ministerio_Publico,objetiva,CANDIDATE_WINDOW_PHASE_DATES_TO_VERIFY,1,1,2,0,LINKS_LOCATED_CONTENT_REVIEW_SEPARATE,Classificação de links é triagem; convocação/resultado/programa não equivale a pergunta oral ou espelho.
CEB_MP_BA_23_PROMOTOR,Ministerio_Publico,discursiva,CANDIDATE_WINDOW_PHASE_DATES_TO_VERIFY,4,4,10,0,LINKS_LOCATED_CONTENT_REVIEW_SEPARATE,Classificação de links é triagem; convocação/resultado/programa não equivale a pergunta oral ou espelho.
CEB_MP_BA_23_PROMOTOR,Ministerio_Publico,oral,CANDIDATE_WINDOW_PHASE_DATES_TO_VERIFY,0,0,10,0,LINKS_LOCATED_CONTENT_REVIEW_SEPARATE,Classificação de links é triagem; convocação/resultado/programa não equivale a pergunta oral ou espelho.
CEB_MP_SE_22_PROMOTOR,Ministerio_Publico,objetiva,CANDIDATE_WINDOW_PHASE_DATES_TO_VERIFY,1,0,2,0,LINKS_LOCATED_CONTENT_REVIEW_SEPARATE,Classificação de links é triagem; convocação/resultado/programa não equivale a pergunta oral ou espelho.
CEB_MP_SE_22_PROMOTOR,Ministerio_Publico,discursiva,CANDIDATE_WINDOW_PHASE_DATES_TO_VERIFY,2,2,4,0,LINKS_LOCATED_CONTENT_REVIEW_SEPARATE,Classificação de links é triagem; convocação/resultado/programa não equivale a pergunta oral ou espelho.
CEB_MP_SE_22_PROMOTOR,Ministerio_Publico,oral,CANDIDATE_WINDOW_PHASE_DATES_TO_VERIFY,0,0,0,0,NOT_PROVEN_ABSENT,Classificação de links é triagem; convocação/resultado/programa não equivale a pergunta oral ou espelho.
CEB_MPC_SC_22_PROCURADOR,Other_High_Legal,objetiva,CANDIDATE_WINDOW_PHASE_DATES_TO_VERIFY,1,0,1,0,LINKS_LOCATED_CONTENT_REVIEW_SEPARATE,Classificação de links é triagem; convocação/resultado/programa não equivale a pergunta oral ou espelho.
CEB_MPC_SC_22_PROCURADOR,Other_High_Legal,discursiva,CANDIDATE_WINDOW_PHASE_DATES_TO_VERIFY,1,0,4,0,LINKS_LOCATED_CONTENT_REVIEW_SEPARATE,Classificação de links é triagem; convocação/resultado/programa não equivale a pergunta oral ou espelho.
CEB_MPC_SC_22_PROCURADOR,Other_High_Legal,oral,CANDIDATE_WINDOW_PHASE_DATES_TO_VERIFY,0,1,5,0,LINKS_LOCATED_CONTENT_REVIEW_SEPARATE,Classificação de links é triagem; convocação/resultado/programa não equivale a pergunta oral ou espelho.
CEB_MPE_AM_22_PROMOTOR,Ministerio_Publico,objetiva,CANDIDATE_WINDOW_PHASE_DATES_TO_VERIFY,1,0,3,0,LINKS_LOCATED_CONTENT_REVIEW_SEPARATE,Classificação de links é triagem; convocação/resultado/programa não equivale a pergunta oral ou espelho.
CEB_MPE_AM_22_PROMOTOR,Ministerio_Publico,discursiva,CANDIDATE_WINDOW_PHASE_DATES_TO_VERIFY,5,5,8,0,LINKS_LOCATED_CONTENT_REVIEW_SEPARATE,Classificação de links é triagem; convocação/resultado/programa não equivale a pergunta oral ou espelho.
CEB_MPE_AM_22_PROMOTOR,Ministerio_Publico,oral,CANDIDATE_WINDOW_PHASE_DATES_TO_VERIFY,1,2,7,0,LINKS_LOCATED_CONTENT_REVIEW_SEPARATE,Classificação de links é triagem; convocação/resultado/programa não equivale a pergunta oral ou espelho.
CEB_MPE_AC_22_PROMOTOR,Ministerio_Publico,objetiva,CANDIDATE_WINDOW_PHASE_DATES_TO_VERIFY,1,0,1,0,LINKS_LOCATED_CONTENT_REVIEW_SEPARATE,Classificação de links é triagem; convocação/resultado/programa não equivale a pergunta oral ou espelho.
CEB_MPE_AC_22_PROMOTOR,Ministerio_Publico,discursiva,CANDIDATE_WINDOW_PHASE_DATES_TO_VERIFY,2,2,4,0,LINKS_LOCATED_CONTENT_REVIEW_SEPARATE,Classificação de links é triagem; convocação/resultado/programa não equivale a pergunta oral ou espelho.
CEB_MPE_AC_22_PROMOTOR,Ministerio_Publico,oral,CANDIDATE_WINDOW_PHASE_DATES_TO_VERIFY,2,3,6,0,LINKS_LOCATED_CONTENT_REVIEW_SEPARATE,Classificação de links é triagem; convocação/resultado/programa não equivale a pergunta oral ou espelho.
CEB_MPSC_23_PROMOTOR,Ministerio_Publico,objetiva,CANDIDATE_WINDOW_PHASE_DATES_TO_VERIFY,2,1,1,0,LINKS_LOCATED_CONTENT_REVIEW_SEPARATE,Classificação de links é triagem; convocação/resultado/programa não equivale a pergunta oral ou espelho.
CEB_MPSC_23_PROMOTOR,Ministerio_Publico,discursiva,CANDIDATE_WINDOW_PHASE_DATES_TO_VERIFY,0,0,1,0,LINKS_LOCATED_CONTENT_REVIEW_SEPARATE,Classificação de links é triagem; convocação/resultado/programa não equivale a pergunta oral ou espelho.
CEB_MPSC_23_PROMOTOR,Ministerio_Publico,oral,CANDIDATE_WINDOW_PHASE_DATES_TO_VERIFY,0,0,0,0,NOT_PROVEN_ABSENT,Classificação de links é triagem; convocação/resultado/programa não equivale a pergunta oral ou espelho.
CEB_PC_AL_22_DELEGADO,Delegado,objetiva,CANDIDATE_WINDOW_PHASE_DATES_TO_VERIFY,2,0,1,0,LINKS_LOCATED_CONTENT_REVIEW_SEPARATE,Classificação de links é triagem; convocação/resultado/programa não equivale a pergunta oral ou espelho.
CEB_PC_AL_22_DELEGADO,Delegado,discursiva,CANDIDATE_WINDOW_PHASE_DATES_TO_VERIFY,1,1,8,0,LINKS_LOCATED_CONTENT_REVIEW_SEPARATE,Classificação de links é triagem; convocação/resultado/programa não equivale a pergunta oral ou espelho.
CEB_PC_AL_22_DELEGADO,Delegado,oral,CANDIDATE_WINDOW_PHASE_DATES_TO_VERIFY,0,0,0,0,NOT_PROVEN_ABSENT,Classificação de links é triagem; convocação/resultado/programa não equivale a pergunta oral ou espelho.
CEB_PF_25_ADM,Delegado,objetiva,EXCLUDED_OR_DEDUP_PARENT,17,0,0,0,LINKS_LOCATED_CONTENT_REVIEW_SEPARATE,Classificação de links é triagem; convocação/resultado/programa não equivale a pergunta oral ou espelho.
CEB_PF_25_ADM,Delegado,discursiva,EXCLUDED_OR_DEDUP_PARENT,15,15,6,0,LINKS_LOCATED_CONTENT_REVIEW_SEPARATE,Classificação de links é triagem; convocação/resultado/programa não equivale a pergunta oral ou espelho.
CEB_PF_25_ADM,Delegado,oral,EXCLUDED_OR_DEDUP_PARENT,0,0,0,0,NOT_PROVEN_ABSENT,Classificação de links é triagem; convocação/resultado/programa não equivale a pergunta oral ou espelho.
CEB_PG_DF_22_PROCURADOR,Advocacia_Publica,objetiva,CANDIDATE_WINDOW_PHASE_DATES_TO_VERIFY,1,1,1,0,LINKS_LOCATED_CONTENT_REVIEW_SEPARATE,Classificação de links é triagem; convocação/resultado/programa não equivale a pergunta oral ou espelho.
CEB_PG_DF_22_PROCURADOR,Advocacia_Publica,discursiva,CANDIDATE_WINDOW_PHASE_DATES_TO_VERIFY,3,3,2,0,LINKS_LOCATED_CONTENT_REVIEW_SEPARATE,Classificação de links é triagem; convocação/resultado/programa não equivale a pergunta oral ou espelho.
CEB_PG_DF_22_PROCURADOR,Advocacia_Publica,oral,CANDIDATE_WINDOW_PHASE_DATES_TO_VERIFY,6,0,8,0,LINKS_LOCATED_CONTENT_REVIEW_SEPARATE,Classificação de links é triagem; convocação/resultado/programa não equivale a pergunta oral ou espelho.
CEB_PGE_ES_22_PROCURADOR,Advocacia_Publica,objetiva,CANDIDATE_WINDOW_PHASE_DATES_TO_VERIFY,1,0,0,0,LINKS_LOCATED_CONTENT_REVIEW_SEPARATE,Classificação de links é triagem; convocação/resultado/programa não equivale a pergunta oral ou espelho.
CEB_PGE_ES_22_PROCURADOR,Advocacia_Publica,discursiva,CANDIDATE_WINDOW_PHASE_DATES_TO_VERIFY,1,1,3,0,LINKS_LOCATED_CONTENT_REVIEW_SEPARATE,Classificação de links é triagem; convocação/resultado/programa não equivale a pergunta oral ou espelho.
CEB_PGE_ES_22_PROCURADOR,Advocacia_Publica,oral,CANDIDATE_WINDOW_PHASE_DATES_TO_VERIFY,0,1,3,0,LINKS_LOCATED_CONTENT_REVIEW_SEPARATE,Classificação de links é triagem; convocação/resultado/programa não equivale a pergunta oral ou espelho.
CEB_PGE_ES_25_PROCURADOR,Advocacia_Publica,objetiva,CANDIDATE_WINDOW_PHASE_DATES_TO_VERIFY,1,1,2,0,LINKS_LOCATED_CONTENT_REVIEW_SEPARATE,Classificação de links é triagem; convocação/resultado/programa não equivale a pergunta oral ou espelho.
CEB_PGE_ES_25_PROCURADOR,Advocacia_Publica,discursiva,CANDIDATE_WINDOW_PHASE_DATES_TO_VERIFY,1,1,4,0,LINKS_LOCATED_CONTENT_REVIEW_SEPARATE,Classificação de links é triagem; convocação/resultado/programa não equivale a pergunta oral ou espelho.
CEB_PGE_ES_25_PROCURADOR,Advocacia_Publica,oral,CANDIDATE_WINDOW_PHASE_DATES_TO_VERIFY,2,0,6,0,LINKS_LOCATED_CONTENT_REVIEW_SEPARATE,Classificação de links é triagem; convocação/resultado/programa não equivale a pergunta oral ou espelho.
CEB_PGE_PI_25,Advocacia_Publica,objetiva,CANDIDATE_WINDOW_PHASE_DATES_TO_VERIFY,1,1,4,0,LINKS_LOCATED_CONTENT_REVIEW_SEPARATE,Classificação de links é triagem; convocação/resultado/programa não equivale a pergunta oral ou espelho.
CEB_PGE_PI_25,Advocacia_Publica,discursiva,CANDIDATE_WINDOW_PHASE_DATES_TO_VERIFY,0,0,0,0,NOT_PROVEN_ABSENT,Classificação de links é triagem; convocação/resultado/programa não equivale a pergunta oral ou espelho.
CEB_PGE_PI_25,Advocacia_Publica,oral,CANDIDATE_WINDOW_PHASE_DATES_TO_VERIFY,0,0,0,0,NOT_PROVEN_ABSENT,Classificação de links é triagem; convocação/resultado/programa não equivale a pergunta oral ou espelho.
CEB_PGE_PR_24_PROCURADOR,Advocacia_Publica,objetiva,CANDIDATE_WINDOW_PHASE_DATES_TO_VERIFY,1,1,0,0,LINKS_LOCATED_CONTENT_REVIEW_SEPARATE,Classificação de links é triagem; convocação/resultado/programa não equivale a pergunta oral ou espelho.
CEB_PGE_PR_24_PROCURADOR,Advocacia_Publica,discursiva,CANDIDATE_WINDOW_PHASE_DATES_TO_VERIFY,1,1,2,0,LINKS_LOCATED_CONTENT_REVIEW_SEPARATE,Classificação de links é triagem; convocação/resultado/programa não equivale a pergunta oral ou espelho.
CEB_PGE_PR_24_PROCURADOR,Advocacia_Publica,oral,CANDIDATE_WINDOW_PHASE_DATES_TO_VERIFY,2,0,4,0,LINKS_LOCATED_CONTENT_REVIEW_SEPARATE,Classificação de links é triagem; convocação/resultado/programa não equivale a pergunta oral ou espelho.
CEB_PGE_RJ_22,Advocacia_Publica,objetiva,CANDIDATE_WINDOW_PHASE_DATES_TO_VERIFY,6,0,2,0,LINKS_LOCATED_CONTENT_REVIEW_SEPARATE,Classificação de links é triagem; convocação/resultado/programa não equivale a pergunta oral ou espelho.
CEB_PGE_RJ_22,Advocacia_Publica,discursiva,CANDIDATE_WINDOW_PHASE_DATES_TO_VERIFY,0,0,0,0,NOT_PROVEN_ABSENT,Classificação de links é triagem; convocação/resultado/programa não equivale a pergunta oral ou espelho.
CEB_PGE_RJ_22,Advocacia_Publica,oral,CANDIDATE_WINDOW_PHASE_DATES_TO_VERIFY,0,0,0,0,NOT_PROVEN_ABSENT,Classificação de links é triagem; convocação/resultado/programa não equivale a pergunta oral ou espelho.
CEB_PGE_RN_23_PROCURADOR,Advocacia_Publica,objetiva,CANDIDATE_WINDOW_PHASE_DATES_TO_VERIFY,1,1,3,0,LINKS_LOCATED_CONTENT_REVIEW_SEPARATE,Classificação de links é triagem; convocação/resultado/programa não equivale a pergunta oral ou espelho.
CEB_PGE_RN_23_PROCURADOR,Advocacia_Publica,discursiva,CANDIDATE_WINDOW_PHASE_DATES_TO_VERIFY,0,0,0,0,NOT_PROVEN_ABSENT,Classificação de links é triagem; convocação/resultado/programa não equivale a pergunta oral ou espelho.
CEB_PGE_RN_23_PROCURADOR,Advocacia_Publica,oral,CANDIDATE_WINDOW_PHASE_DATES_TO_VERIFY,0,0,0,0,NOT_PROVEN_ABSENT,Classificação de links é triagem; convocação/resultado/programa não equivale a pergunta oral ou espelho.
CEB_PGE_SE_23_PROCURADOR,Advocacia_Publica,objetiva,CANDIDATE_WINDOW_PHASE_DATES_TO_VERIFY,1,0,1,0,LINKS_LOCATED_CONTENT_REVIEW_SEPARATE,Classificação de links é triagem; convocação/resultado/programa não equivale a pergunta oral ou espelho.
CEB_PGE_SE_23_PROCURADOR,Advocacia_Publica,discursiva,CANDIDATE_WINDOW_PHASE_DATES_TO_VERIFY,2,2,3,0,LINKS_LOCATED_CONTENT_REVIEW_SEPARATE,Classificação de links é triagem; convocação/resultado/programa não equivale a pergunta oral ou espelho.
CEB_PGE_SE_23_PROCURADOR,Advocacia_Publica,oral,CANDIDATE_WINDOW_PHASE_DATES_TO_VERIFY,0,0,0,0,NOT_PROVEN_ABSENT,Classificação de links é triagem; convocação/resultado/programa não equivale a pergunta oral ou espelho.
CEB_PGE_PA_22_PROCURADOR,Advocacia_Publica,objetiva,CANDIDATE_WINDOW_PHASE_DATES_TO_VERIFY,1,1,0,0,LINKS_LOCATED_CONTENT_REVIEW_SEPARATE,Classificação de links é triagem; convocação/resultado/programa não equivale a pergunta oral ou espelho.
CEB_PGE_PA_22_PROCURADOR,Advocacia_Publica,discursiva,CANDIDATE_WINDOW_PHASE_DATES_TO_VERIFY,4,5,7,0,LINKS_LOCATED_CONTENT_REVIEW_SEPARATE,Classificação de links é triagem; convocação/resultado/programa não equivale a pergunta oral ou espelho.
CEB_PGE_PA_22_PROCURADOR,Advocacia_Publica,oral,CANDIDATE_WINDOW_PHASE_DATES_TO_VERIFY,0,0,0,0,NOT_PROVEN_ABSENT,Classificação de links é triagem; convocação/resultado/programa não equivale a pergunta oral ou espelho.
CEB_PGE_PA_23_PROCURADOR,Advocacia_Publica,objetiva,CANDIDATE_WINDOW_PHASE_DATES_TO_VERIFY,1,1,0,0,LINKS_LOCATED_CONTENT_REVIEW_SEPARATE,Classificação de links é triagem; convocação/resultado/programa não equivale a pergunta oral ou espelho.
CEB_PGE_PA_23_PROCURADOR,Advocacia_Publica,discursiva,CANDIDATE_WINDOW_PHASE_DATES_TO_VERIFY,4,4,6,0,LINKS_LOCATED_CONTENT_REVIEW_SEPARATE,Classificação de links é triagem; convocação/resultado/programa não equivale a pergunta oral ou espelho.
CEB_PGE_PA_23_PROCURADOR,Advocacia_Publica,oral,CANDIDATE_WINDOW_PHASE_DATES_TO_VERIFY,0,0,0,0,NOT_PROVEN_ABSENT,Classificação de links é triagem; convocação/resultado/programa não equivale a pergunta oral ou espelho.
CEB_PGE_RR_23_PROCURADOR,Advocacia_Publica,objetiva,CANDIDATE_WINDOW_PHASE_DATES_TO_VERIFY,1,1,1,0,LINKS_LOCATED_CONTENT_REVIEW_SEPARATE,Classificação de links é triagem; convocação/resultado/programa não equivale a pergunta oral ou espelho.
CEB_PGE_RR_23_PROCURADOR,Advocacia_Publica,discursiva,CANDIDATE_WINDOW_PHASE_DATES_TO_VERIFY,1,1,3,0,LINKS_LOCATED_CONTENT_REVIEW_SEPARATE,Classificação de links é triagem; convocação/resultado/programa não equivale a pergunta oral ou espelho.
CEB_PGE_RR_23_PROCURADOR,Advocacia_Publica,oral,CANDIDATE_WINDOW_PHASE_DATES_TO_VERIFY,0,0,0,0,NOT_PROVEN_ABSENT,Classificação de links é triagem; convocação/resultado/programa não equivale a pergunta oral ou espelho.
CEB_PGM_ARACAJU_24_PROCURADOR,Advocacia_Publica,objetiva,CANDIDATE_WINDOW_PHASE_DATES_TO_VERIFY,1,1,1,0,LINKS_LOCATED_CONTENT_REVIEW_SEPARATE,Classificação de links é triagem; convocação/resultado/programa não equivale a pergunta oral ou espelho.
CEB_PGM_ARACAJU_24_PROCURADOR,Advocacia_Publica,discursiva,CANDIDATE_WINDOW_PHASE_DATES_TO_VERIFY,2,3,3,0,LINKS_LOCATED_CONTENT_REVIEW_SEPARATE,Classificação de links é triagem; convocação/resultado/programa não equivale a pergunta oral ou espelho.
CEB_PGM_ARACAJU_24_PROCURADOR,Advocacia_Publica,oral,CANDIDATE_WINDOW_PHASE_DATES_TO_VERIFY,0,0,0,0,NOT_PROVEN_ABSENT,Classificação de links é triagem; convocação/resultado/programa não equivale a pergunta oral ou espelho.
CEB_PGM_RECIFE_22_PROCURADOR,Advocacia_Publica,objetiva,CANDIDATE_WINDOW_PHASE_DATES_TO_VERIFY,1,0,1,0,LINKS_LOCATED_CONTENT_REVIEW_SEPARATE,Classificação de links é triagem; convocação/resultado/programa não equivale a pergunta oral ou espelho.
CEB_PGM_RECIFE_22_PROCURADOR,Advocacia_Publica,discursiva,CANDIDATE_WINDOW_PHASE_DATES_TO_VERIFY,2,2,3,0,LINKS_LOCATED_CONTENT_REVIEW_SEPARATE,Classificação de links é triagem; convocação/resultado/programa não equivale a pergunta oral ou espelho.
CEB_PGM_RECIFE_22_PROCURADOR,Advocacia_Publica,oral,CANDIDATE_WINDOW_PHASE_DATES_TO_VERIFY,0,0,0,0,NOT_PROVEN_ABSENT,Classificação de links é triagem; convocação/resultado/programa não equivale a pergunta oral ou espelho.
CEB_PGM_SP_23_PROCURADOR,Advocacia_Publica,objetiva,CANDIDATE_WINDOW_PHASE_DATES_TO_VERIFY,1,1,2,0,LINKS_LOCATED_CONTENT_REVIEW_SEPARATE,Classificação de links é triagem; convocação/resultado/programa não equivale a pergunta oral ou espelho.
CEB_PGM_SP_23_PROCURADOR,Advocacia_Publica,discursiva,CANDIDATE_WINDOW_PHASE_DATES_TO_VERIFY,2,2,4,0,LINKS_LOCATED_CONTENT_REVIEW_SEPARATE,Classificação de links é triagem; convocação/resultado/programa não equivale a pergunta oral ou espelho.
CEB_PGM_SP_23_PROCURADOR,Advocacia_Publica,oral,CANDIDATE_WINDOW_PHASE_DATES_TO_VERIFY,0,0,0,0,NOT_PROVEN_ABSENT,Classificação de links é triagem; convocação/resultado/programa não equivale a pergunta oral ou espelho.
CEB_PGM_RN_23_PROCURADOR,Advocacia_Publica,objetiva,CANDIDATE_WINDOW_PHASE_DATES_TO_VERIFY,1,1,0,0,LINKS_LOCATED_CONTENT_REVIEW_SEPARATE,Classificação de links é triagem; convocação/resultado/programa não equivale a pergunta oral ou espelho.
CEB_PGM_RN_23_PROCURADOR,Advocacia_Publica,discursiva,CANDIDATE_WINDOW_PHASE_DATES_TO_VERIFY,1,1,3,0,LINKS_LOCATED_CONTENT_REVIEW_SEPARATE,Classificação de links é triagem; convocação/resultado/programa não equivale a pergunta oral ou espelho.
CEB_PGM_RN_23_PROCURADOR,Advocacia_Publica,oral,CANDIDATE_WINDOW_PHASE_DATES_TO_VERIFY,0,0,0,0,NOT_PROVEN_ABSENT,Classificação de links é triagem; convocação/resultado/programa não equivale a pergunta oral ou espelho.
CEB_PGM_CUIABA_24_PROCURADOR,Advocacia_Publica,objetiva,CANDIDATE_WINDOW_PHASE_DATES_TO_VERIFY,1,0,1,0,LINKS_LOCATED_CONTENT_REVIEW_SEPARATE,Classificação de links é triagem; convocação/resultado/programa não equivale a pergunta oral ou espelho.
CEB_PGM_CUIABA_24_PROCURADOR,Advocacia_Publica,discursiva,CANDIDATE_WINDOW_PHASE_DATES_TO_VERIFY,1,1,4,0,LINKS_LOCATED_CONTENT_REVIEW_SEPARATE,Classificação de links é triagem; convocação/resultado/programa não equivale a pergunta oral ou espelho.
CEB_PGM_CUIABA_24_PROCURADOR,Advocacia_Publica,oral,CANDIDATE_WINDOW_PHASE_DATES_TO_VERIFY,2,0,3,0,LINKS_LOCATED_CONTENT_REVIEW_SEPARATE,Classificação de links é triagem; convocação/resultado/programa não equivale a pergunta oral ou espelho.
CEB_PREF_CACHOEIRO_24_PROCURADOR,Advocacia_Publica,objetiva,CANDIDATE_WINDOW_PHASE_DATES_TO_VERIFY,2,0,0,0,LINKS_LOCATED_CONTENT_REVIEW_SEPARATE,Classificação de links é triagem; convocação/resultado/programa não equivale a pergunta oral ou espelho.
CEB_PREF_CACHOEIRO_24_PROCURADOR,Advocacia_Publica,discursiva,CANDIDATE_WINDOW_PHASE_DATES_TO_VERIFY,1,1,3,0,LINKS_LOCATED_CONTENT_REVIEW_SEPARATE,Classificação de links é triagem; convocação/resultado/programa não equivale a pergunta oral ou espelho.
CEB_PREF_CACHOEIRO_24_PROCURADOR,Advocacia_Publica,oral,CANDIDATE_WINDOW_PHASE_DATES_TO_VERIFY,0,0,0,0,NOT_PROVEN_ABSENT,Classificação de links é triagem; convocação/resultado/programa não equivale a pergunta oral ou espelho.
CEB_TC_DF_24_PROCURADOR,Other_High_Legal,objetiva,CANDIDATE_WINDOW_PHASE_DATES_TO_VERIFY,0,2,3,0,LINKS_LOCATED_CONTENT_REVIEW_SEPARATE,Classificação de links é triagem; convocação/resultado/programa não equivale a pergunta oral ou espelho.
CEB_TC_DF_24_PROCURADOR,Other_High_Legal,discursiva,CANDIDATE_WINDOW_PHASE_DATES_TO_VERIFY,2,2,5,0,LINKS_LOCATED_CONTENT_REVIEW_SEPARATE,Classificação de links é triagem; convocação/resultado/programa não equivale a pergunta oral ou espelho.
CEB_TC_DF_24_PROCURADOR,Other_High_Legal,oral,CANDIDATE_WINDOW_PHASE_DATES_TO_VERIFY,1,0,4,0,LINKS_LOCATED_CONTENT_REVIEW_SEPARATE,Classificação de links é triagem; convocação/resultado/programa não equivale a pergunta oral ou espelho.
CEB_TCE_MS_23_PROCURADOR,Other_High_Legal,objetiva,CANDIDATE_WINDOW_PHASE_DATES_TO_VERIFY,0,0,0,0,NOT_PROVEN_ABSENT,Classificação de links é triagem; convocação/resultado/programa não equivale a pergunta oral ou espelho.
CEB_TCE_MS_23_PROCURADOR,Other_High_Legal,discursiva,CANDIDATE_WINDOW_PHASE_DATES_TO_VERIFY,2,2,3,0,LINKS_LOCATED_CONTENT_REVIEW_SEPARATE,Classificação de links é triagem; convocação/resultado/programa não equivale a pergunta oral ou espelho.
CEB_TCE_MS_23_PROCURADOR,Other_High_Legal,oral,CANDIDATE_WINDOW_PHASE_DATES_TO_VERIFY,0,0,6,0,LINKS_LOCATED_CONTENT_REVIEW_SEPARATE,Classificação de links é triagem; convocação/resultado/programa não equivale a pergunta oral ou espelho.
CEB_TCE_RJ_22_PROCURADOR,Other_High_Legal,objetiva,CANDIDATE_WINDOW_PHASE_DATES_TO_VERIFY,1,0,2,0,LINKS_LOCATED_CONTENT_REVIEW_SEPARATE,Classificação de links é triagem; convocação/resultado/programa não equivale a pergunta oral ou espelho.
CEB_TCE_RJ_22_PROCURADOR,Other_High_Legal,discursiva,CANDIDATE_WINDOW_PHASE_DATES_TO_VERIFY,2,2,4,0,LINKS_LOCATED_CONTENT_REVIEW_SEPARATE,Classificação de links é triagem; convocação/resultado/programa não equivale a pergunta oral ou espelho.
CEB_TCE_RJ_22_PROCURADOR,Other_High_Legal,oral,CANDIDATE_WINDOW_PHASE_DATES_TO_VERIFY,0,4,0,0,LINKS_LOCATED_CONTENT_REVIEW_SEPARATE,Classificação de links é triagem; convocação/resultado/programa não equivale a pergunta oral ou espelho.
CEB_TJDFT_22_JUIZ,Magistratura,objetiva,CANDIDATE_WINDOW_PHASE_DATES_TO_VERIFY,1,4,1,0,LINKS_LOCATED_CONTENT_REVIEW_SEPARATE,Classificação de links é triagem; convocação/resultado/programa não equivale a pergunta oral ou espelho.
CEB_TJDFT_22_JUIZ,Magistratura,discursiva,CANDIDATE_WINDOW_PHASE_DATES_TO_VERIFY,0,5,15,0,LINKS_LOCATED_CONTENT_REVIEW_SEPARATE,Classificação de links é triagem; convocação/resultado/programa não equivale a pergunta oral ou espelho.
CEB_TJDFT_22_JUIZ,Magistratura,oral,CANDIDATE_WINDOW_PHASE_DATES_TO_VERIFY,0,0,4,0,LINKS_LOCATED_CONTENT_REVIEW_SEPARATE,Classificação de links é triagem; convocação/resultado/programa não equivale a pergunta oral ou espelho.
CEB_TJ_MA_22_JUIZ,Magistratura,objetiva,CANDIDATE_WINDOW_PHASE_DATES_TO_VERIFY,1,1,0,0,LINKS_LOCATED_CONTENT_REVIEW_SEPARATE,Classificação de links é triagem; convocação/resultado/programa não equivale a pergunta oral ou espelho.
CEB_TJ_MA_22_JUIZ,Magistratura,discursiva,CANDIDATE_WINDOW_PHASE_DATES_TO_VERIFY,3,5,13,0,LINKS_LOCATED_CONTENT_REVIEW_SEPARATE,Classificação de links é triagem; convocação/resultado/programa não equivale a pergunta oral ou espelho.
CEB_TJ_MA_22_JUIZ,Magistratura,oral,CANDIDATE_WINDOW_PHASE_DATES_TO_VERIFY,1,1,4,0,LINKS_LOCATED_CONTENT_REVIEW_SEPARATE,Classificação de links é triagem; convocação/resultado/programa não equivale a pergunta oral ou espelho.
FCC_dpeba125,Defensoria,objetiva,CANDIDATE_WINDOW_PHASE_DATES_TO_VERIFY,0,0,4,0,LINKS_LOCATED_CONTENT_REVIEW_SEPARATE,Classificação de links é triagem; convocação/resultado/programa não equivale a pergunta oral ou espelho.
FCC_dpeba125,Defensoria,discursiva,CANDIDATE_WINDOW_PHASE_DATES_TO_VERIFY,0,0,5,0,LINKS_LOCATED_CONTENT_REVIEW_SEPARATE,Classificação de links é triagem; convocação/resultado/programa não equivale a pergunta oral ou espelho.
FCC_dpeba125,Defensoria,oral,CANDIDATE_WINDOW_PHASE_DATES_TO_VERIFY,0,0,0,0,NOT_PROVEN_ABSENT,Classificação de links é triagem; convocação/resultado/programa não equivale a pergunta oral ou espelho.
FCC_dpesp222,Defensoria,objetiva,CANDIDATE_WINDOW_PHASE_DATES_TO_VERIFY,0,0,0,0,NOT_PROVEN_ABSENT,Classificação de links é triagem; convocação/resultado/programa não equivale a pergunta oral ou espelho.
FCC_dpesp222,Defensoria,discursiva,CANDIDATE_WINDOW_PHASE_DATES_TO_VERIFY,0,0,10,0,LINKS_LOCATED_CONTENT_REVIEW_SEPARATE,Classificação de links é triagem; convocação/resultado/programa não equivale a pergunta oral ou espelho.
FCC_dpesp222,Defensoria,oral,CANDIDATE_WINDOW_PHASE_DATES_TO_VERIFY,0,0,10,0,LINKS_LOCATED_CONTENT_REVIEW_SEPARATE,Classificação de links é triagem; convocação/resultado/programa não equivale a pergunta oral ou espelho.
FCC_dpeap122,Defensoria,objetiva,CANDIDATE_WINDOW_PHASE_DATES_TO_VERIFY,0,0,1,0,LINKS_LOCATED_CONTENT_REVIEW_SEPARATE,Classificação de links é triagem; convocação/resultado/programa não equivale a pergunta oral ou espelho.
FCC_dpeap122,Defensoria,discursiva,CANDIDATE_WINDOW_PHASE_DATES_TO_VERIFY,0,0,7,0,LINKS_LOCATED_CONTENT_REVIEW_SEPARATE,Classificação de links é triagem; convocação/resultado/programa não equivale a pergunta oral ou espelho.
FCC_dpeap122,Defensoria,oral,CANDIDATE_WINDOW_PHASE_DATES_TO_VERIFY,0,0,8,0,LINKS_LOCATED_CONTENT_REVIEW_SEPARATE,Classificação de links é triagem; convocação/resultado/programa não equivale a pergunta oral ou espelho.
FCC_dpeam224,Defensoria,objetiva,CANDIDATE_WINDOW_PHASE_DATES_TO_VERIFY,0,0,3,0,LINKS_LOCATED_CONTENT_REVIEW_SEPARATE,Classificação de links é triagem; convocação/resultado/programa não equivale a pergunta oral ou espelho.
FCC_dpeam224,Defensoria,discursiva,CANDIDATE_WINDOW_PHASE_DATES_TO_VERIFY,0,0,6,0,LINKS_LOCATED_CONTENT_REVIEW_SEPARATE,Classificação de links é triagem; convocação/resultado/programa não equivale a pergunta oral ou espelho.
FCC_dpeam224,Defensoria,oral,CANDIDATE_WINDOW_PHASE_DATES_TO_VERIFY,0,0,8,0,LINKS_LOCATED_CONTENT_REVIEW_SEPARATE,Classificação de links é triagem; convocação/resultado/programa não equivale a pergunta oral ou espelho.
FCC_pgego124,Advocacia_Publica,objetiva,CANDIDATE_WINDOW_PHASE_DATES_TO_VERIFY,0,0,0,0,NOT_PROVEN_ABSENT,Classificação de links é triagem; convocação/resultado/programa não equivale a pergunta oral ou espelho.
FCC_pgego124,Advocacia_Publica,discursiva,CANDIDATE_WINDOW_PHASE_DATES_TO_VERIFY,0,0,8,0,LINKS_LOCATED_CONTENT_REVIEW_SEPARATE,Classificação de links é triagem; convocação/resultado/programa não equivale a pergunta oral ou espelho.
FCC_pgego124,Advocacia_Publica,oral,CANDIDATE_WINDOW_PHASE_DATES_TO_VERIFY,0,0,6,0,LINKS_LOCATED_CONTENT_REVIEW_SEPARATE,Classificação de links é triagem; convocação/resultado/programa não equivale a pergunta oral ou espelho.
VUNESP_PCSP2301,Delegado,objetiva,CANDIDATE_WINDOW_PHASE_DATES_TO_VERIFY,0,0,0,0,NOT_PROVEN_ABSENT,Classificação de links é triagem; convocação/resultado/programa não equivale a pergunta oral ou espelho.
VUNESP_PCSP2301,Delegado,discursiva,CANDIDATE_WINDOW_PHASE_DATES_TO_VERIFY,0,0,0,0,NOT_PROVEN_ABSENT,Classificação de links é triagem; convocação/resultado/programa não equivale a pergunta oral ou espelho.
VUNESP_PCSP2301,Delegado,oral,CANDIDATE_WINDOW_PHASE_DATES_TO_VERIFY,0,0,0,0,NOT_PROVEN_ABSENT,Classificação de links é triagem; convocação/resultado/programa não equivale a pergunta oral ou espelho.
VUNESP_TJSP2402,Magistratura,objetiva,CANDIDATE_WINDOW_PHASE_DATES_TO_VERIFY,0,0,0,0,NOT_PROVEN_ABSENT,Classificação de links é triagem; convocação/resultado/programa não equivale a pergunta oral ou espelho.
VUNESP_TJSP2402,Magistratura,discursiva,CANDIDATE_WINDOW_PHASE_DATES_TO_VERIFY,0,0,0,0,NOT_PROVEN_ABSENT,Classificação de links é triagem; convocação/resultado/programa não equivale a pergunta oral ou espelho.
VUNESP_TJSP2402,Magistratura,oral,CANDIDATE_WINDOW_PHASE_DATES_TO_VERIFY,0,0,0,0,NOT_PROVEN_ABSENT,Classificação de links é triagem; convocação/resultado/programa não equivale a pergunta oral ou espelho.
VUNESP_TJSP2502,Magistratura,objetiva,CANDIDATE_WINDOW_PHASE_DATES_TO_VERIFY,0,0,0,0,NOT_PROVEN_ABSENT,Classificação de links é triagem; convocação/resultado/programa não equivale a pergunta oral ou espelho.
VUNESP_TJSP2502,Magistratura,discursiva,CANDIDATE_WINDOW_PHASE_DATES_TO_VERIFY,0,0,0,0,NOT_PROVEN_ABSENT,Classificação de links é triagem; convocação/resultado/programa não equivale a pergunta oral ou espelho.
VUNESP_TJSP2502,Magistratura,oral,CANDIDATE_WINDOW_PHASE_DATES_TO_VERIFY,0,0,0,0,NOT_PROVEN_ABSENT,Classificação de links é triagem; convocação/resultado/programa não equivale a pergunta oral ou espelho.
CEB_PC_PE_23,Delegado,objetiva,CANDIDATE_WINDOW_PHASE_DATES_TO_VERIFY,0,6,1,0,LINKS_LOCATED_CONTENT_REVIEW_SEPARATE,Classificação de links é triagem; convocação/resultado/programa não equivale a pergunta oral ou espelho.
CEB_PC_PE_23,Delegado,discursiva,CANDIDATE_WINDOW_PHASE_DATES_TO_VERIFY,3,3,3,0,LINKS_LOCATED_CONTENT_REVIEW_SEPARATE,Classificação de links é triagem; convocação/resultado/programa não equivale a pergunta oral ou espelho.
CEB_PC_PE_23,Delegado,oral,CANDIDATE_WINDOW_PHASE_DATES_TO_VERIFY,4,0,3,0,LINKS_LOCATED_CONTENT_REVIEW_SEPARATE,Classificação de links é triagem; convocação/resultado/programa não equivale a pergunta oral ou espelho.
MPF_31,Ministerio_Publico,objetiva,CANDIDATE_WINDOW_PHASE_DATES_TO_VERIFY,0,0,0,0,NOT_PROVEN_ABSENT,Classificação de links é triagem; convocação/resultado/programa não equivale a pergunta oral ou espelho.
MPF_31,Ministerio_Publico,discursiva,CANDIDATE_WINDOW_PHASE_DATES_TO_VERIFY,0,0,0,0,NOT_PROVEN_ABSENT,Classificação de links é triagem; convocação/resultado/programa não equivale a pergunta oral ou espelho.
MPF_31,Ministerio_Publico,oral,CANDIDATE_WINDOW_PHASE_DATES_TO_VERIFY,0,0,0,0,LINKS_LOCATED_CONTENT_REVIEW_SEPARATE,Classificação de links é triagem; convocação/resultado/programa não equivale a pergunta oral ou espelho.
MPF_30,Ministerio_Publico,objetiva,CANDIDATE_WINDOW_PHASE_DATES_TO_VERIFY,0,0,0,0,NOT_PROVEN_ABSENT,Classificação de links é triagem; convocação/resultado/programa não equivale a pergunta oral ou espelho.
MPF_30,Ministerio_Publico,discursiva,CANDIDATE_WINDOW_PHASE_DATES_TO_VERIFY,0,0,0,0,NOT_PROVEN_ABSENT,Classificação de links é triagem; convocação/resultado/programa não equivale a pergunta oral ou espelho.
MPF_30,Ministerio_Publico,oral,CANDIDATE_WINDOW_PHASE_DATES_TO_VERIFY,0,0,0,0,LINKS_LOCATED_CONTENT_REVIEW_SEPARATE,Classificação de links é triagem; convocação/resultado/programa não equivale a pergunta oral ou espelho.
MPM_INDEX,Ministerio_Publico,objetiva,CANDIDATE_WINDOW_PHASE_DATES_TO_VERIFY,0,0,0,0,NOT_PROVEN_ABSENT,Classificação de links é triagem; convocação/resultado/programa não equivale a pergunta oral ou espelho.
MPM_INDEX,Ministerio_Publico,discursiva,CANDIDATE_WINDOW_PHASE_DATES_TO_VERIFY,0,0,0,0,NOT_PROVEN_ABSENT,Classificação de links é triagem; convocação/resultado/programa não equivale a pergunta oral ou espelho.
MPM_INDEX,Ministerio_Publico,oral,CANDIDATE_WINDOW_PHASE_DATES_TO_VERIFY,0,0,0,0,NOT_PROVEN_ABSENT,Classificação de links é triagem; convocação/resultado/programa não equivale a pergunta oral ou espelho.
MPT_INDEX,Ministerio_Publico,objetiva,CANDIDATE_WINDOW_PHASE_DATES_TO_VERIFY,0,0,0,0,NOT_PROVEN_ABSENT,Classificação de links é triagem; convocação/resultado/programa não equivale a pergunta oral ou espelho.
MPT_INDEX,Ministerio_Publico,discursiva,CANDIDATE_WINDOW_PHASE_DATES_TO_VERIFY,0,0,0,0,NOT_PROVEN_ABSENT,Classificação de links é triagem; convocação/resultado/programa não equivale a pergunta oral ou espelho.
MPT_INDEX,Ministerio_Publico,oral,CANDIDATE_WINDOW_PHASE_DATES_TO_VERIFY,0,0,0,0,NOT_PROVEN_ABSENT,Classificação de links é triagem; convocação/resultado/programa não equivale a pergunta oral ou espelho.
MPSC_2026,Ministerio_Publico,objetiva,CANDIDATE_WINDOW_PHASE_DATES_TO_VERIFY,0,1,1,1,LINKS_LOCATED_CONTENT_REVIEW_SEPARATE,Classificação de links é triagem; convocação/resultado/programa não equivale a pergunta oral ou espelho.
MPSC_2026,Ministerio_Publico,discursiva,CANDIDATE_WINDOW_PHASE_DATES_TO_VERIFY,0,1,5,1,LINKS_LOCATED_CONTENT_REVIEW_SEPARATE,Classificação de links é triagem; convocação/resultado/programa não equivale a pergunta oral ou espelho.
MPSC_2026,Ministerio_Publico,oral,CANDIDATE_WINDOW_PHASE_DATES_TO_VERIFY,0,0,7,0,LINKS_LOCATED_CONTENT_REVIEW_SEPARATE,Classificação de links é triagem; convocação/resultado/programa não equivale a pergunta oral ou espelho.
MPMS_2026,Ministerio_Publico,objetiva,CANDIDATE_WINDOW_PHASE_DATES_TO_VERIFY,0,2,6,2,LINKS_LOCATED_CONTENT_REVIEW_SEPARATE,Classificação de links é triagem; convocação/resultado/programa não equivale a pergunta oral ou espelho.
MPMS_2026,Ministerio_Publico,discursiva,CANDIDATE_WINDOW_PHASE_DATES_TO_VERIFY,0,0,4,0,LINKS_LOCATED_CONTENT_REVIEW_SEPARATE,Classificação de links é triagem; convocação/resultado/programa não equivale a pergunta oral ou espelho.
MPMS_2026,Ministerio_Publico,oral,CANDIDATE_WINDOW_PHASE_DATES_TO_VERIFY,0,0,0,0,NOT_PROVEN_ABSENT,Classificação de links é triagem; convocação/resultado/programa não equivale a pergunta oral ou espelho.
DPEMA_INDEX,Defensoria,objetiva,CANDIDATE_WINDOW_PHASE_DATES_TO_VERIFY,0,0,0,0,NOT_PROVEN_ABSENT,Classificação de links é triagem; convocação/resultado/programa não equivale a pergunta oral ou espelho.
DPEMA_INDEX,Defensoria,discursiva,CANDIDATE_WINDOW_PHASE_DATES_TO_VERIFY,0,0,0,0,NOT_PROVEN_ABSENT,Classificação de links é triagem; convocação/resultado/programa não equivale a pergunta oral ou espelho.
DPEMA_INDEX,Defensoria,oral,CANDIDATE_WINDOW_PHASE_DATES_TO_VERIFY,0,0,1,0,LINKS_LOCATED_CONTENT_REVIEW_SEPARATE,Classificação de links é triagem; convocação/resultado/programa não equivale a pergunta oral ou espelho.
MPSP_2026,Ministerio_Publico,objetiva,CANDIDATE_WINDOW_PHASE_DATES_TO_VERIFY,0,0,0,0,NOT_PROVEN_ABSENT,Classificação de links é triagem; convocação/resultado/programa não equivale a pergunta oral ou espelho.
MPSP_2026,Ministerio_Publico,discursiva,CANDIDATE_WINDOW_PHASE_DATES_TO_VERIFY,0,0,0,0,NOT_PROVEN_ABSENT,Classificação de links é triagem; convocação/resultado/programa não equivale a pergunta oral ou espelho.
MPSP_2026,Ministerio_Publico,oral,CANDIDATE_WINDOW_PHASE_DATES_TO_VERIFY,0,0,0,0,NOT_PROVEN_ABSENT,Classificação de links é triagem; convocação/resultado/programa não equivale a pergunta oral ou espelho.
DPESC_2026,Defensoria,objetiva,CANDIDATE_WINDOW_PHASE_DATES_TO_VERIFY,0,0,0,0,NOT_PROVEN_ABSENT,Classificação de links é triagem; convocação/resultado/programa não equivale a pergunta oral ou espelho.
DPESC_2026,Defensoria,discursiva,CANDIDATE_WINDOW_PHASE_DATES_TO_VERIFY,0,0,0,0,NOT_PROVEN_ABSENT,Classificação de links é triagem; convocação/resultado/programa não equivale a pergunta oral ou espelho.
DPESC_2026,Defensoria,oral,CANDIDATE_WINDOW_PHASE_DATES_TO_VERIFY,0,0,0,0,NOT_PROVEN_ABSENT,Classificação de links é triagem; convocação/resultado/programa não equivale a pergunta oral ou espelho.
