question_id,exam_id,career,bank,application_date,phase,form,question_number,source_id,key_source_id,official_answer,key_status,knowledge_atoms,relevance,evidence_type,source_confidence,legal_state_at_exam,reviewed_as_of,expert_disagreement,legal_verification,defect_status,note,review_status
MPRJ_2026_Q23,FGV_PAGE_011,Ministerio_Publico,FGV,2026-05-31,objetiva,tipo1,23,FGV_PAGE_011_DOC_71,FGV_PAGE_011_DOC_70;FGV_PAGE_011_DOC_67,D,DEFINITIVE,legal_good.consent;typicity.material;culpability.prohibition_error,BRIDGE,REAL_ITEM,OFFICIAL_DOCUMENT,2026-05-31,2026-10-01,NOT_SEARCHED_SYSTEMATICALLY,BANK_POSITION_ONLY_UNLESS_ASSERTION_SAYS_OTHERWISE,LEGACY_SIGNAL_INVERTED_CORRECTED_EXPLICITLY,Gabarito preliminar mantido após recursos por aviso oficial. Q23 corrige o SIGNAL legado; não presumir que consentimento afaste todo descumprimento em qualquer contexto.,NEW_REVIEWED_DECOMPOSITION
MPRJ_2026_Q24,FGV_PAGE_011,Ministerio_Publico,FGV,2026-05-31,objetiva,tipo1,24,FGV_PAGE_011_DOC_71,FGV_PAGE_011_DOC_70;FGV_PAGE_011_DOC_67,C,DEFINITIVE,legal_good.danger_abstract;typicity.formal_material,BRIDGE,REAL_ITEM,OFFICIAL_DOCUMENT,2026-05-31,2026-10-01,NOT_SEARCHED_SYSTEMATICALLY,BANK_POSITION_ONLY_UNLESS_ASSERTION_SAYS_OTHERWISE,NO_DEFECT_ESTABLISHED,Gabarito preliminar mantido após recursos por aviso oficial. Q23 corrige o SIGNAL legado; não presumir que consentimento afaste todo descumprimento em qualquer contexto.,NEW_REVIEWED_DECOMPOSITION
MPRJ_2026_Q25,FGV_PAGE_011,Ministerio_Publico,FGV,2026-05-31,objetiva,tipo1,25,FGV_PAGE_011_DOC_71,FGV_PAGE_011_DOC_70;FGV_PAGE_011_DOC_67,B,DEFINITIVE,legal_good.danger_abstract;insignificance.context,BRIDGE,REAL_ITEM,OFFICIAL_DOCUMENT,2026-05-31,2026-10-01,NOT_SEARCHED_SYSTEMATICALLY,BANK_POSITION_ONLY_UNLESS_ASSERTION_SAYS_OTHERWISE,NO_DEFECT_ESTABLISHED,Gabarito preliminar mantido após recursos por aviso oficial. Q23 corrige o SIGNAL legado; não presumir que consentimento afaste todo descumprimento em qualquer contexto.,NEW_REVIEWED_DECOMPOSITION
MPRJ_2026_Q20,FGV_PAGE_011,Ministerio_Publico,FGV,2026-05-31,objetiva,tipo1,20,FGV_PAGE_011_DOC_71,FGV_PAGE_011_DOC_70;FGV_PAGE_011_DOC_67,E,DEFINITIVE,legality.analogy;legal_good.danger_abstract;typicity.dolo,BRIDGE,REAL_ITEM,OFFICIAL_DOCUMENT,2026-05-31,2026-10-01,NOT_SEARCHED_SYSTEMATICALLY,BANK_POSITION_ONLY_UNLESS_ASSERTION_SAYS_OTHERWISE,NO_DEFECT_ESTABLISHED,,NEW_REVIEWED_DECOMPOSITION
MPRJ_2026_Q21,FGV_PAGE_011,Ministerio_Publico,FGV,2026-05-31,objetiva,tipo1,21,FGV_PAGE_011_DOC_71,FGV_PAGE_011_DOC_70;FGV_PAGE_011_DOC_67,E,DEFINITIVE,law.beneficial_retroactivity;legality.strict,BRIDGE,REAL_ITEM,OFFICIAL_DOCUMENT,2026-05-31,2026-10-01,NOT_SEARCHED_SYSTEMATICALLY,BANK_POSITION_ONLY_UNLESS_ASSERTION_SAYS_OTHERWISE,NO_DEFECT_ESTABLISHED,,NEW_REVIEWED_DECOMPOSITION
MPRJ_2026_Q22,FGV_PAGE_011,Ministerio_Publico,FGV,2026-05-31,objetiva,tipo1,22,FGV_PAGE_011_DOC_71,FGV_PAGE_011_DOC_70;FGV_PAGE_011_DOC_67,D,DEFINITIVE,law.beneficial_retroactivity;legality.analogy,BRIDGE,REAL_ITEM,OFFICIAL_DOCUMENT,2026-05-31,2026-10-01,NOT_SEARCHED_SYSTEMATICALLY,BANK_POSITION_ONLY_UNLESS_ASSERTION_SAYS_OTHERWISE,NO_DEFECT_ESTABLISHED,,NEW_REVIEWED_DECOMPOSITION
FGV_DPERJ_2026_Q56,FGV_PAGE_005,Defensoria,FGV,2026-08-30,objetiva,tipo1,56,FGV_PAGE_005_DOC_27,FGV_PAGE_005_DOC_23,B,DEFINITIVE,criminology.necropolitics,DIRECT,REAL_ITEM,OFFICIAL_DOCUMENT,2026-08-30,2026-10-01,NOT_SEARCHED_SYSTEMATICALLY,BANK_POSITION_ONLY_UNLESS_ASSERTION_SAYS_OTHERWISE,NO_DEFECT_ESTABLISHED,,NEW_REVIEWED_DECOMPOSITION
FGV_DPERJ_2026_Q57,FGV_PAGE_005,Defensoria,FGV,2026-08-30,objetiva,tipo1,57,FGV_PAGE_005_DOC_27,FGV_PAGE_005_DOC_23,"E = V,V,F",DEFINITIVE,criminology.punitive_populism;criminology.consensus;criminology.ecology,DIRECT,REAL_ITEM,OFFICIAL_DOCUMENT,2026-08-30,2026-10-01,NOT_SEARCHED_SYSTEMATICALLY,BANK_POSITION_ONLY_UNLESS_ASSERTION_SAYS_OTHERWISE,NO_DEFECT_ESTABLISHED,,NEW_REVIEWED_DECOMPOSITION
FGV_DPERJ_2026_Q58,FGV_PAGE_005,Defensoria,FGV,2026-08-30,objetiva,tipo1,58,FGV_PAGE_005_DOC_27,FGV_PAGE_005_DOC_23,C,DEFINITIVE,criminology.labeling,DIRECT,REAL_ITEM,OFFICIAL_DOCUMENT,2026-08-30,2026-10-01,NOT_SEARCHED_SYSTEMATICALLY,BANK_POSITION_ONLY_UNLESS_ASSERTION_SAYS_OTHERWISE,NO_DEFECT_ESTABLISHED,,NEW_REVIEWED_DECOMPOSITION
FGV_TJPE_2026_Q41,FGV_PAGE_006,Magistratura,FGV,,objetiva,tipo1,41,FGV_PAGE_006_DOC_18,FGV_PAGE_006_DOC_17,A,PRELIMINARY,legality.strict;legality.analogy;classification.heinous,BRIDGE,REAL_ITEM,OFFICIAL_DOCUMENT,APPLICATION_DATE_UNRESOLVED,2026-10-01,NOT_SEARCHED_SYSTEMATICALLY,BANK_POSITION_ONLY_UNLESS_ASSERTION_SAYS_OTHERWISE,NO_DEFECT_ESTABLISHED,Prova publicada em 29/09/2026; data de aplicação não inferida da publicação. Supera o falso sinal negativo legado.,NEW_REVIEWED_DECOMPOSITION
FGV_TJPE_2026_Q48,FGV_PAGE_006,Magistratura,FGV,,objetiva,tipo1,48,FGV_PAGE_006_DOC_18,FGV_PAGE_006_DOC_17,B,PRELIMINARY,decriminalization.abolitio;law.continuity,BRIDGE,REAL_ITEM,OFFICIAL_DOCUMENT,APPLICATION_DATE_UNRESOLVED,2026-10-01,NOT_SEARCHED_SYSTEMATICALLY,BANK_POSITION_ONLY_UNLESS_ASSERTION_SAYS_OTHERWISE,NO_DEFECT_ESTABLISHED,Publicação 29/09/2026; separar falta de formalidades de contratação fora de hipótese legal.,NEW_REVIEWED_DECOMPOSITION
CEBRASPE_PF_2025_Q52,CEB_PF_25,Delegado,CEBRASPE,2025-07-27,objetiva,106_PF_001_01,52,CEB_PF_25_DOC_43,CEB_PF_25_DOC_22,E,DEFINITIVE,legal_good.history;legal_good.methodological,DIRECT,REAL_ITEM,OFFICIAL_DOCUMENT,2025-07-27,2026-10-01,NOT_SEARCHED_SYSTEMATICALLY,BANK_POSITION_ONLY_UNLESS_ASSERTION_SAYS_OTHERWISE,NO_DEFECT_ESTABLISHED,,NEW_REVIEWED_DECOMPOSITION
CEBRASPE_PF_2025_Q53,CEB_PF_25,Delegado,CEBRASPE,2025-07-27,objetiva,106_PF_001_01,53,CEB_PF_25_DOC_43,CEB_PF_25_DOC_22,C,DEFINITIVE,legal_good.critical;legal_good.apparent_collective,DIRECT,REAL_ITEM,OFFICIAL_DOCUMENT,2025-07-27,2026-10-01,NOT_SEARCHED_SYSTEMATICALLY,BANK_POSITION_ONLY_UNLESS_ASSERTION_SAYS_OTHERWISE,NO_DEFECT_ESTABLISHED,,NEW_REVIEWED_DECOMPOSITION
CEBRASPE_PF_2025_Q54,CEB_PF_25,Delegado,CEBRASPE,2025-07-27,objetiva,106_PF_001_01,54,CEB_PF_25_DOC_43,CEB_PF_25_DOC_22,E,DEFINITIVE,legal_good.constitution;minimal_intervention,DIRECT,REAL_ITEM,OFFICIAL_DOCUMENT,2025-07-27,2026-10-01,NOT_SEARCHED_SYSTEMATICALLY,BANK_POSITION_ONLY_UNLESS_ASSERTION_SAYS_OTHERWISE,NO_DEFECT_ESTABLISHED,,NEW_REVIEWED_DECOMPOSITION
CEBRASPE_PF_2025_Q65,CEB_PF_25,Delegado,CEBRASPE,2025-07-27,objetiva,106_PF_001_01,65,CEB_PF_25_DOC_43,CEB_PF_25_DOC_22,C,DEFINITIVE,legal_good.offensiveness;typicity.material,BRIDGE,REAL_ITEM,OFFICIAL_DOCUMENT,2025-07-27,2026-10-01,NOT_SEARCHED_SYSTEMATICALLY,BANK_POSITION_ONLY_UNLESS_ASSERTION_SAYS_OTHERWISE,NO_DEFECT_ESTABLISHED,,NEW_REVIEWED_DECOMPOSITION
CEBRASPE_PF_2025_Q66,CEB_PF_25,Delegado,CEBRASPE,2025-07-27,objetiva,106_PF_001_01,66,CEB_PF_25_DOC_43,CEB_PF_25_DOC_22,E,DEFINITIVE,sanction.personality;corporate_liability,BRIDGE,REAL_ITEM,OFFICIAL_DOCUMENT,2025-07-27,2026-10-01,NOT_SEARCHED_SYSTEMATICALLY,BANK_POSITION_ONLY_UNLESS_ASSERTION_SAYS_OTHERWISE,NO_DEFECT_ESTABLISHED,,NEW_REVIEWED_DECOMPOSITION
CEBRASPE_PF_2025_Q67,CEB_PF_25,Delegado,CEBRASPE,2025-07-27,objetiva,106_PF_001_01,67,CEB_PF_25_DOC_43,CEB_PF_25_DOC_22,C,DEFINITIVE,legal_good.accumulation,DIRECT,REAL_ITEM,OFFICIAL_DOCUMENT,2025-07-27,2026-10-01,NOT_SEARCHED_SYSTEMATICALLY,BANK_POSITION_ONLY_UNLESS_ASSERTION_SAYS_OTHERWISE,NO_DEFECT_ESTABLISHED,,NEW_REVIEWED_DECOMPOSITION
CEBRASPE_PF_2025_Q97,CEB_PF_25,Delegado,CEBRASPE,2025-07-27,objetiva,106_PF_001_01,97,CEB_PF_25_DOC_43,CEB_PF_25_DOC_22,C,DEFINITIVE,criminology.broken_windows,DIRECT,REAL_ITEM,OFFICIAL_DOCUMENT,2025-07-27,2026-10-01,NOT_SEARCHED_SYSTEMATICALLY,BANK_POSITION_ONLY_UNLESS_ASSERTION_SAYS_OTHERWISE,NO_DEFECT_ESTABLISHED,,NEW_REVIEWED_DECOMPOSITION
CEBRASPE_PF_2025_Q98,CEB_PF_25,Delegado,CEBRASPE,2025-07-27,objetiva,106_PF_001_01,98,CEB_PF_25_DOC_43,CEB_PF_25_DOC_22,C,DEFINITIVE,criminology.white_collar,DIRECT,REAL_ITEM,OFFICIAL_DOCUMENT,2025-07-27,2026-10-01,NOT_SEARCHED_SYSTEMATICALLY,BANK_POSITION_ONLY_UNLESS_ASSERTION_SAYS_OTHERWISE,NO_DEFECT_ESTABLISHED,,NEW_REVIEWED_DECOMPOSITION
CEBRASPE_PF_2025_Q99,CEB_PF_25,Delegado,CEBRASPE,2025-07-27,objetiva,106_PF_001_01,99,CEB_PF_25_DOC_43,CEB_PF_25_DOC_22,E,DEFINITIVE,criminology.resocialization;criminology.restoration,DIRECT,REAL_ITEM,OFFICIAL_DOCUMENT,2025-07-27,2026-10-01,NOT_SEARCHED_SYSTEMATICALLY,BANK_POSITION_ONLY_UNLESS_ASSERTION_SAYS_OTHERWISE,NO_DEFECT_ESTABLISHED,,NEW_REVIEWED_DECOMPOSITION
CEBRASPE_PF_2025_Q100,CEB_PF_25,Delegado,CEBRASPE,2025-07-27,objetiva,106_PF_001_01,100,CEB_PF_25_DOC_43,CEB_PF_25_DOC_22,E,DEFINITIVE,criminology.restoration,DIRECT,REAL_ITEM,OFFICIAL_DOCUMENT,2025-07-27,2026-10-01,NOT_SEARCHED_SYSTEMATICALLY,BANK_POSITION_ONLY_UNLESS_ASSERTION_SAYS_OTHERWISE,NO_DEFECT_ESTABLISHED,,NEW_REVIEWED_DECOMPOSITION
CEBRASPE_PCDF_2026_Q74,CEB_PC_DF_26_DELEGADO,Delegado,CEBRASPE,2026-07-05,objetiva,MATRIZ_184_PC_DF_EDELEGADO_001_00,74,CEB_PC_DF_26_DELEGADO_DOC_3,CEB_PC_DF_26_DELEGADO_DOC_1,E,DEFINITIVE,minimal_intervention;subsidiarity.intervention;tax.crime_representation,BRIDGE,REAL_ITEM,OFFICIAL_DOCUMENT,2026-07-05,2026-10-01,NOT_SEARCHED_SYSTEMATICALLY,BANK_POSITION_ONLY_UNLESS_ASSERTION_SAYS_OTHERWISE,NO_DEFECT_ESTABLISHED,Justificativa pública invoca expressamente ultima ratio; não era ausência semântica.,NEW_REVIEWED_DECOMPOSITION
CEBRASPE_PCDF_2026_Q73,CEB_PC_DF_26_DELEGADO,Delegado,CEBRASPE,2026-07-05,objetiva,MATRIZ_184_PC_DF_EDELEGADO_001_00,73,CEB_PC_DF_26_DELEGADO_DOC_3,CEB_PC_DF_26_DELEGADO_DOC_1,E,DEFINITIVE,typicity.material;tax.launch,BRIDGE,REAL_ITEM,OFFICIAL_DOCUMENT,2026-07-05,2026-10-01,NOT_SEARCHED_SYSTEMATICALLY,BANK_POSITION_ONLY_UNLESS_ASSERTION_SAYS_OTHERWISE,NO_DEFECT_ESTABLISHED,,NEW_REVIEWED_DECOMPOSITION
MPMS_2026_Q14,MPMS_2026,Ministerio_Publico,MPMS/FAPEC,,objetiva,caderno_publicado,14,MPMS_2026_DOC_65,MPMS_2026_DOC_62,"B = I,III,IV,V",DEFINITIVE,penalty.retribution;penalty.general_prevention;penalty.positive_prevention,DIRECT,REAL_ITEM,OFFICIAL_DOCUMENT,APPLICATION_DATE_UNRESOLVED,2026-10-01,NOT_SEARCHED_SYSTEMATICALLY,BANK_POSITION_ONLY_UNLESS_ASSERTION_SAYS_OTHERWISE,NO_DEFECT_ESTABLISHED,Data da prova a confirmar em convocação; gabarito definitivo publicado 15/06/2026. Item 14 p.6 do caderno.,NEW_REVIEWED_DECOMPOSITION
MPMS_2026_Q15,MPMS_2026,Ministerio_Publico,MPMS/FAPEC,,objetiva,caderno_publicado,15,MPMS_2026_DOC_65,MPMS_2026_DOC_62,E,DEFINITIVE,law.beneficial_retroactivity;law.intermediate,BRIDGE,REAL_ITEM,OFFICIAL_DOCUMENT,APPLICATION_DATE_UNRESOLVED,2026-10-01,NOT_SEARCHED_SYSTEMATICALLY,BANK_POSITION_ONLY_UNLESS_ASSERTION_SAYS_OTHERWISE,NO_DEFECT_ESTABLISHED,,NEW_REVIEWED_DECOMPOSITION
MPMS_2026_Q19,MPMS_2026,Ministerio_Publico,MPMS/FAPEC,,objetiva,caderno_publicado,19,MPMS_2026_DOC_65,MPMS_2026_DOC_62,C,DEFINITIVE,conflict.consumption;conflict.progression;sanction.execution_limit,BRIDGE,REAL_ITEM,OFFICIAL_DOCUMENT,APPLICATION_DATE_UNRESOLVED,2026-10-01,NOT_SEARCHED_SYSTEMATICALLY,BANK_POSITION_ONLY_UNLESS_ASSERTION_SAYS_OTHERWISE,NO_DEFECT_ESTABLISHED,,NEW_REVIEWED_DECOMPOSITION
CEBRASPE_PF_2026_ORAL_Q3,CEB_PF_25,Delegado,CEBRASPE,2026-07-19,oral,sub_judice_D10_dPenal_B0700159_4473_221001A03,3,CEB_PF_25_DOC_0,CEB_PF_25_DOC_0,PADRAO_PUBLICO,PUBLISHED_STANDARD,conflict.speciality;legal_good.justice,BRIDGE,REAL_ITEM,OFFICIAL_DOCUMENT,2026-07-19,2026-10-01,NOT_SEARCHED_SYSTEMATICALLY,BANK_POSITION_ONLY_UNLESS_ASSERTION_SAYS_OTHERWISE,NO_DEFECT_ESTABLISHED,Ciclo edital2025; aplicação oral real sub judice2026. Não confundir ponto de programa com pergunta aplicada.,NEW_REVIEWED_DECOMPOSITION
MPPA_2023_DISC_SUBS,CEB_MP_PA_22_PROMOTOR,Ministerio_Publico,CEBRASPE,2023-04-15,discursiva,P2,3,CEB_MP_PA_22_PROMOTOR_DOC_8,CEB_MP_PA_22_PROMOTOR_DOC_5,PADRAO_DEFINITIVO,DEFINITIVE_STANDARD,conflict.speciality;subsidiarity.norms;conflict.consumption,BRIDGE,REAL_ITEM,OFFICIAL_DOCUMENT,2023-04-15,2026-10-01,NOT_SEARCHED_SYSTEMATICALLY,BANK_POSITION_ONLY_UNLESS_ASSERTION_SAYS_OTHERWISE,NO_DEFECT_ESTABLISHED,,NEW_REVIEWED_DECOMPOSITION
MPPA_2023_DISC_Q2,CEB_MP_PA_22_PROMOTOR,Ministerio_Publico,CEBRASPE,2023-04-15,discursiva,P2,2,CEB_MP_PA_22_PROMOTOR_DOC_8,CEB_MP_PA_22_PROMOTOR_DOC_5,PADRAO_DEFINITIVO_HISTORICO,DEFINITIVE_STANDARD,depenalization;decriminalization,BRIDGE,REAL_ITEM,OFFICIAL_DOCUMENT,2023-04-15,2026-10-01,NOT_SEARCHED_SYSTEMATICALLY,BANK_POSITION_ONLY_UNLESS_ASSERTION_SAYS_OTHERWISE,NO_DEFECT_ESTABLISHED,Espelho anterior ao Tema506/STF. Preservar 2023; a substância e o alcance temporal devem ser explicitados na atualização.,NEW_REVIEWED_DECOMPOSITION
MPRJ_2026_DISC_PENAL_Q6,FGV_PAGE_011,Ministerio_Publico,FGV,,discursiva,caderno001,6,FGV_PAGE_011_DOC_33,FGV_PAGE_011_DOC_26,PADRAO_PUBLICADO,PUBLISHED_STANDARD,legal_good.danger_abstract;legal_good.consumer;conflict.speciality;consummation.exhaustion,BRIDGE,REAL_ITEM,OFFICIAL_DOCUMENT,APPLICATION_DATE_UNRESOLVED,2026-10-01,NOT_SEARCHED_SYSTEMATICALLY,BANK_POSITION_ONLY_UNLESS_ASSERTION_SAYS_OTHERWISE,NO_DEFECT_ESTABLISHED,Data de aplicação pendente; publicação da prova não convertida em data. N1-N4 total50 pontos; N5 possível redução redacional.,NEW_REVIEWED_DECOMPOSITION
FGV_ALERJ_2026_Q48,FGV_PAGE_080,Advocacia_Publica,FGV,2026-02-08,objetiva,tipo1_tarde,48,FGV_PAGE_080_DOC_54,FGV_PAGE_080_DOC_49,A,DEFINITIVE,legal_good.danger_abstract;consummation.formal,BRIDGE,REAL_ITEM,OFFICIAL_DOCUMENT,2026-02-08,2026-10-01,NOT_SEARCHED_SYSTEMATICALLY,BANK_POSITION_ONLY_UNLESS_ASSERTION_SAYS_OTHERWISE,NO_DEFECT_ESTABLISHED,,NEW_REVIEWED_DECOMPOSITION
VUNESP_PCSP_2023_FUNC,,Delegado PC-SP,VUNESP,,objetiva,legacy_form_unresolved,UNRESOLVED,,,LEGACY_UNVERIFIED,DEFINITIVE,function.protect_legal_goods;function.vs_consequence;function.vs_other_branches;function.vs_constitutional_goal;function.vs_enforcement,DIRECT,REAL_ITEM,SECONDARY_PROVENANCE_PENDING,APPLICATION_DATE_UNRESOLVED,2026-10-01,NOT_SEARCHED_SYSTEMATICALLY,BANK_POSITION_ONLY_UNLESS_ASSERTION_SAYS_OTHERWISE,NO_DEFECT_ESTABLISHED,Paráfrases preservadas do legado com proveniência de migração; não contam como decomposição nova.,INHERITED_PARTIAL
FGV_PCSC_2024_TOTAL,,Delegado PC-SC,FGV,,objetiva,legacy_form_unresolved,UNRESOLVED,,,LEGACY_UNVERIFIED,DEFINITIVE,science.total.structure;dogmatics.normative;policy_criminal.role;criminology.empirical;criminology.vs_dogmatics,DIRECT,REAL_ITEM,SECONDARY_PROVENANCE_PENDING,APPLICATION_DATE_UNRESOLVED,2026-10-01,NOT_SEARCHED_SYSTEMATICALLY,BANK_POSITION_ONLY_UNLESS_ASSERTION_SAYS_OTHERWISE,NO_DEFECT_ESTABLISHED,Paráfrases preservadas do legado com proveniência de migração; não contam como decomposição nova.,INHERITED_PARTIAL
FUNDATEC_PCRS_2025_FUNCTIONS,,Delegado PC-RS,FUNDATEC,,objetiva,legacy_form_unresolved,UNRESOLVED,,,LEGACY_UNVERIFIED,DEFINITIVE,function.promotional;principle.fragmentarity;principle.subsidiarity_intervention;character.sanctioning,DIRECT,REAL_ITEM,SECONDARY_PROVENANCE_PENDING,APPLICATION_DATE_UNRESOLVED,2026-10-01,NOT_SEARCHED_SYSTEMATICALLY,BANK_POSITION_ONLY_UNLESS_ASSERTION_SAYS_OTHERWISE,NO_DEFECT_ESTABLISHED,Paráfrases preservadas do legado com proveniência de migração; não contam como decomposição nova.,INHERITED_PARTIAL
TJPR_2026_Q32,FGV_PAGE_071,Magistratura TJPR,FGV,,objetiva,tipo1,32,FGV_PAGE_071_DOC_63,FGV_PAGE_071_DOC_57,C,DEFINITIVE,principle.insignificance;principle.social_adequacy;principle.fragmentarity;principle.offensiveness,DIRECT,REAL_ITEM,LEGACY_ASSERTION_WITH_OFFICIAL_DOCS_ACQUIRED,APPLICATION_DATE_UNRESOLVED,2026-10-01,NOT_SEARCHED_SYSTEMATICALLY,BANK_POSITION_ONLY_UNLESS_ASSERTION_SAYS_OTHERWISE,NO_DEFECT_ESTABLISHED,Paráfrases preservadas do legado com proveniência de migração; não contam como decomposição nova.,INHERITED_PARTIAL
FGV_PCPI_2026_Q42,FGV_PAGE_068,Delegado PC-PI,FGV,,objetiva,tipo1,42,FGV_PAGE_068_EXTRA_70,FGV_PAGE_068_EXTRA_64,D,DEFINITIVE,principle.legality_vs_insignificance;principle.insignificance;principle.minimum_intervention;principle.fragmentarity,DIRECT,REAL_ITEM,LEGACY_ASSERTION_WITH_OFFICIAL_DOCS_ACQUIRED,APPLICATION_DATE_UNRESOLVED,2026-10-01,NOT_SEARCHED_SYSTEMATICALLY,BANK_POSITION_ONLY_UNLESS_ASSERTION_SAYS_OTHERWISE,NO_DEFECT_ESTABLISHED,Paráfrases preservadas do legado com proveniência de migração; não contam como decomposição nova.,INHERITED_PARTIAL
FGV_PCPI_2026_Q71,FGV_PAGE_068,Delegado PC-PI,FGV,,objetiva,tipo1,71,FGV_PAGE_068_EXTRA_70,FGV_PAGE_068_EXTRA_64,C (INCORRETA),DEFINITIVE,schools.classical.free_will;schools.classical.humanization;schools.classical.beccaria;schools.classical.legality;schools.classical.social_defense,DIRECT,REAL_ITEM,LEGACY_ASSERTION_WITH_OFFICIAL_DOCS_ACQUIRED,APPLICATION_DATE_UNRESOLVED,2026-10-01,NOT_SEARCHED_SYSTEMATICALLY,BANK_POSITION_ONLY_UNLESS_ASSERTION_SAYS_OTHERWISE,NO_DEFECT_ESTABLISHED,Paráfrases preservadas do legado com proveniência de migração; não contam como decomposição nova.,INHERITED_PARTIAL
FGV_PCPI_2026_Q72,FGV_PAGE_068,Delegado PC-PI,FGV,,objetiva,tipo1,72,FGV_PAGE_068_EXTRA_70,FGV_PAGE_068_EXTRA_64,B = II apenas,DEFINITIVE,criminology.minimalism;criminology.selectivity;legality.analogy;question.qa.contested,DIRECT,REAL_ITEM,LEGACY_ASSERTION_WITH_OFFICIAL_DOCS_ACQUIRED,APPLICATION_DATE_UNRESOLVED,2026-10-01,LEGACY_REPORT_STRATEGY_I_ALSO_DEFENSIBLE; commentary not reacquired in this run,BANK_POSITION_ONLY_UNLESS_ASSERTION_SAYS_OTHERWISE,DISPUTED_NOT_RESOLVED,Paráfrases preservadas do legado com proveniência de migração; não contam como decomposição nova.,INHERITED_PARTIAL
FGV_DPERJ_2026_Q55,FGV_PAGE_005,Defensoria Pública RJ,FGV,,objetiva,tipo1,55,FGV_PAGE_005_DOC_27,FGV_PAGE_005_DOC_23,E,DEFINITIVE,criminology.critical.expansion;criminology.minimalism;criminology.paradigms,DIRECT,REAL_ITEM,LEGACY_ASSERTION_WITH_OFFICIAL_DOCS_ACQUIRED,APPLICATION_DATE_UNRESOLVED,2026-10-01,NOT_SEARCHED_SYSTEMATICALLY,BANK_POSITION_ONLY_UNLESS_ASSERTION_SAYS_OTHERWISE,NO_DEFECT_ESTABLISHED,Paráfrases preservadas do legado com proveniência de migração; não contam como decomposição nova.,INHERITED_PARTIAL
