source_id,review_status,question_ids,key_checked_for,whole_exam_semantic_negative
CEB_AGU_22_PROCURADOR_FEDERAL_DOC_12,ACQUIRED_NOT_SEMANTICALLY_REVIEWED,,,NOT_ESTABLISHED
CEB_AGU_22_PROCURADOR_FEDERAL_DOC_13,ACQUIRED_NOT_SEMANTICALLY_REVIEWED,,,NOT_ESTABLISHED
CEB_AGU_22_PROCURADOR_FEDERAL_DOC_5,ACQUIRED_NOT_SEMANTICALLY_REVIEWED,,,NOT_ESTABLISHED
CEB_DPE_AC_24_DEFENSOR_DOC_0,ACQUIRED_NOT_SEMANTICALLY_REVIEWED,,,NOT_ESTABLISHED
CEB_DPE_AC_24_DEFENSOR_DOC_1,ACQUIRED_NOT_SEMANTICALLY_REVIEWED,,,NOT_ESTABLISHED
CEB_DPE_AC_24_DEFENSOR_DOC_10,ACQUIRED_NOT_SEMANTICALLY_REVIEWED,,,NOT_ESTABLISHED
CEB_DPE_AC_24_DEFENSOR_DOC_11,ACQUIRED_NOT_SEMANTICALLY_REVIEWED,,,NOT_ESTABLISHED
CEB_DPE_AC_24_DEFENSOR_DOC_12,ACQUIRED_NOT_SEMANTICALLY_REVIEWED,,,NOT_ESTABLISHED
CEB_DPE_AC_24_DEFENSOR_DOC_13,ACQUIRED_NOT_SEMANTICALLY_REVIEWED,,,NOT_ESTABLISHED
CEB_DPE_AC_24_DEFENSOR_DOC_14,ACQUIRED_NOT_SEMANTICALLY_REVIEWED,,,NOT_ESTABLISHED
CEB_DPE_AC_24_DEFENSOR_DOC_15,ACQUIRED_NOT_SEMANTICALLY_REVIEWED,,,NOT_ESTABLISHED
CEB_DPE_AC_24_DEFENSOR_DOC_16,ACQUIRED_NOT_SEMANTICALLY_REVIEWED,,,NOT_ESTABLISHED
CEB_DPE_AC_24_DEFENSOR_DOC_17,ACQUIRED_NOT_SEMANTICALLY_REVIEWED,,,NOT_ESTABLISHED
CEB_DPE_AC_24_DEFENSOR_DOC_18,ACQUIRED_NOT_SEMANTICALLY_REVIEWED,,,NOT_ESTABLISHED
CEB_DPE_AC_24_DEFENSOR_DOC_19,ACQUIRED_NOT_SEMANTICALLY_REVIEWED,,,NOT_ESTABLISHED
CEB_DPE_AC_24_DEFENSOR_DOC_2,ACQUIRED_NOT_SEMANTICALLY_REVIEWED,,,NOT_ESTABLISHED
CEB_DPE_AC_24_DEFENSOR_DOC_21,ACQUIRED_NOT_SEMANTICALLY_REVIEWED,,,NOT_ESTABLISHED
CEB_DPE_AC_24_DEFENSOR_DOC_23,ACQUIRED_NOT_SEMANTICALLY_REVIEWED,,,NOT_ESTABLISHED
CEB_DPE_AC_24_DEFENSOR_DOC_3,ACQUIRED_NOT_SEMANTICALLY_REVIEWED,,,NOT_ESTABLISHED
CEB_DPE_AC_24_DEFENSOR_DOC_4,ACQUIRED_NOT_SEMANTICALLY_REVIEWED,,,NOT_ESTABLISHED
CEB_DPE_AC_24_DEFENSOR_DOC_5,ACQUIRED_NOT_SEMANTICALLY_REVIEWED,,,NOT_ESTABLISHED
CEB_DPE_AC_24_DEFENSOR_DOC_6,ACQUIRED_NOT_SEMANTICALLY_REVIEWED,,,NOT_ESTABLISHED
CEB_DPE_AC_24_DEFENSOR_DOC_7,ACQUIRED_NOT_SEMANTICALLY_REVIEWED,,,NOT_ESTABLISHED
CEB_DPE_AC_24_DEFENSOR_DOC_8,ACQUIRED_NOT_SEMANTICALLY_REVIEWED,,,NOT_ESTABLISHED
CEB_DPE_AC_24_DEFENSOR_DOC_9,ACQUIRED_NOT_SEMANTICALLY_REVIEWED,,,NOT_ESTABLISHED
CEB_MP_PA_22_PROMOTOR_DOC_4,ACQUIRED_NOT_SEMANTICALLY_REVIEWED,,,NOT_ESTABLISHED
CEB_MP_PA_22_PROMOTOR_DOC_5,KEY_CONSULTED_FOR_SELECTED_ITEMS,,MPPA_2023_DISC_SUBS;MPPA_2023_DISC_Q2,NOT_ESTABLISHED
CEB_MP_PA_22_PROMOTOR_DOC_8,SELECTED_ITEMS_REVIEWED_NOT_FULL_EXAM,MPPA_2023_DISC_SUBS;MPPA_2023_DISC_Q2,,NOT_ESTABLISHED
CEB_PCDF_LATEST_1,ACQUIRED_NOT_SEMANTICALLY_REVIEWED,,,NOT_ESTABLISHED
CEB_PCDF_LATEST_3,ACQUIRED_NOT_SEMANTICALLY_REVIEWED,,,NOT_ESTABLISHED
CEB_PCDF_LATEST_5,ACQUIRED_NOT_SEMANTICALLY_REVIEWED,,,NOT_ESTABLISHED
CEB_PC_DF_26_DELEGADO_DOC_0,ACQUIRED_NOT_SEMANTICALLY_REVIEWED,,,NOT_ESTABLISHED
CEB_PC_DF_26_DELEGADO_DOC_1,KEY_CONSULTED_FOR_SELECTED_ITEMS,,CEBRASPE_PCDF_2026_Q74;CEBRASPE_PCDF_2026_Q73,NOT_ESTABLISHED
CEB_PC_DF_26_DELEGADO_DOC_2,ACQUIRED_NOT_SEMANTICALLY_REVIEWED,,,NOT_ESTABLISHED
CEB_PC_DF_26_DELEGADO_DOC_3,SELECTED_ITEMS_REVIEWED_NOT_FULL_EXAM,CEBRASPE_PCDF_2026_Q74;CEBRASPE_PCDF_2026_Q73,,NOT_ESTABLISHED
CEB_PF_25_DOC_0,SELECTED_ITEMS_REVIEWED_NOT_FULL_EXAM,CEBRASPE_PF_2026_ORAL_Q3,CEBRASPE_PF_2026_ORAL_Q3,NOT_ESTABLISHED
CEB_PF_25_DOC_1,ACQUIRED_NOT_SEMANTICALLY_REVIEWED,,,NOT_ESTABLISHED
CEB_PF_25_DOC_2,ACQUIRED_NOT_SEMANTICALLY_REVIEWED,,,NOT_ESTABLISHED
CEB_PF_25_DOC_22,KEY_CONSULTED_FOR_SELECTED_ITEMS,,CEBRASPE_PF_2025_Q52;CEBRASPE_PF_2025_Q53;CEBRASPE_PF_2025_Q54;CEBRASPE_PF_2025_Q65;CEBRASPE_PF_2025_Q66;CEBRASPE_PF_2025_Q67;CEBRASPE_PF_2025_Q97;CEBRASPE_PF_2025_Q98;CEBRASPE_PF_2025_Q99;CEBRASPE_PF_2025_Q100,NOT_ESTABLISHED
CEB_PF_25_DOC_43,SELECTED_ITEMS_REVIEWED_NOT_FULL_EXAM,CEBRASPE_PF_2025_Q52;CEBRASPE_PF_2025_Q53;CEBRASPE_PF_2025_Q54;CEBRASPE_PF_2025_Q65;CEBRASPE_PF_2025_Q66;CEBRASPE_PF_2025_Q67;CEBRASPE_PF_2025_Q97;CEBRASPE_PF_2025_Q98;CEBRASPE_PF_2025_Q99;CEBRASPE_PF_2025_Q100,,NOT_ESTABLISHED
CEB_PF_25_DOC_59_RETRY1,ACQUIRED_NOT_SEMANTICALLY_REVIEWED,,,NOT_ESTABLISHED
CEB_PGE_AL_26_DOC_0,ACQUIRED_NOT_SEMANTICALLY_REVIEWED,,,NOT_ESTABLISHED
CEB_PGE_AL_26_DOC_1,ACQUIRED_NOT_SEMANTICALLY_REVIEWED,,,NOT_ESTABLISHED
CEB_PGE_AL_26_DOC_2,ACQUIRED_NOT_SEMANTICALLY_REVIEWED,,,NOT_ESTABLISHED
CEB_PGE_AL_26_DOC_3,ACQUIRED_NOT_SEMANTICALLY_REVIEWED,,,NOT_ESTABLISHED
CEB_PGE_AL_26_DOC_4,ACQUIRED_NOT_SEMANTICALLY_REVIEWED,,,NOT_ESTABLISHED
CEB_PGE_AL_26_DOC_5,ACQUIRED_NOT_SEMANTICALLY_REVIEWED,,,NOT_ESTABLISHED
CEB_PGE_RN_26_DOC_0,ACQUIRED_NOT_SEMANTICALLY_REVIEWED,,,NOT_ESTABLISHED
CEB_PGE_RN_26_DOC_1,ACQUIRED_NOT_SEMANTICALLY_REVIEWED,,,NOT_ESTABLISHED
CEB_PGE_RN_26_DOC_2,ACQUIRED_NOT_SEMANTICALLY_REVIEWED,,,NOT_ESTABLISHED
CEB_PGE_RN_26_DOC_3,ACQUIRED_NOT_SEMANTICALLY_REVIEWED,,,NOT_ESTABLISHED
CEB_PGE_RN_26_DOC_4,ACQUIRED_NOT_SEMANTICALLY_REVIEWED,,,NOT_ESTABLISHED
CEB_PGE_RN_26_DOC_5,ACQUIRED_NOT_SEMANTICALLY_REVIEWED,,,NOT_ESTABLISHED
CEB_PREF_PORTO_VELHO_26_PROCURADOR_DOC_0,ACQUIRED_NOT_SEMANTICALLY_REVIEWED,,,NOT_ESTABLISHED
CEB_PREF_PORTO_VELHO_26_PROCURADOR_DOC_1,ACQUIRED_NOT_SEMANTICALLY_REVIEWED,,,NOT_ESTABLISHED
CEB_PREF_PORTO_VELHO_26_PROCURADOR_DOC_2,ACQUIRED_NOT_SEMANTICALLY_REVIEWED,,,NOT_ESTABLISHED
CEB_PREF_PORTO_VELHO_26_PROCURADOR_DOC_3,ACQUIRED_NOT_SEMANTICALLY_REVIEWED,,,NOT_ESTABLISHED
CEB_PREF_PORTO_VELHO_26_PROCURADOR_DOC_4,ACQUIRED_NOT_SEMANTICALLY_REVIEWED,,,NOT_ESTABLISHED
CEB_PREF_PORTO_VELHO_26_PROCURADOR_DOC_5,ACQUIRED_NOT_SEMANTICALLY_REVIEWED,,,NOT_ESTABLISHED
DPEMA_INDEX_DOC_123,ACQUIRED_NOT_SEMANTICALLY_REVIEWED,,,NOT_ESTABLISHED
FGV_PAGE_005_DOC_23,KEY_CONSULTED_FOR_SELECTED_ITEMS,,FGV_DPERJ_2026_Q56;FGV_DPERJ_2026_Q57;FGV_DPERJ_2026_Q58;FGV_DPERJ_2026_Q55,NOT_ESTABLISHED
FGV_PAGE_005_DOC_27,SELECTED_ITEMS_REVIEWED_NOT_FULL_EXAM,FGV_DPERJ_2026_Q56;FGV_DPERJ_2026_Q57;FGV_DPERJ_2026_Q58;FGV_DPERJ_2026_Q55,,NOT_ESTABLISHED
FGV_PAGE_006_DOC_17,KEY_CONSULTED_FOR_SELECTED_ITEMS,,FGV_TJPE_2026_Q41;FGV_TJPE_2026_Q48,NOT_ESTABLISHED
FGV_PAGE_006_DOC_18,SELECTED_ITEMS_REVIEWED_NOT_FULL_EXAM,FGV_TJPE_2026_Q41;FGV_TJPE_2026_Q48,,NOT_ESTABLISHED
FGV_PAGE_010_DOC_16,ACQUIRED_NOT_SEMANTICALLY_REVIEWED,,,NOT_ESTABLISHED
FGV_PAGE_010_DOC_17,ACQUIRED_NOT_SEMANTICALLY_REVIEWED,,,NOT_ESTABLISHED
FGV_PAGE_010_DOC_18,ACQUIRED_NOT_SEMANTICALLY_REVIEWED,,,NOT_ESTABLISHED
FGV_PAGE_010_DOC_19,ACQUIRED_NOT_SEMANTICALLY_REVIEWED,,,NOT_ESTABLISHED
FGV_PAGE_010_DOC_28,ACQUIRED_NOT_SEMANTICALLY_REVIEWED,,,NOT_ESTABLISHED
FGV_PAGE_010_DOC_33,ACQUIRED_NOT_SEMANTICALLY_REVIEWED,,,NOT_ESTABLISHED
FGV_PAGE_011_DOC_26,KEY_CONSULTED_FOR_SELECTED_ITEMS,,MPRJ_2026_DISC_PENAL_Q6,NOT_ESTABLISHED
FGV_PAGE_011_DOC_33,SELECTED_ITEMS_REVIEWED_NOT_FULL_EXAM,MPRJ_2026_DISC_PENAL_Q6,,NOT_ESTABLISHED
FGV_PAGE_011_DOC_67,KEY_CONSULTED_FOR_SELECTED_ITEMS,,MPRJ_2026_Q23;MPRJ_2026_Q24;MPRJ_2026_Q25;MPRJ_2026_Q20;MPRJ_2026_Q21;MPRJ_2026_Q22,NOT_ESTABLISHED
FGV_PAGE_011_DOC_70,KEY_CONSULTED_FOR_SELECTED_ITEMS,,MPRJ_2026_Q23;MPRJ_2026_Q24;MPRJ_2026_Q25;MPRJ_2026_Q20;MPRJ_2026_Q21;MPRJ_2026_Q22,NOT_ESTABLISHED
FGV_PAGE_011_DOC_71,SELECTED_ITEMS_REVIEWED_NOT_FULL_EXAM,MPRJ_2026_Q23;MPRJ_2026_Q24;MPRJ_2026_Q25;MPRJ_2026_Q20;MPRJ_2026_Q21;MPRJ_2026_Q22,,NOT_ESTABLISHED
FGV_PAGE_013_DOC_28,ACQUIRED_NOT_SEMANTICALLY_REVIEWED,,,NOT_ESTABLISHED
FGV_PAGE_013_DOC_34,ACQUIRED_NOT_SEMANTICALLY_REVIEWED,,,NOT_ESTABLISHED
FGV_PAGE_014_DOC_17,ACQUIRED_NOT_SEMANTICALLY_REVIEWED,,,NOT_ESTABLISHED
FGV_PAGE_014_DOC_18,ACQUIRED_NOT_SEMANTICALLY_REVIEWED,,,NOT_ESTABLISHED
FGV_PAGE_014_DOC_19,ACQUIRED_NOT_SEMANTICALLY_REVIEWED,,,NOT_ESTABLISHED
FGV_PAGE_014_DOC_28,ACQUIRED_NOT_SEMANTICALLY_REVIEWED,,,NOT_ESTABLISHED
FGV_PAGE_014_DOC_32,ACQUIRED_NOT_SEMANTICALLY_REVIEWED,,,NOT_ESTABLISHED
FGV_PAGE_024_EXTRA_78,ACQUIRED_NOT_SEMANTICALLY_REVIEWED,,,NOT_ESTABLISHED
FGV_PAGE_024_EXTRA_82,ACQUIRED_NOT_SEMANTICALLY_REVIEWED,,,NOT_ESTABLISHED
FGV_PAGE_027_DOC_20,ACQUIRED_NOT_SEMANTICALLY_REVIEWED,,,NOT_ESTABLISHED
FGV_PAGE_027_DOC_25,ACQUIRED_NOT_SEMANTICALLY_REVIEWED,,,NOT_ESTABLISHED
FGV_PAGE_029_DOC_71,ACQUIRED_NOT_SEMANTICALLY_REVIEWED,,,NOT_ESTABLISHED
FGV_PAGE_029_DOC_75,ACQUIRED_NOT_SEMANTICALLY_REVIEWED,,,NOT_ESTABLISHED
FGV_PAGE_044_EXTRA_62,ACQUIRED_NOT_SEMANTICALLY_REVIEWED,,,NOT_ESTABLISHED
FGV_PAGE_044_EXTRA_68,ACQUIRED_NOT_SEMANTICALLY_REVIEWED,,,NOT_ESTABLISHED
FGV_PAGE_068_EXTRA_64,KEY_CONSULTED_FOR_SELECTED_ITEMS,,FGV_PCPI_2026_Q42;FGV_PCPI_2026_Q71;FGV_PCPI_2026_Q72,NOT_ESTABLISHED
FGV_PAGE_068_EXTRA_70,LEGACY_ASSERTIONS_SOURCE_ACQUIRED_RECONCILIATION_PARTIAL,FGV_PCPI_2026_Q42;FGV_PCPI_2026_Q71;FGV_PCPI_2026_Q72,,NOT_ESTABLISHED
FGV_PAGE_070_EXTRA_121,ACQUIRED_NOT_SEMANTICALLY_REVIEWED,,,NOT_ESTABLISHED
FGV_PAGE_070_EXTRA_126,ACQUIRED_NOT_SEMANTICALLY_REVIEWED,,,NOT_ESTABLISHED
FGV_PAGE_071_DOC_57,KEY_CONSULTED_FOR_SELECTED_ITEMS,,TJPR_2026_Q32,NOT_ESTABLISHED
FGV_PAGE_071_DOC_63,LEGACY_ASSERTIONS_SOURCE_ACQUIRED_RECONCILIATION_PARTIAL,TJPR_2026_Q32,,NOT_ESTABLISHED
FGV_PAGE_072_DOC_32,ACQUIRED_NOT_SEMANTICALLY_REVIEWED,,,NOT_ESTABLISHED
FGV_PAGE_072_DOC_36,ACQUIRED_NOT_SEMANTICALLY_REVIEWED,,,NOT_ESTABLISHED
FGV_PAGE_075_DOC_50,ACQUIRED_NOT_SEMANTICALLY_REVIEWED,,,NOT_ESTABLISHED
FGV_PAGE_075_DOC_56,ACQUIRED_NOT_SEMANTICALLY_REVIEWED,,,NOT_ESTABLISHED
FGV_PAGE_076_DOC_29,ACQUIRED_NOT_SEMANTICALLY_REVIEWED,,,NOT_ESTABLISHED
FGV_PAGE_076_DOC_33,ACQUIRED_NOT_SEMANTICALLY_REVIEWED,,,NOT_ESTABLISHED
FGV_PAGE_080_DOC_49,KEY_CONSULTED_FOR_SELECTED_ITEMS,,FGV_ALERJ_2026_Q48,NOT_ESTABLISHED
FGV_PAGE_080_DOC_54,SELECTED_ITEMS_REVIEWED_NOT_FULL_EXAM,FGV_ALERJ_2026_Q48,,NOT_ESTABLISHED
HELDOUT_CEB_AGU_2023_ORAL_P6,SEALED_NOT_READ,,,NOT_ESTABLISHED
HELDOUT_FGV_PAGE_037_71,SEALED_NOT_READ,,,NOT_ESTABLISHED
HELDOUT_FGV_PAGE_037_75,SEALED_NOT_READ,,,NOT_ESTABLISHED
HELDOUT_FGV_PAGE_041_54,SEALED_NOT_READ,,,NOT_ESTABLISHED
HELDOUT_FGV_PAGE_041_58,SEALED_NOT_READ,,,NOT_ESTABLISHED
HELDOUT_FGV_PAGE_041_62,SEALED_NOT_READ,,,NOT_ESTABLISHED
HELDOUT_FGV_PAGE_041_68,SEALED_NOT_READ,,,NOT_ESTABLISHED
HELDOUT_FGV_PAGE_041_70,SEALED_NOT_READ,,,NOT_ESTABLISHED
HELDOUT_FGV_PAGE_054_60,SEALED_NOT_READ,,,NOT_ESTABLISHED
HELDOUT_FGV_PAGE_054_65,SEALED_NOT_READ,,,NOT_ESTABLISHED
MPF_31_OBJ,ACQUIRED_NOT_SEMANTICALLY_REVIEWED,,,NOT_ESTABLISHED
MPMS_2026_DOC_62,KEY_CONSULTED_FOR_SELECTED_ITEMS,,MPMS_2026_Q14;MPMS_2026_Q15;MPMS_2026_Q19,NOT_ESTABLISHED
MPMS_2026_DOC_65,SELECTED_ITEMS_REVIEWED_NOT_FULL_EXAM,MPMS_2026_Q14;MPMS_2026_Q15;MPMS_2026_Q19,,NOT_ESTABLISHED
MPSC_2026_DOC_122,ACQUIRED_NOT_SEMANTICALLY_REVIEWED,,,NOT_ESTABLISHED
MPSC_2026_DOC_137,ACQUIRED_NOT_SEMANTICALLY_REVIEWED,,,NOT_ESTABLISHED
MPSC_2026_DOC_139,ACQUIRED_NOT_SEMANTICALLY_REVIEWED,,,NOT_ESTABLISHED
MPSC_2026_DOC_150,ACQUIRED_NOT_SEMANTICALLY_REVIEWED,,,NOT_ESTABLISHED
MPSC_2026_DOC_151,ACQUIRED_NOT_SEMANTICALLY_REVIEWED,,,NOT_ESTABLISHED
