atom_id,edital_tree_address,edital_mapping_status,pedagogical_route,legal_graph_address,normative_spine,evidence_spine
character.sanctioning,Funções/teorias da pena e pontes,LEGACY_MAP_ADDRESS_NOT_FRESH_EDITAL_CLOSURE,Pré-exposição e distinção; aprofundar no lar canônico depois do gate,character.sanctioning,Ver statute_precedent na matriz; autoridade completa ainda pendente,FUNDATEC_PCRS_2025_FUNCTIONS
classification.heinous,Funções/teorias da pena e pontes,LEGACY_MAP_ADDRESS_NOT_FRESH_EDITAL_CLOSURE,Pré-exposição e distinção; aprofundar no lar canônico depois do gate,classification.heinous,Ver statute_precedent na matriz; autoridade completa ainda pendente,FGV_TJPE_2026_Q41
conflict.consumption,Lei penal e conflito de normas,LEGACY_MAP_ADDRESS_NOT_FRESH_EDITAL_CLOSURE,Pré-exposição e distinção; aprofundar no lar canônico depois do gate,conflict.consumption,Ver statute_precedent na matriz; autoridade completa ainda pendente,MPMS_2026_Q19;MPPA_2023_DISC_SUBS
conflict.progression,Lei penal e conflito de normas,LEGACY_MAP_ADDRESS_NOT_FRESH_EDITAL_CLOSURE,Pré-exposição e distinção; aprofundar no lar canônico depois do gate,conflict.progression,Ver statute_precedent na matriz; autoridade completa ainda pendente,MPMS_2026_Q19
conflict.speciality,Lei penal e conflito de normas,LEGACY_MAP_ADDRESS_NOT_FRESH_EDITAL_CLOSURE,Pré-exposição e distinção; aprofundar no lar canônico depois do gate,conflict.speciality,Ver statute_precedent na matriz; autoridade completa ainda pendente,CEBRASPE_PF_2026_ORAL_Q3;MPPA_2023_DISC_SUBS;MPRJ_2026_DISC_PENAL_Q6
consummation.exhaustion,Funções/teorias da pena e pontes,LEGACY_MAP_ADDRESS_NOT_FRESH_EDITAL_CLOSURE,Pré-exposição e distinção; aprofundar no lar canônico depois do gate,consummation.exhaustion,Ver statute_precedent na matriz; autoridade completa ainda pendente,MPRJ_2026_DISC_PENAL_Q6
consummation.formal,Funções/teorias da pena e pontes,LEGACY_MAP_ADDRESS_NOT_FRESH_EDITAL_CLOSURE,Pré-exposição e distinção; aprofundar no lar canônico depois do gate,consummation.formal,Ver statute_precedent na matriz; autoridade completa ainda pendente,FGV_ALERJ_2026_Q48
corporate_liability,Funções/teorias da pena e pontes,LEGACY_MAP_ADDRESS_NOT_FRESH_EDITAL_CLOSURE,Pré-exposição e distinção; aprofundar no lar canônico depois do gate,corporate_liability,Ver statute_precedent na matriz; autoridade completa ainda pendente,CEBRASPE_PF_2025_Q66
criminology.broken_windows,PEN.INT.006 Ciências Penais,LEGACY_MAP_ADDRESS_NOT_FRESH_EDITAL_CLOSURE,Pré-exposição e distinção; aprofundar no lar canônico depois do gate,criminology.broken_windows,Ver statute_precedent na matriz; autoridade completa ainda pendente,CEBRASPE_PF_2025_Q97
criminology.consensus,PEN.INT.006 Ciências Penais,LEGACY_MAP_ADDRESS_NOT_FRESH_EDITAL_CLOSURE,Pré-exposição e distinção; aprofundar no lar canônico depois do gate,criminology.consensus,Ver statute_precedent na matriz; autoridade completa ainda pendente,FGV_DPERJ_2026_Q57
criminology.critical.expansion,PEN.INT.006 Ciências Penais,LEGACY_MAP_ADDRESS_NOT_FRESH_EDITAL_CLOSURE,Pré-exposição e distinção; aprofundar no lar canônico depois do gate,criminology.critical.expansion,Ver statute_precedent na matriz; autoridade completa ainda pendente,FGV_DPERJ_2026_Q55
criminology.ecology,PEN.INT.006 Ciências Penais,LEGACY_MAP_ADDRESS_NOT_FRESH_EDITAL_CLOSURE,Pré-exposição e distinção; aprofundar no lar canônico depois do gate,criminology.ecology,Ver statute_precedent na matriz; autoridade completa ainda pendente,FGV_DPERJ_2026_Q57
criminology.empirical,PEN.INT.006 Ciências Penais,LEGACY_MAP_ADDRESS_NOT_FRESH_EDITAL_CLOSURE,Pré-exposição e distinção; aprofundar no lar canônico depois do gate,criminology.empirical,Ver statute_precedent na matriz; autoridade completa ainda pendente,FGV_PCSC_2024_TOTAL
criminology.labeling,PEN.INT.006 Ciências Penais,LEGACY_MAP_ADDRESS_NOT_FRESH_EDITAL_CLOSURE,Pré-exposição e distinção; aprofundar no lar canônico depois do gate,criminology.labeling,Ver statute_precedent na matriz; autoridade completa ainda pendente,FGV_DPERJ_2026_Q58
criminology.minimalism,PEN.INT.006 Ciências Penais,LEGACY_MAP_ADDRESS_NOT_FRESH_EDITAL_CLOSURE,Pré-exposição e distinção; aprofundar no lar canônico depois do gate,criminology.minimalism,Ver statute_precedent na matriz; autoridade completa ainda pendente,FGV_DPERJ_2026_Q55;FGV_PCPI_2026_Q72
criminology.necropolitics,PEN.INT.006 Ciências Penais,LEGACY_MAP_ADDRESS_NOT_FRESH_EDITAL_CLOSURE,Pré-exposição e distinção; aprofundar no lar canônico depois do gate,criminology.necropolitics,Ver statute_precedent na matriz; autoridade completa ainda pendente,FGV_DPERJ_2026_Q56
criminology.paradigms,PEN.INT.006 Ciências Penais,LEGACY_MAP_ADDRESS_NOT_FRESH_EDITAL_CLOSURE,Pré-exposição e distinção; aprofundar no lar canônico depois do gate,criminology.paradigms,Ver statute_precedent na matriz; autoridade completa ainda pendente,FGV_DPERJ_2026_Q55
criminology.punitive_populism,PEN.INT.006 Ciências Penais,LEGACY_MAP_ADDRESS_NOT_FRESH_EDITAL_CLOSURE,Pré-exposição e distinção; aprofundar no lar canônico depois do gate,criminology.punitive_populism,Ver statute_precedent na matriz; autoridade completa ainda pendente,FGV_DPERJ_2026_Q57
criminology.resocialization,PEN.INT.006 Ciências Penais,LEGACY_MAP_ADDRESS_NOT_FRESH_EDITAL_CLOSURE,Pré-exposição e distinção; aprofundar no lar canônico depois do gate,criminology.resocialization,Ver statute_precedent na matriz; autoridade completa ainda pendente,CEBRASPE_PF_2025_Q99
criminology.restoration,PEN.INT.006 Ciências Penais,LEGACY_MAP_ADDRESS_NOT_FRESH_EDITAL_CLOSURE,Pré-exposição e distinção; aprofundar no lar canônico depois do gate,criminology.restoration,Ver statute_precedent na matriz; autoridade completa ainda pendente,CEBRASPE_PF_2025_Q100;CEBRASPE_PF_2025_Q99
criminology.selectivity,PEN.INT.006 Ciências Penais,LEGACY_MAP_ADDRESS_NOT_FRESH_EDITAL_CLOSURE,Pré-exposição e distinção; aprofundar no lar canônico depois do gate,criminology.selectivity,Ver statute_precedent na matriz; autoridade completa ainda pendente,FGV_PCPI_2026_Q72
criminology.vs_dogmatics,PEN.INT.006 Ciências Penais,LEGACY_MAP_ADDRESS_NOT_FRESH_EDITAL_CLOSURE,Pré-exposição e distinção; aprofundar no lar canônico depois do gate,criminology.vs_dogmatics,Ver statute_precedent na matriz; autoridade completa ainda pendente,FGV_PCSC_2024_TOTAL
criminology.white_collar,PEN.INT.006 Ciências Penais,LEGACY_MAP_ADDRESS_NOT_FRESH_EDITAL_CLOSURE,Pré-exposição e distinção; aprofundar no lar canônico depois do gate,criminology.white_collar,Ver statute_precedent na matriz; autoridade completa ainda pendente,CEBRASPE_PF_2025_Q98
culpability.limit,PEN.PRI Princípios,LEGACY_MAP_ADDRESS_NOT_FRESH_EDITAL_CLOSURE,Pré-exposição e distinção; aprofundar no lar canônico depois do gate,culpability.limit,Ver statute_precedent na matriz; autoridade completa ainda pendente,MPMS_2026_Q14
culpability.prohibition_error,PEN.PRI Princípios,LEGACY_MAP_ADDRESS_NOT_FRESH_EDITAL_CLOSURE,Pré-exposição e distinção; aprofundar no lar canônico depois do gate,culpability.prohibition_error,Ver statute_precedent na matriz; autoridade completa ainda pendente,MPRJ_2026_Q23
decriminalization,Lei penal e conflito de normas,LEGACY_MAP_ADDRESS_NOT_FRESH_EDITAL_CLOSURE,Pré-exposição e distinção; aprofundar no lar canônico depois do gate,decriminalization,Ver statute_precedent na matriz; autoridade completa ainda pendente,MPPA_2023_DISC_Q2
decriminalization.abolitio,Lei penal e conflito de normas,LEGACY_MAP_ADDRESS_NOT_FRESH_EDITAL_CLOSURE,Pré-exposição e distinção; aprofundar no lar canônico depois do gate,decriminalization.abolitio,Ver statute_precedent na matriz; autoridade completa ainda pendente,FGV_TJPE_2026_Q48
depenalization,Lei penal e conflito de normas,LEGACY_MAP_ADDRESS_NOT_FRESH_EDITAL_CLOSURE,Pré-exposição e distinção; aprofundar no lar canônico depois do gate,depenalization,Ver statute_precedent na matriz; autoridade completa ainda pendente,MPPA_2023_DISC_Q2
dogmatics.normative,PEN.INT.006 Ciências Penais,LEGACY_MAP_ADDRESS_NOT_FRESH_EDITAL_CLOSURE,Pré-exposição e distinção; aprofundar no lar canônico depois do gate,dogmatics.normative,Ver statute_precedent na matriz; autoridade completa ainda pendente,FGV_PCSC_2024_TOTAL
function.promotional,Funções/teorias da pena e pontes,LEGACY_MAP_ADDRESS_NOT_FRESH_EDITAL_CLOSURE,Pré-exposição e distinção; aprofundar no lar canônico depois do gate,function.promotional,Ver statute_precedent na matriz; autoridade completa ainda pendente,FUNDATEC_PCRS_2025_FUNCTIONS
function.protect_legal_goods,Funções/teorias da pena e pontes,LEGACY_MAP_ADDRESS_NOT_FRESH_EDITAL_CLOSURE,Pré-exposição e distinção; aprofundar no lar canônico depois do gate,function.protect_legal_goods,Ver statute_precedent na matriz; autoridade completa ainda pendente,VUNESP_PCSP_2023_FUNC
function.vs_consequence,Funções/teorias da pena e pontes,LEGACY_MAP_ADDRESS_NOT_FRESH_EDITAL_CLOSURE,Pré-exposição e distinção; aprofundar no lar canônico depois do gate,function.vs_consequence,Ver statute_precedent na matriz; autoridade completa ainda pendente,VUNESP_PCSP_2023_FUNC
function.vs_constitutional_goal,Funções/teorias da pena e pontes,LEGACY_MAP_ADDRESS_NOT_FRESH_EDITAL_CLOSURE,Pré-exposição e distinção; aprofundar no lar canônico depois do gate,function.vs_constitutional_goal,Ver statute_precedent na matriz; autoridade completa ainda pendente,VUNESP_PCSP_2023_FUNC
function.vs_enforcement,Funções/teorias da pena e pontes,LEGACY_MAP_ADDRESS_NOT_FRESH_EDITAL_CLOSURE,Pré-exposição e distinção; aprofundar no lar canônico depois do gate,function.vs_enforcement,Ver statute_precedent na matriz; autoridade completa ainda pendente,VUNESP_PCSP_2023_FUNC
function.vs_other_branches,Funções/teorias da pena e pontes,LEGACY_MAP_ADDRESS_NOT_FRESH_EDITAL_CLOSURE,Pré-exposição e distinção; aprofundar no lar canônico depois do gate,function.vs_other_branches,Ver statute_precedent na matriz; autoridade completa ainda pendente,VUNESP_PCSP_2023_FUNC
insignificance.context,Funções/teorias da pena e pontes,LEGACY_MAP_ADDRESS_NOT_FRESH_EDITAL_CLOSURE,Pré-exposição e distinção; aprofundar no lar canônico depois do gate,insignificance.context,Ver statute_precedent na matriz; autoridade completa ainda pendente,MPRJ_2026_Q25
law.beneficial_retroactivity,Lei penal e conflito de normas,LEGACY_MAP_ADDRESS_NOT_FRESH_EDITAL_CLOSURE,Pré-exposição e distinção; aprofundar no lar canônico depois do gate,law.beneficial_retroactivity,Ver statute_precedent na matriz; autoridade completa ainda pendente,MPMS_2026_Q15;MPRJ_2026_Q21;MPRJ_2026_Q22
law.continuity,Lei penal e conflito de normas,LEGACY_MAP_ADDRESS_NOT_FRESH_EDITAL_CLOSURE,Pré-exposição e distinção; aprofundar no lar canônico depois do gate,law.continuity,Ver statute_precedent na matriz; autoridade completa ainda pendente,FGV_TJPE_2026_Q48
law.intermediate,Lei penal e conflito de normas,LEGACY_MAP_ADDRESS_NOT_FRESH_EDITAL_CLOSURE,Pré-exposição e distinção; aprofundar no lar canônico depois do gate,law.intermediate,Ver statute_precedent na matriz; autoridade completa ainda pendente,MPMS_2026_Q15
legal_good.accumulation,PEN.INT.014 Bem jurídico,LEGACY_MAP_ADDRESS_NOT_FRESH_EDITAL_CLOSURE,Pré-exposição e distinção; aprofundar no lar canônico depois do gate,legal_good.accumulation,Ver statute_precedent na matriz; autoridade completa ainda pendente,CEBRASPE_PF_2025_Q67
legal_good.apparent_collective,PEN.INT.014 Bem jurídico,LEGACY_MAP_ADDRESS_NOT_FRESH_EDITAL_CLOSURE,Pré-exposição e distinção; aprofundar no lar canônico depois do gate,legal_good.apparent_collective,Ver statute_precedent na matriz; autoridade completa ainda pendente,CEBRASPE_PF_2025_Q53
legal_good.consent,PEN.INT.014 Bem jurídico,LEGACY_MAP_ADDRESS_NOT_FRESH_EDITAL_CLOSURE,Pré-exposição e distinção; aprofundar no lar canônico depois do gate,legal_good.consent,Ver statute_precedent na matriz; autoridade completa ainda pendente,MPRJ_2026_Q23
legal_good.constitution,PEN.INT.014 Bem jurídico,LEGACY_MAP_ADDRESS_NOT_FRESH_EDITAL_CLOSURE,Pré-exposição e distinção; aprofundar no lar canônico depois do gate,legal_good.constitution,Ver statute_precedent na matriz; autoridade completa ainda pendente,CEBRASPE_PF_2025_Q54
legal_good.consumer,PEN.INT.014 Bem jurídico,LEGACY_MAP_ADDRESS_NOT_FRESH_EDITAL_CLOSURE,Pré-exposição e distinção; aprofundar no lar canônico depois do gate,legal_good.consumer,Ver statute_precedent na matriz; autoridade completa ainda pendente,MPRJ_2026_DISC_PENAL_Q6
legal_good.critical,PEN.INT.014 Bem jurídico,LEGACY_MAP_ADDRESS_NOT_FRESH_EDITAL_CLOSURE,Pré-exposição e distinção; aprofundar no lar canônico depois do gate,legal_good.critical,Ver statute_precedent na matriz; autoridade completa ainda pendente,CEBRASPE_PF_2025_Q53
legal_good.danger_abstract,PEN.INT.014 Bem jurídico,LEGACY_MAP_ADDRESS_NOT_FRESH_EDITAL_CLOSURE,Pré-exposição e distinção; aprofundar no lar canônico depois do gate,legal_good.danger_abstract,Ver statute_precedent na matriz; autoridade completa ainda pendente,FGV_ALERJ_2026_Q48;MPRJ_2026_DISC_PENAL_Q6;MPRJ_2026_Q20;MPRJ_2026_Q24;MPRJ_2026_Q25
legal_good.history,PEN.INT.014 Bem jurídico,LEGACY_MAP_ADDRESS_NOT_FRESH_EDITAL_CLOSURE,Pré-exposição e distinção; aprofundar no lar canônico depois do gate,legal_good.history,Ver statute_precedent na matriz; autoridade completa ainda pendente,CEBRASPE_PF_2025_Q52
legal_good.justice,PEN.INT.014 Bem jurídico,LEGACY_MAP_ADDRESS_NOT_FRESH_EDITAL_CLOSURE,Pré-exposição e distinção; aprofundar no lar canônico depois do gate,legal_good.justice,Ver statute_precedent na matriz; autoridade completa ainda pendente,CEBRASPE_PF_2026_ORAL_Q3
legal_good.methodological,PEN.INT.014 Bem jurídico,LEGACY_MAP_ADDRESS_NOT_FRESH_EDITAL_CLOSURE,Pré-exposição e distinção; aprofundar no lar canônico depois do gate,legal_good.methodological,Ver statute_precedent na matriz; autoridade completa ainda pendente,CEBRASPE_PF_2025_Q52
legal_good.norm,PEN.INT.014 Bem jurídico,LEGACY_MAP_ADDRESS_NOT_FRESH_EDITAL_CLOSURE,Pré-exposição e distinção; aprofundar no lar canônico depois do gate,legal_good.norm,Ver statute_precedent na matriz; autoridade completa ainda pendente,MPMS_2026_Q14
legality.analogy,PEN.PRI Princípios,LEGACY_MAP_ADDRESS_NOT_FRESH_EDITAL_CLOSURE,Pré-exposição e distinção; aprofundar no lar canônico depois do gate,legality.analogy,Ver statute_precedent na matriz; autoridade completa ainda pendente,FGV_PCPI_2026_Q72;FGV_TJPE_2026_Q41;MPRJ_2026_Q20;MPRJ_2026_Q22
legality.strict,PEN.PRI Princípios,LEGACY_MAP_ADDRESS_NOT_FRESH_EDITAL_CLOSURE,Pré-exposição e distinção; aprofundar no lar canônico depois do gate,legality.strict,Ver statute_precedent na matriz; autoridade completa ainda pendente,FGV_TJPE_2026_Q41;MPRJ_2026_Q21
legality.typification,PEN.PRI Princípios,LEGACY_MAP_ADDRESS_NOT_FRESH_EDITAL_CLOSURE,Pré-exposição e distinção; aprofundar no lar canônico depois do gate,legality.typification,Ver statute_precedent na matriz; autoridade completa ainda pendente,MPRJ_2026_DISC_PENAL_Q6
penalty.general_prevention,Funções/teorias da pena e pontes,LEGACY_MAP_ADDRESS_NOT_FRESH_EDITAL_CLOSURE,Pré-exposição e distinção; aprofundar no lar canônico depois do gate,penalty.general_prevention,Ver statute_precedent na matriz; autoridade completa ainda pendente,MPMS_2026_Q14
penalty.positive_prevention,Funções/teorias da pena e pontes,LEGACY_MAP_ADDRESS_NOT_FRESH_EDITAL_CLOSURE,Pré-exposição e distinção; aprofundar no lar canônico depois do gate,penalty.positive_prevention,Ver statute_precedent na matriz; autoridade completa ainda pendente,MPMS_2026_Q14
penalty.positive_prevention_limiting,Funções/teorias da pena e pontes,LEGACY_MAP_ADDRESS_NOT_FRESH_EDITAL_CLOSURE,Pré-exposição e distinção; aprofundar no lar canônico depois do gate,penalty.positive_prevention_limiting,Ver statute_precedent na matriz; autoridade completa ainda pendente,MPMS_2026_Q14
penalty.retribution,Funções/teorias da pena e pontes,LEGACY_MAP_ADDRESS_NOT_FRESH_EDITAL_CLOSURE,Pré-exposição e distinção; aprofundar no lar canônico depois do gate,penalty.retribution,Ver statute_precedent na matriz; autoridade completa ainda pendente,MPMS_2026_Q14
penalty.unification,Funções/teorias da pena e pontes,LEGACY_MAP_ADDRESS_NOT_FRESH_EDITAL_CLOSURE,Pré-exposição e distinção; aprofundar no lar canônico depois do gate,penalty.unification,Ver statute_precedent na matriz; autoridade completa ainda pendente,MPMS_2026_Q14
policy_criminal.role,PEN.INT.006 Ciências Penais,LEGACY_MAP_ADDRESS_NOT_FRESH_EDITAL_CLOSURE,Pré-exposição e distinção; aprofundar no lar canônico depois do gate,policy_criminal.role,Ver statute_precedent na matriz; autoridade completa ainda pendente,FGV_PCSC_2024_TOTAL
principle.fragmentarity,PEN.PRI Princípios,LEGACY_MAP_ADDRESS_NOT_FRESH_EDITAL_CLOSURE,Pré-exposição e distinção; aprofundar no lar canônico depois do gate,principle.fragmentarity,Ver statute_precedent na matriz; autoridade completa ainda pendente,FGV_PCPI_2026_Q42;FUNDATEC_PCRS_2025_FUNCTIONS;TJPR_2026_Q32
principle.insignificance,PEN.PRI Princípios,LEGACY_MAP_ADDRESS_NOT_FRESH_EDITAL_CLOSURE,Pré-exposição e distinção; aprofundar no lar canônico depois do gate,principle.insignificance,Ver statute_precedent na matriz; autoridade completa ainda pendente,FGV_PCPI_2026_Q42;TJPR_2026_Q32
principle.legality_vs_insignificance,PEN.PRI Princípios,LEGACY_MAP_ADDRESS_NOT_FRESH_EDITAL_CLOSURE,Pré-exposição e distinção; aprofundar no lar canônico depois do gate,principle.legality_vs_insignificance,Ver statute_precedent na matriz; autoridade completa ainda pendente,FGV_PCPI_2026_Q42
principle.minimum_intervention,PEN.PRI Princípios,LEGACY_MAP_ADDRESS_NOT_FRESH_EDITAL_CLOSURE,Pré-exposição e distinção; aprofundar no lar canônico depois do gate,principle.minimum_intervention,Ver statute_precedent na matriz; autoridade completa ainda pendente,CEBRASPE_PCDF_2026_Q74;CEBRASPE_PF_2025_Q54;FGV_PCPI_2026_Q42
principle.offensiveness,PEN.PRI Princípios,LEGACY_MAP_ADDRESS_NOT_FRESH_EDITAL_CLOSURE,Pré-exposição e distinção; aprofundar no lar canônico depois do gate,principle.offensiveness,Ver statute_precedent na matriz; autoridade completa ainda pendente,CEBRASPE_PF_2025_Q65;TJPR_2026_Q32
principle.social_adequacy,PEN.PRI Princípios,LEGACY_MAP_ADDRESS_NOT_FRESH_EDITAL_CLOSURE,Pré-exposição e distinção; aprofundar no lar canônico depois do gate,principle.social_adequacy,Ver statute_precedent na matriz; autoridade completa ainda pendente,TJPR_2026_Q32
principle.subsidiarity_intervention,PEN.PRI Princípios,LEGACY_MAP_ADDRESS_NOT_FRESH_EDITAL_CLOSURE,Pré-exposição e distinção; aprofundar no lar canônico depois do gate,principle.subsidiarity_intervention,Ver statute_precedent na matriz; autoridade completa ainda pendente,CEBRASPE_PCDF_2026_Q74;FUNDATEC_PCRS_2025_FUNCTIONS
sanction.execution_limit,Funções/teorias da pena e pontes,LEGACY_MAP_ADDRESS_NOT_FRESH_EDITAL_CLOSURE,Pré-exposição e distinção; aprofundar no lar canônico depois do gate,sanction.execution_limit,Ver statute_precedent na matriz; autoridade completa ainda pendente,MPMS_2026_Q19
sanction.personality,Funções/teorias da pena e pontes,LEGACY_MAP_ADDRESS_NOT_FRESH_EDITAL_CLOSURE,Pré-exposição e distinção; aprofundar no lar canônico depois do gate,sanction.personality,Ver statute_precedent na matriz; autoridade completa ainda pendente,CEBRASPE_PF_2025_Q66
schools.classical.beccaria,Funções/teorias da pena e pontes,LEGACY_MAP_ADDRESS_NOT_FRESH_EDITAL_CLOSURE,Pré-exposição e distinção; aprofundar no lar canônico depois do gate,schools.classical.beccaria,Ver statute_precedent na matriz; autoridade completa ainda pendente,FGV_PCPI_2026_Q71
schools.classical.free_will,Funções/teorias da pena e pontes,LEGACY_MAP_ADDRESS_NOT_FRESH_EDITAL_CLOSURE,Pré-exposição e distinção; aprofundar no lar canônico depois do gate,schools.classical.free_will,Ver statute_precedent na matriz; autoridade completa ainda pendente,FGV_PCPI_2026_Q71
schools.classical.humanization,Funções/teorias da pena e pontes,LEGACY_MAP_ADDRESS_NOT_FRESH_EDITAL_CLOSURE,Pré-exposição e distinção; aprofundar no lar canônico depois do gate,schools.classical.humanization,Ver statute_precedent na matriz; autoridade completa ainda pendente,FGV_PCPI_2026_Q71
schools.classical.legality,Funções/teorias da pena e pontes,LEGACY_MAP_ADDRESS_NOT_FRESH_EDITAL_CLOSURE,Pré-exposição e distinção; aprofundar no lar canônico depois do gate,schools.classical.legality,Ver statute_precedent na matriz; autoridade completa ainda pendente,FGV_PCPI_2026_Q71
schools.classical.social_defense,Funções/teorias da pena e pontes,LEGACY_MAP_ADDRESS_NOT_FRESH_EDITAL_CLOSURE,Pré-exposição e distinção; aprofundar no lar canônico depois do gate,schools.classical.social_defense,Ver statute_precedent na matriz; autoridade completa ainda pendente,FGV_PCPI_2026_Q71
science.total.structure,PEN.INT.006 Ciências Penais,LEGACY_MAP_ADDRESS_NOT_FRESH_EDITAL_CLOSURE,Pré-exposição e distinção; aprofundar no lar canônico depois do gate,science.total.structure,Ver statute_precedent na matriz; autoridade completa ainda pendente,FGV_PCSC_2024_TOTAL
subsidiarity.norms,Lei penal e conflito de normas,LEGACY_MAP_ADDRESS_NOT_FRESH_EDITAL_CLOSURE,Pré-exposição e distinção; aprofundar no lar canônico depois do gate,subsidiarity.norms,Ver statute_precedent na matriz; autoridade completa ainda pendente,MPPA_2023_DISC_SUBS
tax.crime_representation,Funções/teorias da pena e pontes,LEGACY_MAP_ADDRESS_NOT_FRESH_EDITAL_CLOSURE,Pré-exposição e distinção; aprofundar no lar canônico depois do gate,tax.crime_representation,Ver statute_precedent na matriz; autoridade completa ainda pendente,CEBRASPE_PCDF_2026_Q74
tax.launch,Funções/teorias da pena e pontes,LEGACY_MAP_ADDRESS_NOT_FRESH_EDITAL_CLOSURE,Pré-exposição e distinção; aprofundar no lar canônico depois do gate,tax.launch,Ver statute_precedent na matriz; autoridade completa ainda pendente,CEBRASPE_PCDF_2026_Q73
typicity.dolo,Funções/teorias da pena e pontes,LEGACY_MAP_ADDRESS_NOT_FRESH_EDITAL_CLOSURE,Pré-exposição e distinção; aprofundar no lar canônico depois do gate,typicity.dolo,Ver statute_precedent na matriz; autoridade completa ainda pendente,MPRJ_2026_DISC_PENAL_Q6;MPRJ_2026_Q20
typicity.formal_material,Funções/teorias da pena e pontes,LEGACY_MAP_ADDRESS_NOT_FRESH_EDITAL_CLOSURE,Pré-exposição e distinção; aprofundar no lar canônico depois do gate,typicity.formal_material,Ver statute_precedent na matriz; autoridade completa ainda pendente,MPRJ_2026_Q24
typicity.material,Funções/teorias da pena e pontes,LEGACY_MAP_ADDRESS_NOT_FRESH_EDITAL_CLOSURE,Pré-exposição e distinção; aprofundar no lar canônico depois do gate,typicity.material,Ver statute_precedent na matriz; autoridade completa ainda pendente,CEBRASPE_PCDF_2026_Q73;CEBRASPE_PF_2025_Q65;MPRJ_2026_Q23
typicity.subjects,Funções/teorias da pena e pontes,LEGACY_MAP_ADDRESS_NOT_FRESH_EDITAL_CLOSURE,Pré-exposição e distinção; aprofundar no lar canônico depois do gate,typicity.subjects,Ver statute_precedent na matriz; autoridade completa ainda pendente,MPRJ_2026_DISC_PENAL_Q6
