assertion_id,question_id,option_or_assertion,paraphrased_claim,bank_position,knowledge_atoms,aliases,author_doctrine,statute_precedent,distractor_mechanism,official_answer,expert_disagreement,source_confidence,source_id,key_source_id,legal_state_date,legal_verification,defect_status,editorial_implication,rubric_weight,canonical_atom_ids
FGV_OAB45_2026_Q2::A,FGV_OAB45_2026_Q2,A,A ausência de intimação do denunciado para contrarrazões à rejeição da denúncia não é suprida apenas por defensor dativo.,ACCEPTED_BY_RUBRIC,procedure.adversarial_response,,,Súmula STF707; CPP263; CF5LV — referências do espelho,,RUBRIC_A_0.65_B_0.60,NOT_SEARCHED_SYSTEMATICALLY,OFFICIAL_DOCUMENT,OAB45_2026_PENAL_PROVA,OAB45_2026_PENAL_KEY,2026-02-22,BANK_POSITION_ONLY_UNLESS_ASSERTION_SPECIFIES_SOURCE,NO_DEFECT_ESTABLISHED,Distinguir atipicidade em relação ao art.19 de ausência de qualquer infração. A banca admite desclassificação; só o item B integra diretamente o núcleo de analogia.,0.65,procedure.adversarial_response
FGV_OAB45_2026_Q2::B1,FGV_OAB45_2026_Q2,B1,O empréstimo pessoal fraudulento não deve ser assimilado ao financiamento do art.19; o espelho aceita atipicidade relativa ao enquadramento ou desclassificação para estelionato.,ACCEPTED_BY_RUBRIC,typicity.typification_financing;legality.strict,,,Lei7.492/1986 art.19; CP171 — cotejo jurisprudencial específico pendente,TYPE_SCOPE_AND_RELATIVE_ATYPICALITY,RUBRIC_A_0.65_B_0.60,NOT_SEARCHED_SYSTEMATICALLY,OFFICIAL_DOCUMENT,OAB45_2026_PENAL_PROVA,OAB45_2026_PENAL_KEY,2026-02-22,BANK_POSITION_ONLY_UNLESS_ASSERTION_SPECIFIES_SOURCE,NO_DEFECT_ESTABLISHED,Distinguir atipicidade em relação ao art.19 de ausência de qualquer infração. A banca admite desclassificação; só o item B integra diretamente o núcleo de analogia.,0.35,typicity.typification_financing;legality.strict
FGV_OAB45_2026_Q2::B2,FGV_OAB45_2026_Q2,B2,É vedada analogia prejudicial ao acusado para fundamentar aquele enquadramento.,ACCEPTED_BY_RUBRIC,legality.analogy;legality.strict,analogia in malam partem,,CP1; CF5XXXIX,ANALOGY_IN_MALAM_PARTEM,RUBRIC_A_0.65_B_0.60,NOT_SEARCHED_SYSTEMATICALLY,OFFICIAL_DOCUMENT,OAB45_2026_PENAL_PROVA,OAB45_2026_PENAL_KEY,2026-02-22,PRIMARY_CP1_SUPPORTS_LEGALITY; exact financing precedent pending,NO_DEFECT_ESTABLISHED,Distinguir atipicidade em relação ao art.19 de ausência de qualquer infração. A banca admite desclassificação; só o item B integra diretamente o núcleo de analogia.,0.25,legality.analogy;legality.strict
FGV_OAB45_2026_Q3::A,FGV_OAB45_2026_Q3,A,A lei posterior mais gravosa não pode elevar a pena mínima aplicável ao fato anterior.,ACCEPTED_BY_RUBRIC,law.harsher_nonretroactivity,,,CP2; CF5XL; Lei14.994/2024,JUDGMENT_DATE_FOR_OFFENSE_DATE,RUBRIC_A_0.65_B_0.60,NOT_SEARCHED_SYSTEMATICALLY,OFFICIAL_DOCUMENT,OAB45_2026_PENAL_PROVA,OAB45_2026_PENAL_KEY,2026-02-22,PRIMARY_CP2_SUPPORTS_TEMPORAL_RULE; exam-specific chronology from official rubric,NO_DEFECT_ESTABLISHED,Separar lei penal no tempo de limite processual à nova condenação. A data do novo júri não substitui a data do fato.,0.65,law.harsher_nonretroactivity
FGV_OAB45_2026_Q3::B,FGV_OAB45_2026_Q3,B,"Após anulação provocada apenas pela defesa, o espelho exige a vedação à reformatio in pejus indireta.",ACCEPTED_BY_RUBRIC,procedure.reformatio_in_pejus,,,CPP617 — referência do espelho; limites e exceções exigem auditoria própria,,RUBRIC_A_0.65_B_0.60,NOT_SEARCHED_SYSTEMATICALLY,OFFICIAL_DOCUMENT,OAB45_2026_PENAL_PROVA,OAB45_2026_PENAL_KEY,2026-02-22,BANK_POSITION_ONLY_UNLESS_ASSERTION_SPECIFIES_SOURCE,NO_DEFECT_ESTABLISHED,Separar lei penal no tempo de limite processual à nova condenação. A data do novo júri não substitui a data do fato.,0.60,procedure.reformatio_in_pejus
FGV_OAB46_2026_PECA::1,FGV_OAB46_2026_PECA,1,Endereçar ao juízo criminal da comarca indicada.,ACCEPTED_BY_RUBRIC,procedure.response_accusation,,,CPP — espelho,,RESPOSTA_A_ACUSACAO_RUBRIC_5.00,NOT_SEARCHED_SYSTEMATICALLY,OFFICIAL_DOCUMENT,OAB46_2026_PENAL_PROVA,OAB46_2026_PENAL_KEY,2026-06-21,BANK_POSITION_ONLY_UNLESS_ASSERTION_SPECIFIES_SOURCE,RUBRIC_SCOPE_CAUTION_TELEMATIC_GENERALIZATION,Transformar identificação do limite do tipo em fundamento e pedido; a decomposição da rubrica não autoriza renderizar a peça antes de auditar os pré-requisitos processuais.,0.10,procedure.response_accusation
FGV_OAB46_2026_PECA::2,FGV_OAB46_2026_PECA,2,Identificar resposta à acusação e seu fundamento.,ACCEPTED_BY_RUBRIC,procedure.response_accusation,,,CPP396/396-A,,RESPOSTA_A_ACUSACAO_RUBRIC_5.00,NOT_SEARCHED_SYSTEMATICALLY,OFFICIAL_DOCUMENT,OAB46_2026_PENAL_PROVA,OAB46_2026_PENAL_KEY,2026-06-21,BANK_POSITION_ONLY_UNLESS_ASSERTION_SPECIFIES_SOURCE,RUBRIC_SCOPE_CAUTION_TELEMATIC_GENERALIZATION,Transformar identificação do limite do tipo em fundamento e pedido; a decomposição da rubrica não autoriza renderizar a peça antes de auditar os pré-requisitos processuais.,0.10,procedure.response_accusation
FGV_OAB46_2026_PECA::3,FGV_OAB46_2026_PECA,3,Indicar prazo de dez dias.,ACCEPTED_BY_RUBRIC,procedure.response_accusation,,,CPP396,,RESPOSTA_A_ACUSACAO_RUBRIC_5.00,NOT_SEARCHED_SYSTEMATICALLY,OFFICIAL_DOCUMENT,OAB46_2026_PENAL_PROVA,OAB46_2026_PENAL_KEY,2026-06-21,BANK_POSITION_ONLY_UNLESS_ASSERTION_SPECIFIES_SOURCE,RUBRIC_SCOPE_CAUTION_TELEMATIC_GENERALIZATION,Transformar identificação do limite do tipo em fundamento e pedido; a decomposição da rubrica não autoriza renderizar a peça antes de auditar os pré-requisitos processuais.,0.10,procedure.response_accusation
FGV_OAB46_2026_PECA::4,FGV_OAB46_2026_PECA,4,Alegar inépcia pela falta de descrição da conduta típica atribuível ao acusado.,ACCEPTED_BY_RUBRIC,procedure.accusation_individualization,,,CPP41,,RESPOSTA_A_ACUSACAO_RUBRIC_5.00,NOT_SEARCHED_SYSTEMATICALLY,OFFICIAL_DOCUMENT,OAB46_2026_PENAL_PROVA,OAB46_2026_PENAL_KEY,2026-06-21,BANK_POSITION_ONLY_UNLESS_ASSERTION_SPECIFIES_SOURCE,RUBRIC_SCOPE_CAUTION_TELEMATIC_GENERALIZATION,Transformar identificação do limite do tipo em fundamento e pedido; a decomposição da rubrica não autoriza renderizar a peça antes de auditar os pré-requisitos processuais.,0.80,procedure.accusation_individualization
FGV_OAB46_2026_PECA::5,FGV_OAB46_2026_PECA,5,O espelho considera ilícito o acesso aos dados do telefone sem autorização no caso apresentado.,ACCEPTED_BY_RUBRIC,procedure.digital_evidence,,,CF5XII — fundamento do espelho; extensão e exceções pendentes,,RESPOSTA_A_ACUSACAO_RUBRIC_5.00,NOT_SEARCHED_SYSTEMATICALLY,OFFICIAL_DOCUMENT,OAB46_2026_PENAL_PROVA,OAB46_2026_PENAL_KEY,2026-06-21,BANK_POSITION_ONLY_UNLESS_ASSERTION_SPECIFIES_SOURCE,RUBRIC_SCOPE_CAUTION_TELEMATIC_GENERALIZATION,Transformar identificação do limite do tipo em fundamento e pedido; a decomposição da rubrica não autoriza renderizar a peça antes de auditar os pré-requisitos processuais.,0.80,procedure.digital_evidence
FGV_OAB46_2026_PECA::6,FGV_OAB46_2026_PECA,6,"Reconhecer atipicidade do art.288-A: a finalidade descrita envolve contravenção em lei especial, fora dos crimes previstos no CP exigidos pelo tipo.",ACCEPTED_BY_RUBRIC,legality.strict;classification.crime_contravention;typicity.formal,,,CP288-A,,RESPOSTA_A_ACUSACAO_RUBRIC_5.00,NOT_SEARCHED_SYSTEMATICALLY,OFFICIAL_DOCUMENT,OAB46_2026_PENAL_PROVA,OAB46_2026_PENAL_KEY,2026-06-21,PRIMARY_CP288A_TEXT_CHECKED; application according to official rubric,RUBRIC_SCOPE_CAUTION_TELEMATIC_GENERALIZATION,Transformar identificação do limite do tipo em fundamento e pedido; a decomposição da rubrica não autoriza renderizar a peça antes de auditar os pré-requisitos processuais.,0.80,legality.strict;classification.crime_contravention;typicity.formal
FGV_OAB46_2026_PECA::7,FGV_OAB46_2026_PECA,7,Pedir desentranhamento da prova ilícita.,ACCEPTED_BY_RUBRIC,procedure.digital_evidence,,,CPP157; CF5LVI,,RESPOSTA_A_ACUSACAO_RUBRIC_5.00,NOT_SEARCHED_SYSTEMATICALLY,OFFICIAL_DOCUMENT,OAB46_2026_PENAL_PROVA,OAB46_2026_PENAL_KEY,2026-06-21,BANK_POSITION_ONLY_UNLESS_ASSERTION_SPECIFIES_SOURCE,RUBRIC_SCOPE_CAUTION_TELEMATIC_GENERALIZATION,Transformar identificação do limite do tipo em fundamento e pedido; a decomposição da rubrica não autoriza renderizar a peça antes de auditar os pré-requisitos processuais.,0.45,procedure.digital_evidence
FGV_OAB46_2026_PECA::8,FGV_OAB46_2026_PECA,8,Pedir rejeição por inépcia.,ACCEPTED_BY_RUBRIC,procedure.accusation_individualization,,,CPP395I,,RESPOSTA_A_ACUSACAO_RUBRIC_5.00,NOT_SEARCHED_SYSTEMATICALLY,OFFICIAL_DOCUMENT,OAB46_2026_PENAL_PROVA,OAB46_2026_PENAL_KEY,2026-06-21,BANK_POSITION_ONLY_UNLESS_ASSERTION_SPECIFIES_SOURCE,RUBRIC_SCOPE_CAUTION_TELEMATIC_GENERALIZATION,Transformar identificação do limite do tipo em fundamento e pedido; a decomposição da rubrica não autoriza renderizar a peça antes de auditar os pré-requisitos processuais.,0.30,procedure.accusation_individualization
FGV_OAB46_2026_PECA::9,FGV_OAB46_2026_PECA,9,Pedir rejeição por ausência de justa causa diante da falta de prova lícita indicada.,ACCEPTED_BY_RUBRIC,procedure.just_cause,,,CPP395III,,RESPOSTA_A_ACUSACAO_RUBRIC_5.00,NOT_SEARCHED_SYSTEMATICALLY,OFFICIAL_DOCUMENT,OAB46_2026_PENAL_PROVA,OAB46_2026_PENAL_KEY,2026-06-21,BANK_POSITION_ONLY_UNLESS_ASSERTION_SPECIFIES_SOURCE,RUBRIC_SCOPE_CAUTION_TELEMATIC_GENERALIZATION,Transformar identificação do limite do tipo em fundamento e pedido; a decomposição da rubrica não autoriza renderizar a peça antes de auditar os pré-requisitos processuais.,0.30,procedure.just_cause
FGV_OAB46_2026_PECA::10,FGV_OAB46_2026_PECA,10,Pedir absolvição sumária por atipicidade.,ACCEPTED_BY_RUBRIC,typicity.formal;procedure.summary_acquittal,,,CPP397III,,RESPOSTA_A_ACUSACAO_RUBRIC_5.00,NOT_SEARCHED_SYSTEMATICALLY,OFFICIAL_DOCUMENT,OAB46_2026_PENAL_PROVA,OAB46_2026_PENAL_KEY,2026-06-21,BANK_POSITION_ONLY_UNLESS_ASSERTION_SPECIFIES_SOURCE,RUBRIC_SCOPE_CAUTION_TELEMATIC_GENERALIZATION,Transformar identificação do limite do tipo em fundamento e pedido; a decomposição da rubrica não autoriza renderizar a peça antes de auditar os pré-requisitos processuais.,0.60,typicity.formal;procedure.summary_acquittal
FGV_OAB46_2026_PECA::11,FGV_OAB46_2026_PECA,11,Apresentar rol respeitando o máximo de oito testemunhas.,ACCEPTED_BY_RUBRIC,procedure.witness_list,,,CPP401,,RESPOSTA_A_ACUSACAO_RUBRIC_5.00,NOT_SEARCHED_SYSTEMATICALLY,OFFICIAL_DOCUMENT,OAB46_2026_PENAL_PROVA,OAB46_2026_PENAL_KEY,2026-06-21,BANK_POSITION_ONLY_UNLESS_ASSERTION_SPECIFIES_SOURCE,RUBRIC_SCOPE_CAUTION_TELEMATIC_GENERALIZATION,Transformar identificação do limite do tipo em fundamento e pedido; a decomposição da rubrica não autoriza renderizar a peça antes de auditar os pré-requisitos processuais.,0.45,procedure.witness_list
FGV_OAB46_2026_PECA::12,FGV_OAB46_2026_PECA,12,"Datar em18/06/2026, último dia segundo o espelho.",ACCEPTED_BY_RUBRIC,procedure.deadline,,,Cronologia do enunciado e padrão,,RESPOSTA_A_ACUSACAO_RUBRIC_5.00,NOT_SEARCHED_SYSTEMATICALLY,OFFICIAL_DOCUMENT,OAB46_2026_PENAL_PROVA,OAB46_2026_PENAL_KEY,2026-06-21,BANK_POSITION_ONLY_UNLESS_ASSERTION_SPECIFIES_SOURCE,RUBRIC_SCOPE_CAUTION_TELEMATIC_GENERALIZATION,Transformar identificação do limite do tipo em fundamento e pedido; a decomposição da rubrica não autoriza renderizar a peça antes de auditar os pré-requisitos processuais.,0.10,procedure.deadline
FGV_OAB46_2026_PECA::13,FGV_OAB46_2026_PECA,13,"Fechar com local, data e identificação profissional.",ACCEPTED_BY_RUBRIC,procedure.response_accusation,,,Espelho oficial,,RESPOSTA_A_ACUSACAO_RUBRIC_5.00,NOT_SEARCHED_SYSTEMATICALLY,OFFICIAL_DOCUMENT,OAB46_2026_PENAL_PROVA,OAB46_2026_PENAL_KEY,2026-06-21,BANK_POSITION_ONLY_UNLESS_ASSERTION_SPECIFIES_SOURCE,RUBRIC_SCOPE_CAUTION_TELEMATIC_GENERALIZATION,Transformar identificação do limite do tipo em fundamento e pedido; a decomposição da rubrica não autoriza renderizar a peça antes de auditar os pré-requisitos processuais.,0.10,procedure.response_accusation
FGV_OAB46_2026_Q1::A_route1,FGV_OAB46_2026_Q1,A_route1,"O espelho aceita desistência voluntária, com referência ao art.15.",ACCEPTED_ALTERNATIVE_NOT_CUMULATIVE,iter_criminis.voluntary_desistance,,,CP15,,A_ALTERNATIVE_ROUTES_0.65_B_0.60,NOT_SEARCHED_SYSTEMATICALLY,OFFICIAL_DOCUMENT,OAB46_2026_PENAL_PROVA,OAB46_2026_PENAL_KEY,2026-06-21,BANK_POSITION_ONLY_UNLESS_ASSERTION_SPECIFIES_SOURCE,EXECUTION_START_NOT_RESOLVED,"Não fundir desistência voluntária e atos preparatórios. São vias alternativas aceitas pela banca, com pressupostos distintos. ItemB permite trabalhar fonte/competência em aplicação.",0.65_CAP_SHARED_WITH_A_route2,iter_criminis.voluntary_desistance
FGV_OAB46_2026_Q1::A_route2,FGV_OAB46_2026_Q1,A_route2,O espelho também aceita atipicidade por atos meramente preparatórios.,ACCEPTED_ALTERNATIVE_NOT_CUMULATIVE,iter_criminis.preparatory,,,,,A_ALTERNATIVE_ROUTES_0.65_B_0.60,NOT_SEARCHED_SYSTEMATICALLY,OFFICIAL_DOCUMENT,OAB46_2026_PENAL_PROVA,OAB46_2026_PENAL_KEY,2026-06-21,BANK_POSITION_ONLY_UNLESS_ASSERTION_SPECIFIES_SOURCE,EXECUTION_START_NOT_RESOLVED,"Não fundir desistência voluntária e atos preparatórios. São vias alternativas aceitas pela banca, com pressupostos distintos. ItemB permite trabalhar fonte/competência em aplicação.",0.65_CAP_SHARED_WITH_A_route1,iter_criminis.preparatory
FGV_OAB46_2026_Q1::B,FGV_OAB46_2026_Q1,B,O espelho aceita inconstitucionalidade da lei municipal por competência da União sobre processo penal ou por garantias constitucionais indicadas.,ACCEPTED_ALTERNATIVE_GROUNDS,legality.competence,,,CF22I; CF5LIV/LV/LVII,,A_ALTERNATIVE_ROUTES_0.65_B_0.60,NOT_SEARCHED_SYSTEMATICALLY,OFFICIAL_DOCUMENT,OAB46_2026_PENAL_PROVA,OAB46_2026_PENAL_KEY,2026-06-21,PRIMARY_CF22I_CHECKED_FOR_COMPETENCE_ROUTE; no blanket claim of exclusivity ignoring sole paragraph,ALTERNATIVE_DOGMATIC_ROUTES_IN_RUBRIC,"Não fundir desistência voluntária e atos preparatórios. São vias alternativas aceitas pela banca, com pressupostos distintos. ItemB permite trabalhar fonte/competência em aplicação.",0.60,legality.competence
FGV_ENAC2026_1_Q98::A,FGV_ENAC2026_1_Q98,A,"Se o juiz limita a incidência a uma majorante concorrente da parte especial, aplica a que mais aumenta a pena.",ACCEPTED_BY_KEY,penalty.multiple_majorants;legality.strict,,,CP68parágrafoúnico,RULE_APPLICATION,A,NOT_SEARCHED_SYSTEMATICALLY,OFFICIAL_DOCUMENT,ENAC2026_PROVA,ENAC2026_KEY,2026-06-14,PRIMARY_CP68_TEXT_CHECKED,NO_DEFECT_ESTABLISHED,"O item já pertence ao ENAC300 pass1. Esta é decomposição complementar, não nova descoberta de prova. Cobrança central de dosimetria; conexão com limites legais não transforma o item inteiro em Introdução.",,penalty.multiple_majorants;legality.strict
FGV_ENAC2026_1_Q98::B,FGV_ENAC2026_1_Q98,B,O juiz teria liberdade para escolher a majorante mais benéfica.,REJECTED_BY_KEY,penalty.multiple_majorants,,,,DISCRETION_WITHOUT_STATUTORY_LIMIT,A,NOT_SEARCHED_SYSTEMATICALLY,OFFICIAL_DOCUMENT,ENAC2026_PROVA,ENAC2026_KEY,2026-06-14,BANK_POSITION_ONLY_UNLESS_ASSERTION_SPECIFIES_SOURCE,NO_DEFECT_ESTABLISHED,"O item já pertence ao ENAC300 pass1. Esta é decomposição complementar, não nova descoberta de prova. Cobrança central de dosimetria; conexão com limites legais não transforma o item inteiro em Introdução.",,penalty.multiple_majorants
FGV_ENAC2026_1_Q98::C,FGV_ENAC2026_1_Q98,C,Seria obrigatória a cumulação de todas as majorantes.,REJECTED_BY_KEY,penalty.multiple_majorants,,,,PERMISSION_TURNED_INTO_OBLIGATION,A,NOT_SEARCHED_SYSTEMATICALLY,OFFICIAL_DOCUMENT,ENAC2026_PROVA,ENAC2026_KEY,2026-06-14,BANK_POSITION_ONLY_UNLESS_ASSERTION_SPECIFIES_SOURCE,NO_DEFECT_ESTABLISHED,"O item já pertence ao ENAC300 pass1. Esta é decomposição complementar, não nova descoberta de prova. Cobrança central de dosimetria; conexão com limites legais não transforma o item inteiro em Introdução.",,penalty.multiple_majorants
FGV_ENAC2026_1_Q98::D,FGV_ENAC2026_1_Q98,D,Individualização e favor rei autorizariam selecionar a menor majorante contra a regra legal.,REJECTED_BY_KEY,legality.strict;penalty.multiple_majorants,,,,PRINCIPLE_OVERRIDES_EXPRESS_RULE,A,NOT_SEARCHED_SYSTEMATICALLY,OFFICIAL_DOCUMENT,ENAC2026_PROVA,ENAC2026_KEY,2026-06-14,BANK_POSITION_ONLY_UNLESS_ASSERTION_SPECIFIES_SOURCE,NO_DEFECT_ESTABLISHED,"O item já pertence ao ENAC300 pass1. Esta é decomposição complementar, não nova descoberta de prova. Cobrança central de dosimetria; conexão com limites legais não transforma o item inteiro em Introdução.",,legality.strict;penalty.multiple_majorants
FGV_ENAC2026_1_Q98::E,FGV_ENAC2026_1_Q98,E,"Somente a extorsão exigiria cumulação, permitindo no roubo escolher a mais favorável.",REJECTED_BY_KEY,penalty.multiple_majorants,,,,UNSUPPORTED_CRIME_DISTINCTION,A,NOT_SEARCHED_SYSTEMATICALLY,OFFICIAL_DOCUMENT,ENAC2026_PROVA,ENAC2026_KEY,2026-06-14,BANK_POSITION_ONLY_UNLESS_ASSERTION_SPECIFIES_SOURCE,NO_DEFECT_ESTABLISHED,"O item já pertence ao ENAC300 pass1. Esta é decomposição complementar, não nova descoberta de prova. Cobrança central de dosimetria; conexão com limites legais não transforma o item inteiro em Introdução.",,penalty.multiple_majorants
CEBRASPE_PCGO2017_Q16::A,CEBRASPE_PCGO2017_Q16,A,Criminologia seria normativa e unidisciplinar.,NO_VALIDATED_OPTION_ANNULLED,criminology.vs_dogmatics,,,,SCIENCE_METHOD_SWAP,X,NOT_SEARCHED_SYSTEMATICALLY,OFFICIAL_DOCUMENT,PCGO2017_PROVA,PCGO2017_KEY,2017-02-05,BANK_POSITION_ONLY_UNLESS_ASSERTION_SPECIFIES_SOURCE,OFFICIAL_ANNULMENT_AND_REASON_OPTION_MISMATCH,"Anulada. A justificativa oficial cita depende na opção apontada como gabarito, mas a tabela registra B e o termo aparece em C no caderno. Preservar essa divergência documental. Concurso encerrado em2018 com resultado tornado sem efeito.",,criminology.vs_dogmatics
CEBRASPE_PCGO2017_Q16::B,CEBRASPE_PCGO2017_Q16,B,Direito Penal define condutas e penas; Criminologia observa infrações como fenômeno humano e biopsicossocial.,NO_VALIDATED_OPTION_ANNULLED,criminology.vs_dogmatics,,,,CONCEPTUAL_CONTRAST,X,NOT_SEARCHED_SYSTEMATICALLY,OFFICIAL_DOCUMENT,PCGO2017_PROVA,PCGO2017_KEY,2017-02-05,BANK_POSITION_ONLY_UNLESS_ASSERTION_SPECIFIES_SOURCE,OFFICIAL_ANNULMENT_AND_REASON_OPTION_MISMATCH,"Anulada. A justificativa oficial cita depende na opção apontada como gabarito, mas a tabela registra B e o termo aparece em C no caderno. Preservar essa divergência documental. Concurso encerrado em2018 com resultado tornado sem efeito.",,criminology.vs_dogmatics
CEBRASPE_PCGO2017_Q16::C,CEBRASPE_PCGO2017_Q16,C,Criminologia alimentaria o Direito Penal sem dele depender.,NO_VALIDATED_OPTION_ANNULLED,criminology.vs_dogmatics,,,,ABSOLUTE_INDEPENDENCE,X,NOT_SEARCHED_SYSTEMATICALLY,OFFICIAL_DOCUMENT,PCGO2017_PROVA,PCGO2017_KEY,2017-02-05,BANK_POSITION_ONLY_UNLESS_ASSERTION_SPECIFIES_SOURCE,OFFICIAL_ANNULMENT_AND_REASON_OPTION_MISMATCH,"Anulada. A justificativa oficial cita depende na opção apontada como gabarito, mas a tabela registra B e o termo aparece em C no caderno. Preservar essa divergência documental. Concurso encerrado em2018 com resultado tornado sem efeito.",,criminology.vs_dogmatics
CEBRASPE_PCGO2017_Q16::D,CEBRASPE_PCGO2017_Q16,D,Vítima só seria objeto criminológico se não tivesse responsabilidade no crime.,NO_VALIDATED_OPTION_ANNULLED,criminology.objects,,,,VICTIM_RESTRICTION,X,NOT_SEARCHED_SYSTEMATICALLY,OFFICIAL_DOCUMENT,PCGO2017_PROVA,PCGO2017_KEY,2017-02-05,BANK_POSITION_ONLY_UNLESS_ASSERTION_SPECIFIES_SOURCE,OFFICIAL_ANNULMENT_AND_REASON_OPTION_MISMATCH,"Anulada. A justificativa oficial cita depende na opção apontada como gabarito, mas a tabela registra B e o termo aparece em C no caderno. Preservar essa divergência documental. Concurso encerrado em2018 com resultado tornado sem efeito.",,criminology.objects
CEBRASPE_PCGO2017_Q16::E,CEBRASPE_PCGO2017_Q16,E,"Objetos seriam delinquente, vítima, Judiciário e controle social.",NO_VALIDATED_OPTION_ANNULLED,criminology.objects,,,,OBJECT_SUBSTITUTION,X,NOT_SEARCHED_SYSTEMATICALLY,OFFICIAL_DOCUMENT,PCGO2017_PROVA,PCGO2017_KEY,2017-02-05,BANK_POSITION_ONLY_UNLESS_ASSERTION_SPECIFIES_SOURCE,OFFICIAL_ANNULMENT_AND_REASON_OPTION_MISMATCH,"Anulada. A justificativa oficial cita depende na opção apontada como gabarito, mas a tabela registra B e o termo aparece em C no caderno. Preservar essa divergência documental. Concurso encerrado em2018 com resultado tornado sem efeito.",,criminology.objects
CEBRASPE_PCGO2017_Q17::A,CEBRASPE_PCGO2017_Q17,A,"Criminologia visaria apenas delinquentes/ressocialização, em contraste com prevenção na Política Criminal.",REJECTED_BY_KEY,criminology.empirical;policy_criminal.role,,,,FUNCTION_REDUCTION,D,NOT_SEARCHED_SYSTEMATICALLY,OFFICIAL_DOCUMENT,PCGO2017_PROVA,PCGO2017_KEY,2017-02-05,BANK_POSITION_ONLY_UNLESS_ASSERTION_SPECIFIES_SOURCE,NO_DEFECT_ESTABLISHED,Gabarito histórico do item não supera o encerramento do concurso. Termos causais/periculosidade exigem delimitação de paradigma; não virar definição exclusiva de toda Criminologia.,,criminology.empirical;policy_criminal.role
CEBRASPE_PCGO2017_Q17::B,CEBRASPE_PCGO2017_Q17,B,Sua finalidade diante do Direito Penal seria eliminar o crime.,REJECTED_BY_KEY,criminology.empirical,,,,ABSOLUTE_OUTCOME,D,NOT_SEARCHED_SYSTEMATICALLY,OFFICIAL_DOCUMENT,PCGO2017_PROVA,PCGO2017_KEY,2017-02-05,BANK_POSITION_ONLY_UNLESS_ASSERTION_SPECIFIES_SOURCE,NO_DEFECT_ESTABLISHED,Gabarito histórico do item não supera o encerramento do concurso. Termos causais/periculosidade exigem delimitação de paradigma; não virar definição exclusiva de toda Criminologia.,,criminology.empirical
CEBRASPE_PCGO2017_Q17::C,CEBRASPE_PCGO2017_Q17,C,A determinação da etimologia do crime seria sua finalidade.,REJECTED_BY_KEY,criminology.empirical,,,,ETYMOLOGY_FOR_ETIOLOGY,D,NOT_SEARCHED_SYSTEMATICALLY,OFFICIAL_DOCUMENT,PCGO2017_PROVA,PCGO2017_KEY,2017-02-05,BANK_POSITION_ONLY_UNLESS_ASSERTION_SPECIFIES_SOURCE,NO_DEFECT_ESTABLISHED,Gabarito histórico do item não supera o encerramento do concurso. Termos causais/periculosidade exigem delimitação de paradigma; não virar definição exclusiva de toda Criminologia.,,criminology.empirical
CEBRASPE_PCGO2017_Q17::D,CEBRASPE_PCGO2017_Q17,D,Entre seus aspectos estariam causas e concausas da criminalidade e periculosidade preparatória.,ACCEPTED_BY_KEY,criminology.empirical,,,,HISTORICAL_ETIOLOGICAL_FORMULATION,D,NOT_SEARCHED_SYSTEMATICALLY,OFFICIAL_DOCUMENT,PCGO2017_PROVA,PCGO2017_KEY,2017-02-05,BANK_POSITION_ONLY_UNLESS_ASSERTION_SPECIFIES_SOURCE,NO_DEFECT_ESTABLISHED,Gabarito histórico do item não supera o encerramento do concurso. Termos causais/periculosidade exigem delimitação de paradigma; não virar definição exclusiva de toda Criminologia.,,criminology.empirical
CEBRASPE_PCGO2017_Q17::E,CEBRASPE_PCGO2017_Q17,E,A orientação político-criminal seria de prevenção especial e direta na intervenção descrita.,REJECTED_BY_KEY,policy_criminal.role,,,,PREVENTION_AXIS_CONFUSION,D,NOT_SEARCHED_SYSTEMATICALLY,OFFICIAL_DOCUMENT,PCGO2017_PROVA,PCGO2017_KEY,2017-02-05,BANK_POSITION_ONLY_UNLESS_ASSERTION_SPECIFIES_SOURCE,NO_DEFECT_ESTABLISHED,Gabarito histórico do item não supera o encerramento do concurso. Termos causais/periculosidade exigem delimitação de paradigma; não virar definição exclusiva de toda Criminologia.,,policy_criminal.role
CEBRASPE_PCGO2017_Q18::A,CEBRASPE_PCGO2017_Q18,A,Mudança de gestão escolar para melhorar ensino seria prevenção terciária.,REJECTED_BY_KEY,criminology.prevention_levels,,,,PRIMARY_TERTIARY_SWAP,E,NOT_SEARCHED_SYSTEMATICALLY,OFFICIAL_DOCUMENT,PCGO2017_PROVA,PCGO2017_KEY,2017-02-05,BANK_POSITION_ONLY_UNLESS_ASSERTION_SPECIFIES_SOURCE,NO_DEFECT_ESTABLISHED,"Distinguir destinatário, momento e mecanismo de prevenção. Histórico de concurso encerrado; não contar como eficácia comprovada de políticas.",,criminology.prevention_levels
CEBRASPE_PCGO2017_Q18::B,CEBRASPE_PCGO2017_Q18,B,Trabalho seria prevenção secundária baseada no processo motivacional.,REJECTED_BY_KEY,criminology.prevention_levels,,,,PREVENTION_AXIS_CONFUSION,E,NOT_SEARCHED_SYSTEMATICALLY,OFFICIAL_DOCUMENT,PCGO2017_PROVA,PCGO2017_KEY,2017-02-05,BANK_POSITION_ONLY_UNLESS_ASSERTION_SPECIFIES_SOURCE,NO_DEFECT_ESTABLISHED,"Distinguir destinatário, momento e mecanismo de prevenção. Histórico de concurso encerrado; não contar como eficácia comprovada de políticas.",,criminology.prevention_levels
CEBRASPE_PCGO2017_Q18::C,CEBRASPE_PCGO2017_Q18,C,"Prevenção primária seria menos eficaz, individualizada e de curto prazo, dispensando prestações sociais.",REJECTED_BY_KEY,criminology.prevention_levels,,,,MULTIPLE_FALSE_RESTRICTIONS,E,NOT_SEARCHED_SYSTEMATICALLY,OFFICIAL_DOCUMENT,PCGO2017_PROVA,PCGO2017_KEY,2017-02-05,BANK_POSITION_ONLY_UNLESS_ASSERTION_SPECIFIES_SOURCE,NO_DEFECT_ESTABLISHED,"Distinguir destinatário, momento e mecanismo de prevenção. Histórico de concurso encerrado; não contar como eficácia comprovada de políticas.",,criminology.prevention_levels
CEBRASPE_PCGO2017_Q18::D,CEBRASPE_PCGO2017_Q18,D,Apoio investigativo da Força Nacional diante de homicídios seria diretamente prevenção terciária.,REJECTED_BY_KEY,criminology.prevention_levels,,,,SECONDARY_TERTIARY_SWAP,E,NOT_SEARCHED_SYSTEMATICALLY,OFFICIAL_DOCUMENT,PCGO2017_PROVA,PCGO2017_KEY,2017-02-05,BANK_POSITION_ONLY_UNLESS_ASSERTION_SPECIFIES_SOURCE,NO_DEFECT_ESTABLISHED,"Distinguir destinatário, momento e mecanismo de prevenção. Histórico de concurso encerrado; não contar como eficácia comprovada de políticas.",,criminology.prevention_levels
CEBRASPE_PCGO2017_Q18::E,CEBRASPE_PCGO2017_Q18,E,Ações de reabilitação/dissuasão sobre apenado preso para evitar reincidência correspondem à prevenção terciária no item.,ACCEPTED_BY_KEY,criminology.prevention_levels,,,,TARGET_AND_TIMING,E,NOT_SEARCHED_SYSTEMATICALLY,OFFICIAL_DOCUMENT,PCGO2017_PROVA,PCGO2017_KEY,2017-02-05,BANK_POSITION_ONLY_UNLESS_ASSERTION_SPECIFIES_SOURCE,NO_DEFECT_ESTABLISHED,"Distinguir destinatário, momento e mecanismo de prevenção. Histórico de concurso encerrado; não contar como eficácia comprovada de políticas.",,criminology.prevention_levels
CEBRASPE_PCGO2017_Q19::A,CEBRASPE_PCGO2017_Q19,A,Modelo clássico atribuiria aos envolvidos a solução consensual com flexibilização das regras estatais.,REJECTED_BY_KEY,criminology.restoration,,,,MODEL_SWAP,C,NOT_SEARCHED_SYSTEMATICALLY,OFFICIAL_DOCUMENT,PCGO2017_PROVA,PCGO2017_KEY,2017-02-05,BANK_POSITION_ONLY_UNLESS_ASSERTION_SPECIFIES_SOURCE,NO_DEFECT_ESTABLISHED,"Comparar modelos pela finalidade e papel dos envolvidos. Modelo integrador/restaurador é relação terminológica contextual, não sinonímia irrestrita. Histórico de concurso encerrado.",,criminology.restoration
CEBRASPE_PCGO2017_Q19::B,CEBRASPE_PCGO2017_Q19,B,Modelo ressocializador evitaria reincidência por cálculo racional entre castigo legal e proveito.,REJECTED_BY_KEY,criminology.resocialization;penalty.general_prevention,,,,DISSUASION_RESOCIALIZATION_SWAP,C,NOT_SEARCHED_SYSTEMATICALLY,OFFICIAL_DOCUMENT,PCGO2017_PROVA,PCGO2017_KEY,2017-02-05,BANK_POSITION_ONLY_UNLESS_ASSERTION_SPECIFIES_SOURCE,NO_DEFECT_ESTABLISHED,"Comparar modelos pela finalidade e papel dos envolvidos. Modelo integrador/restaurador é relação terminológica contextual, não sinonímia irrestrita. Histórico de concurso encerrado.",,criminology.resocialization;penalty.general_prevention
CEBRASPE_PCGO2017_Q19::C,CEBRASPE_PCGO2017_Q19,C,Medidas despenalizadoras e reparação à vítima com protagonismo dos envolvidos condizem com modelo integrador.,ACCEPTED_BY_KEY,criminology.restoration,,,,MODEL_IDENTIFICATION,C,NOT_SEARCHED_SYSTEMATICALLY,OFFICIAL_DOCUMENT,PCGO2017_PROVA,PCGO2017_KEY,2017-02-05,BANK_POSITION_ONLY_UNLESS_ASSERTION_SPECIFIES_SOURCE,NO_DEFECT_ESTABLISHED,"Comparar modelos pela finalidade e papel dos envolvidos. Modelo integrador/restaurador é relação terminológica contextual, não sinonímia irrestrita. Histórico de concurso encerrado.",,criminology.restoration
CEBRASPE_PCGO2017_Q19::D,CEBRASPE_PCGO2017_Q19,D,Modelo dissuasório teria por eixo reabilitação e retorno positivo à sociedade.,REJECTED_BY_KEY,criminology.resocialization;penalty.general_prevention,,,,RESOCIALIZATION_DISSUASION_SWAP,C,NOT_SEARCHED_SYSTEMATICALLY,OFFICIAL_DOCUMENT,PCGO2017_PROVA,PCGO2017_KEY,2017-02-05,BANK_POSITION_ONLY_UNLESS_ASSERTION_SPECIFIES_SOURCE,NO_DEFECT_ESTABLISHED,"Comparar modelos pela finalidade e papel dos envolvidos. Modelo integrador/restaurador é relação terminológica contextual, não sinonímia irrestrita. Histórico de concurso encerrado.",,criminology.resocialization;penalty.general_prevention
CEBRASPE_PCGO2017_Q19::E,CEBRASPE_PCGO2017_Q19,E,Modelo integrador privilegiaria castigo estatal rápido e necessário como intimidação.,REJECTED_BY_KEY,criminology.restoration;penalty.general_prevention,,,,RESTORATION_DISSUASION_SWAP,C,NOT_SEARCHED_SYSTEMATICALLY,OFFICIAL_DOCUMENT,PCGO2017_PROVA,PCGO2017_KEY,2017-02-05,BANK_POSITION_ONLY_UNLESS_ASSERTION_SPECIFIES_SOURCE,NO_DEFECT_ESTABLISHED,"Comparar modelos pela finalidade e papel dos envolvidos. Modelo integrador/restaurador é relação terminológica contextual, não sinonímia irrestrita. Histórico de concurso encerrado.",,criminology.restoration;penalty.general_prevention
CEBRASPE_DPERN2015_Q85::A,CEBRASPE_DPERN2015_Q85,A,A alegação de desconhecimento da ilicitude isentaria automaticamente Vanessa de culpabilidade.,REJECTED_BY_KEY,culpability.prohibition_error,,,CP21,ALLEGATION_AS_PROOF,C,NOT_SEARCHED_SYSTEMATICALLY,OFFICIAL_DOCUMENT,DPE_RN2015_PROVA_CDN,DPE_RN2015_KEY,2015-12-13,PRIMARY_CP21_RULE; inevitability not established by mere allegation,NO_DEFECT_ESTABLISHED,"Questão aplica princípios em tipo da parte especial. Não confundir aceitação social, falta de dano individual provado e erro de proibição inevitável.",,culpability.prohibition_error
CEBRASPE_DPERN2015_Q85::B,CEBRASPE_DPERN2015_Q85,B,Seria indispensável prova de prejuízo real aos titulares para configurar o crime.,REJECTED_BY_KEY,legal_good.copyright,,,,RESULT_REQUIREMENT_ADDED,C,NOT_SEARCHED_SYSTEMATICALLY,OFFICIAL_DOCUMENT,DPE_RN2015_PROVA_CDN,DPE_RN2015_KEY,2015-12-13,BANK_POSITION_ONLY_UNLESS_ASSERTION_SPECIFIES_SOURCE,NO_DEFECT_ESTABLISHED,"Questão aplica princípios em tipo da parte especial. Não confundir aceitação social, falta de dano individual provado e erro de proibição inevitável.",,legal_good.copyright
CEBRASPE_DPERN2015_Q85::C,CEBRASPE_DPERN2015_Q85,C,A comercialização descrita viola autoria protegida constitucionalmente e configura violação de direito autoral.,ACCEPTED_BY_KEY,legal_good.copyright,,,STJ Súmula502; CP184§2,LEGAL_GOOD_IDENTIFICATION,C,NOT_SEARCHED_SYSTEMATICALLY,OFFICIAL_DOCUMENT,DPE_RN2015_PROVA_CDN,DPE_RN2015_KEY,2015-12-13,PRIMARY_STJ502_SUPPORTS_TYPICALITY,NO_DEFECT_ESTABLISHED,"Questão aplica princípios em tipo da parte especial. Não confundir aceitação social, falta de dano individual provado e erro de proibição inevitável.",,legal_good.copyright
CEBRASPE_DPERN2015_Q85::D,CEBRASPE_DPERN2015_Q85,D,A venda/exposição seria atípica por adequação social.,REJECTED_BY_KEY,principle.social_adequacy,,,TJDFT Acórdão1208991; STJ502,SOCIAL_TOLERANCE_AS_ATYPICALITY,C,NOT_SEARCHED_SYSTEMATICALLY,OFFICIAL_DOCUMENT,DPE_RN2015_PROVA_CDN,DPE_RN2015_KEY,2015-12-13,PRIMARY_TJDFT_THEMATIC_SOURCE_SUPPORTS_REJECTION,NO_DEFECT_ESTABLISHED,"Questão aplica princípios em tipo da parte especial. Não confundir aceitação social, falta de dano individual provado e erro de proibição inevitável.",,principle.social_adequacy
CEBRASPE_DPERN2015_Q85::E,CEBRASPE_DPERN2015_Q85,E,A venda/exposição seria atípica por insignificância.,REJECTED_BY_KEY,principle.insignificance,,,TJDFT Acórdão1208991,INSIGNIFICANCE_AUTOMATIC,C,NOT_SEARCHED_SYSTEMATICALLY,OFFICIAL_DOCUMENT,DPE_RN2015_PROVA_CDN,DPE_RN2015_KEY,2015-12-13,PRIMARY_TJDFT_THEMATIC_SOURCE_SUPPORTS_REJECTION,NO_DEFECT_ESTABLISHED,"Questão aplica princípios em tipo da parte especial. Não confundir aceitação social, falta de dano individual provado e erro de proibição inevitável.",,principle.insignificance
CESPE_TRF2_2013_Q16::A,CESPE_TRF2_2013_Q16,A,Interpretação extensiva alcança o sentido real da norma.,ACCEPTED_BY_KEY,interpretation.methods,,,,EXTENSION_DEFINITION,A,NOT_SEARCHED_SYSTEMATICALLY,OFFICIAL_DOCUMENT,TRF2_2012_PROVA_CDN,TRF2_2013_KEY,2013-01-13,BANK_POSITION_ONLY_UNLESS_ASSERTION_SPECIFIES_SOURCE,EDITORIAL_POSSIBLE_MULTIPLE_ANSWERS_UNRESOLVED,"D também admite analogia favorável, gerando possível dupla resposta. Gabarito A preservado; justificativas dos recursos providos não incluem Q16. Não inventar por que D foi rejeitada.",,interpretation.methods
CESPE_TRF2_2013_Q16::B,CESPE_TRF2_2013_Q16,B,Interpretação analógica seria sempre inadmissível por prejudicar o réu.,REJECTED_BY_KEY,interpretation.methods;legality.analogy,,,,ANALOGY_INTERPRETATION_CONFUSION,A,NOT_SEARCHED_SYSTEMATICALLY,OFFICIAL_DOCUMENT,TRF2_2012_PROVA_CDN,TRF2_2013_KEY,2013-01-13,BANK_POSITION_ONLY_UNLESS_ASSERTION_SPECIFIES_SOURCE,EDITORIAL_POSSIBLE_MULTIPLE_ANSWERS_UNRESOLVED,"D também admite analogia favorável, gerando possível dupla resposta. Gabarito A preservado; justificativas dos recursos providos não incluem Q16. Não inventar por que D foi rejeitada.",,interpretation.methods;legality.analogy
CESPE_TRF2_2013_Q16::C,CESPE_TRF2_2013_Q16,C,Interpretação teleológica buscaria o sentido pela posição das palavras no texto.,REJECTED_BY_KEY,interpretation.methods,,,,TELEOLOGICAL_GRAMMATICAL_SWAP,A,NOT_SEARCHED_SYSTEMATICALLY,OFFICIAL_DOCUMENT,TRF2_2012_PROVA_CDN,TRF2_2013_KEY,2013-01-13,BANK_POSITION_ONLY_UNLESS_ASSERTION_SPECIFIES_SOURCE,EDITORIAL_POSSIBLE_MULTIPLE_ANSWERS_UNRESOLVED,"D também admite analogia favorável, gerando possível dupla resposta. Gabarito A preservado; justificativas dos recursos providos não incluem Q16. Não inventar por que D foi rejeitada.",,interpretation.methods
CESPE_TRF2_2013_Q16::D,CESPE_TRF2_2013_Q16,D,Analogia penal poderia suprir lacuna em favor do réu.,REJECTED_BY_KEY,legality.analogy,,,STJ AgRgHC629387; cotejo específico pendente,POSSIBLY_CORRECT_DISTRACTOR,A,NOT_SEARCHED_SYSTEMATICALLY,OFFICIAL_DOCUMENT,TRF2_2012_PROVA_CDN,TRF2_2013_KEY,2013-01-13,PRIMARY_STJ_EXAMPLE_SUPPORTS_IN_BONAM_PARTEM; historical key conflict remains,EDITORIAL_POSSIBLE_MULTIPLE_ANSWERS_UNRESOLVED,"D também admite analogia favorável, gerando possível dupla resposta. Gabarito A preservado; justificativas dos recursos providos não incluem Q16. Não inventar por que D foi rejeitada.",,legality.analogy
CESPE_TRF2_2013_Q16::E,CESPE_TRF2_2013_Q16,E,Interpretação judicial se manifestaria em súmulas vinculantes editadas pelos tribunais.,REJECTED_BY_KEY,interpretation.methods,,,,COMPETENCE_GENERALIZATION,A,NOT_SEARCHED_SYSTEMATICALLY,OFFICIAL_DOCUMENT,TRF2_2012_PROVA_CDN,TRF2_2013_KEY,2013-01-13,BANK_POSITION_ONLY_UNLESS_ASSERTION_SPECIFIES_SOURCE,EDITORIAL_POSSIBLE_MULTIPLE_ANSWERS_UNRESOLVED,"D também admite analogia favorável, gerando possível dupla resposta. Gabarito A preservado; justificativas dos recursos providos não incluem Q16. Não inventar por que D foi rejeitada.",,interpretation.methods
CESPE_TRF2_2013_Q17::A,CESPE_TRF2_2013_Q17,A,Extinção da punibilidade da sonegação previdenciária seria possível pela declaração/confissão após início da ação fiscal e antes da denúncia.,REJECTED_BY_KEY,typicity.typification_administration,,,,TEMPORAL_REQUIREMENT_SHIFT,E,NOT_SEARCHED_SYSTEMATICALLY,OFFICIAL_DOCUMENT,TRF2_2012_PROVA_CDN,TRF2_2013_KEY,2013-01-13,BANK_POSITION_ONLY_UNLESS_ASSERTION_SPECIFIES_SOURCE,NO_DEFECT_ESTABLISHED,Somente D se liga diretamente ao núcleo de insignificância; demais alternativas exigem tipos e redações próprias. Questão histórica integral não liberada para treino atual.,,typicity.typification_administration
CESPE_TRF2_2013_Q17::B,CESPE_TRF2_2013_Q17,B,Retratação da falsa perícia excluiria punibilidade até trânsito em julgado da sentença cível.,REJECTED_BY_KEY,typicity.typification_administration,,,,PROCEDURAL_MILESTONE_SHIFT,E,NOT_SEARCHED_SYSTEMATICALLY,OFFICIAL_DOCUMENT,TRF2_2012_PROVA_CDN,TRF2_2013_KEY,2013-01-13,BANK_POSITION_ONLY_UNLESS_ASSERTION_SPECIFIES_SOURCE,NO_DEFECT_ESTABLISHED,Somente D se liga diretamente ao núcleo de insignificância; demais alternativas exigem tipos e redações próprias. Questão histórica integral não liberada para treino atual.,,typicity.typification_administration
CESPE_TRF2_2013_Q17::C,CESPE_TRF2_2013_Q17,C,"Diretor que permite comunicação somente entre presos não praticaria crime, pois só se vedaria comunicação externa.",REJECTED_BY_KEY,typicity.typification_administration,,,,TYPE_SCOPE_REDUCTION,E,NOT_SEARCHED_SYSTEMATICALLY,OFFICIAL_DOCUMENT,TRF2_2012_PROVA_CDN,TRF2_2013_KEY,2013-01-13,BANK_POSITION_ONLY_UNLESS_ASSERTION_SPECIFIES_SOURCE,NO_DEFECT_ESTABLISHED,Somente D se liga diretamente ao núcleo de insignificância; demais alternativas exigem tipos e redações próprias. Questão histórica integral não liberada para treino atual.,,typicity.typification_administration
CESPE_TRF2_2013_Q17::D,CESPE_TRF2_2013_Q17,D,Insignificância seria sempre inaplicável ao descaminho.,REJECTED_BY_KEY,principle.insignificance,,,,ABSOLUTE_EXCEPTION_DENIAL,E,NOT_SEARCHED_SYSTEMATICALLY,OFFICIAL_DOCUMENT,TRF2_2012_PROVA_CDN,TRF2_2013_KEY,2013-01-13,BANK_POSITION_ONLY_UNLESS_ASSERTION_SPECIFIES_SOURCE,NO_DEFECT_ESTABLISHED,Somente D se liga diretamente ao núcleo de insignificância; demais alternativas exigem tipos e redações próprias. Questão histórica integral não liberada para treino atual.,,principle.insignificance
CESPE_TRF2_2013_Q17::E,CESPE_TRF2_2013_Q17,E,Imputar contravenção a inocente e provocar investigação pode configurar denunciação caluniosa.,ACCEPTED_BY_KEY,typicity.typification_administration,,,,TYPE_SCOPE_INCLUSION,E,NOT_SEARCHED_SYSTEMATICALLY,OFFICIAL_DOCUMENT,TRF2_2012_PROVA_CDN,TRF2_2013_KEY,2013-01-13,BANK_POSITION_ONLY_UNLESS_ASSERTION_SPECIFIES_SOURCE,NO_DEFECT_ESTABLISHED,Somente D se liga diretamente ao núcleo de insignificância; demais alternativas exigem tipos e redações próprias. Questão histórica integral não liberada para treino atual.,,typicity.typification_administration
CESPE_TRF2_2013_Q18::A,CESPE_TRF2_2013_Q18,A,Pagamento previdenciário antes do recebimento da denúncia permitiria perdão ou só multa nas condições descritas.,REJECTED_BY_KEY,law.historical_type_change,,,,TEMPORAL_REQUIREMENT_SHIFT,E,NOT_SEARCHED_SYSTEMATICALLY,OFFICIAL_DOCUMENT,TRF2_2012_PROVA_CDN,TRF2_2013_KEY,2013-01-13,BANK_POSITION_ONLY_UNLESS_ASSERTION_SPECIFIES_SOURCE,HISTORICAL_LEGAL_CHANGE_REVIEW_REQUIRED,Parte do caderno antecede alterações do art.288 e do tráfico de pessoas. Não trocar nomenclatura quadrilha nem atualizar silenciosamente alternativas. E exemplifica bem jurídico supraindividual.,,law.historical_type_change
CESPE_TRF2_2013_Q18::B,CESPE_TRF2_2013_Q18,B,Ampla defesa excluiria falsa identidade usada para escapar de mandado de prisão.,REJECTED_BY_KEY,legality.strict,,,,GUARANTEE_AS_UNLIMITED_LICENSE,E,NOT_SEARCHED_SYSTEMATICALLY,OFFICIAL_DOCUMENT,TRF2_2012_PROVA_CDN,TRF2_2013_KEY,2013-01-13,BANK_POSITION_ONLY_UNLESS_ASSERTION_SPECIFIES_SOURCE,HISTORICAL_LEGAL_CHANGE_REVIEW_REQUIRED,Parte do caderno antecede alterações do art.288 e do tráfico de pessoas. Não trocar nomenclatura quadrilha nem atualizar silenciosamente alternativas. E exemplifica bem jurídico supraindividual.,,legality.strict
CESPE_TRF2_2013_Q18::C,CESPE_TRF2_2013_Q18,C,A falta de identificação de um dos quatro integrantes impediria condenar os demais por quadrilha.,REJECTED_BY_KEY,law.historical_type_change,,,,IDENTIFICATION_FOR_EXISTENCE,E,NOT_SEARCHED_SYSTEMATICALLY,OFFICIAL_DOCUMENT,TRF2_2012_PROVA_CDN,TRF2_2013_KEY,2013-01-13,BANK_POSITION_ONLY_UNLESS_ASSERTION_SPECIFIES_SOURCE,HISTORICAL_LEGAL_CHANGE_REVIEW_REQUIRED,Parte do caderno antecede alterações do art.288 e do tráfico de pessoas. Não trocar nomenclatura quadrilha nem atualizar silenciosamente alternativas. E exemplifica bem jurídico supraindividual.,,law.historical_type_change
CESPE_TRF2_2013_Q18::D,CESPE_TRF2_2013_Q18,D,Tráfico internacional para exploração sexual teria redução especial para agente que já foi vítima.,REJECTED_BY_KEY,law.historical_type_change,,,,UNSUPPORTED_MITIGATING_RULE,E,NOT_SEARCHED_SYSTEMATICALLY,OFFICIAL_DOCUMENT,TRF2_2012_PROVA_CDN,TRF2_2013_KEY,2013-01-13,BANK_POSITION_ONLY_UNLESS_ASSERTION_SPECIFIES_SOURCE,HISTORICAL_LEGAL_CHANGE_REVIEW_REQUIRED,Parte do caderno antecede alterações do art.288 e do tráfico de pessoas. Não trocar nomenclatura quadrilha nem atualizar silenciosamente alternativas. E exemplifica bem jurídico supraindividual.,,law.historical_type_change
CESPE_TRF2_2013_Q18::E,CESPE_TRF2_2013_Q18,E,A fabricação de nota de pequeno valor não autoriza insignificância no caso.,ACCEPTED_BY_KEY,principle.insignificance;legal_good.public_faith,,,STF notícia institucional localizada; inteiro teor do precedente pendente,LEGAL_GOOD_BEYOND_AMOUNT,E,NOT_SEARCHED_SYSTEMATICALLY,OFFICIAL_DOCUMENT,TRF2_2012_PROVA_CDN,TRF2_2013_KEY,2013-01-13,PRIMARY_STF_SEARCH_SNIPPET_ONLY; full precedent and present-law sweep pending,HISTORICAL_LEGAL_CHANGE_REVIEW_REQUIRED,Parte do caderno antecede alterações do art.288 e do tráfico de pessoas. Não trocar nomenclatura quadrilha nem atualizar silenciosamente alternativas. E exemplifica bem jurídico supraindividual.,,principle.insignificance;legal_good.public_faith
CESPE_DPU2010_Q58::ITEM,CESPE_DPU2010_Q58,ITEM,"Sistema eletrônico de vigilância, por si, tornaria impossível o furto por absoluta ineficácia do meio.",REJECTED_BY_KEY,iter_criminis.impossible_crime,,,STJ Súmula567,RELATIVE_FOR_ABSOLUTE_IMPOSSIBILITY,E,NOT_SEARCHED_SYSTEMATICALLY,OFFICIAL_DOCUMENT,DPU2010_PROVA_CDN,DPU2010_KEY_CDN,2010-03-06,PRIMARY_STJ567_LATER_CORROBORATION_NOT_2010_SOURCE,NO_DEFECT_ESTABLISHED,Comparação histórica com entendimento posteriormente sumulado. Súmula567 é de2016; não atribuir sua existência à prova de2010.,,iter_criminis.impossible_crime
CESPE_DPU2010_Q59::ITEM,CESPE_DPU2010_Q59,ITEM,"Na teoria psicológica, dolo e culpa integram a culpabilidade e a imputabilidade é pressuposto.",ACCEPTED_BY_KEY,culpability.theories,,Teoria psicológica; fonte doutrinária específica pendente,,DOGMATIC_LOCATION,C,NOT_SEARCHED_SYSTEMATICALLY,OFFICIAL_DOCUMENT,DPU2010_PROVA_CDN,DPU2010_KEY_CDN,2010-03-06,BANK_POSITION_ONLY_UNLESS_ASSERTION_SPECIFIES_SOURCE,NO_DEFECT_ESTABLISHED,Comparação entre sistemas do delito; não antecipar detalhes antes de explicar os níveis de análise.,,culpability.theories
CESPE_DPU2010_Q60::ITEM,CESPE_DPU2010_Q60,ITEM,Teoria psicológico-normativa inclui censura a fato descrito no original como típico e jurídico.,ANNULLED_NO_TRUTH_LABEL,culpability.theories,,,DPU2010_RESOURCES_CDN,WORD_CHANGES_LEGAL_MEANING,X,NOT_SEARCHED_SYSTEMATICALLY,OFFICIAL_DOCUMENT,DPU2010_PROVA_CDN,DPU2010_KEY_CDN,2010-03-06,OFFICIAL_REASON_CONFIRMS_DEFECT,CONFIRMED_WORD_ERROR_OFFICIAL_REASON,Justificativa oficial: uso de jurídico em vez de antijurídico prejudicou o julgamento. Preservar original; eventual correção teria outro ID de adaptação.,,culpability.theories
CESPE_DPU2010_Q61::ITEM,CESPE_DPU2010_Q61,ITEM,"Na teoria normativa pura, dolo e culpa são analisados na tipicidade e a culpabilidade expressa reprovação.",ACCEPTED_BY_KEY,culpability.theories;typicity.dolo,,Teoria normativa pura; fonte doutrinária específica pendente,,DOGMATIC_LOCATION,C,NOT_SEARCHED_SYSTEMATICALLY,OFFICIAL_DOCUMENT,DPU2010_PROVA_CDN,DPU2010_KEY_CDN,2010-03-06,BANK_POSITION_ONLY_UNLESS_ASSERTION_SPECIFIES_SOURCE,NO_DEFECT_ESTABLISHED,Contrastar com Q59: mudança de localização de dolo/culpa conforme a construção dogmática. Corrente não se confunde com data de vigência de uma lei.,,culpability.theories;typicity.dolo
CESPE_DPU2010_Q70::1,CESPE_DPU2010_Q70,1,"O comando afirma cabimento de prisão em flagrante dos dois agentes, um deles adolescente.",COMPOSITE_FALSE_COMPONENT_NOT_RESOLVED_BY_KEY,liability.adolescent,,,,ADULT_JUVENILE_CATEGORY_MERGE,E,NOT_SEARCHED_SYSTEMATICALLY,OFFICIAL_DOCUMENT,DPU2010_PROVA_CDN,DPU2010_KEY_CDN,2010-03-06,ECA_SPECIFIC_AUDIT_PENDING,NO_DEFECT_ESTABLISHED,O item é uma conjunção. Seu gabarito E não torna falsas todas as proposições componentes. O adolescente tem17anos; não igualar prisão de adulto e apreensão. Não converter narrativa longa em dificuldade alta automaticamente.,,liability.adolescent
CESPE_DPU2010_Q70::2,CESPE_DPU2010_Q70,2,O comando afirma concurso de pessoas entre os agentes.,COMPOSITE_FALSE_COMPONENT_NOT_RESOLVED_BY_KEY,liability.participation,,,,COMPOSITE_ASSERTION,E,NOT_SEARCHED_SYSTEMATICALLY,OFFICIAL_DOCUMENT,DPU2010_PROVA_CDN,DPU2010_KEY_CDN,2010-03-06,COMPONENT_LEGAL_AUDIT_PENDING,NO_DEFECT_ESTABLISHED,O item é uma conjunção. Seu gabarito E não torna falsas todas as proposições componentes. O adolescente tem17anos; não igualar prisão de adulto e apreensão. Não converter narrativa longa em dificuldade alta automaticamente.,,liability.participation
CESPE_DPU2010_Q70::3,CESPE_DPU2010_Q70,3,Restituição e ausência de prejuízo permitiriam insignificância no caso de moeda falsa.,COMPOSITE_FALSE_COMPONENT_NOT_RESOLVED_BY_KEY,principle.insignificance;legal_good.public_faith,,,STF notícia institucional localizada; inteiro teor do precedente pendente,RESTITUTION_AS_AUTOMATIC_ATYPICALITY,E,NOT_SEARCHED_SYSTEMATICALLY,OFFICIAL_DOCUMENT,DPU2010_PROVA_CDN,DPU2010_KEY_CDN,2010-03-06,"PRIMARY_STF_SEARCH_SNIPPET_ONLY; component-level verification remains pending, not inferred from whole-item key",NO_DEFECT_ESTABLISHED,O item é uma conjunção. Seu gabarito E não torna falsas todas as proposições componentes. O adolescente tem17anos; não igualar prisão de adulto e apreensão. Não converter narrativa longa em dificuldade alta automaticamente.,,principle.insignificance;legal_good.public_faith
