atom_id,proposition,status,core_live,evidence_question_ids,global_incidence
classification.crime_contravention,Crime e contravenção não são termos intercambiáveis quando o tipo delimita sua finalidade.,CANDIDATE_NOT_RENDER_READY,CORE_WITH_DATED_APPLICATION,FGV_OAB46_2026_PECA,UNKNOWN_DENOMINATOR_NOT_CLOSED
criminology.objects,"Objeto, método e autonomia da Criminologia exigem delimitação histórica e teórica.",CANDIDATE_NOT_RENDER_READY,CORE_WITH_DATED_APPLICATION,CEBRASPE_PCGO2017_Q16,UNKNOWN_DENOMINATOR_NOT_CLOSED
criminology.prevention_levels,"Prevenção primária, secundária e terciária têm critérios distintos de destinatário e momento.",CANDIDATE_NOT_RENDER_READY,CORE_WITH_DATED_APPLICATION,CEBRASPE_PCGO2017_Q18,UNKNOWN_DENOMINATOR_NOT_CLOSED
culpability.theories,A localização de dolo e culpa varia conforme a teoria da culpabilidade.,CANDIDATE_NOT_RENDER_READY,CORE_WITH_DATED_APPLICATION,CESPE_DPU2010_Q59;CESPE_DPU2010_Q60;CESPE_DPU2010_Q61,UNKNOWN_DENOMINATOR_NOT_CLOSED
interpretation.methods,"Interpretação extensiva, analógica, teleológica e analogia exigem distinção de operações e limites.",CANDIDATE_NOT_RENDER_READY,CORE_WITH_DATED_APPLICATION,CESPE_TRF2_2013_Q16,UNKNOWN_DENOMINATOR_NOT_CLOSED
iter_criminis.impossible_crime,Impossibilidade absoluta não decorre automaticamente de vigilância que dificulta o delito.,CANDIDATE_NOT_RENDER_READY,CORE_WITH_DATED_APPLICATION,CESPE_DPU2010_Q58,UNKNOWN_DENOMINATOR_NOT_CLOSED
iter_criminis.preparatory,Atos preparatórios e início da execução devem ser diferenciados antes de aplicar desistência.,CANDIDATE_NOT_RENDER_READY,CORE_WITH_DATED_APPLICATION,FGV_OAB46_2026_Q1,UNKNOWN_DENOMINATOR_NOT_CLOSED
iter_criminis.voluntary_desistance,Desistência voluntária tem pressupostos diferentes da não iniciação de atos executórios.,CANDIDATE_NOT_RENDER_READY,CORE_WITH_DATED_APPLICATION,FGV_OAB46_2026_Q1,UNKNOWN_DENOMINATOR_NOT_CLOSED
law.harsher_nonretroactivity,Lei penal mais gravosa não se aplica retroativamente ao fato anterior.,CANDIDATE_NOT_RENDER_READY,CORE_WITH_DATED_APPLICATION,FGV_OAB45_2026_Q3,UNKNOWN_DENOMINATOR_NOT_CLOSED
law.historical_type_change,Átomo de ligação identificado na questão; definição jurídica completa pendente de auditoria própria.,CANDIDATE_NOT_RENDER_READY,BRIDGE_SCOPE_PENDING,CESPE_TRF2_2013_Q18,UNKNOWN_DENOMINATOR_NOT_CLOSED
legal_good.copyright,Direitos autorais são o bem tutelado na aplicação examinada de comercialização de mídias falsas.,CANDIDATE_NOT_RENDER_READY,CORE_WITH_DATED_APPLICATION,CEBRASPE_DPERN2015_Q85,UNKNOWN_DENOMINATOR_NOT_CLOSED
legal_good.public_faith,A tutela da fé pública não se reduz ao prejuízo patrimonial individual.,CANDIDATE_NOT_RENDER_READY,CORE_WITH_DATED_APPLICATION,CESPE_DPU2010_Q70;CESPE_TRF2_2013_Q18,UNKNOWN_DENOMINATOR_NOT_CLOSED
legality.competence,Competência legislativa precisa acompanhar o ramo e as regras constitucionais de repartição.,CANDIDATE_NOT_RENDER_READY,CORE_WITH_DATED_APPLICATION,FGV_OAB46_2026_Q1,UNKNOWN_DENOMINATOR_NOT_CLOSED
liability.adolescent,Átomo de ligação identificado na questão; definição jurídica completa pendente de auditoria própria.,CANDIDATE_NOT_RENDER_READY,BRIDGE_SCOPE_PENDING,CESPE_DPU2010_Q70,UNKNOWN_DENOMINATOR_NOT_CLOSED
liability.participation,Átomo de ligação identificado na questão; definição jurídica completa pendente de auditoria própria.,CANDIDATE_NOT_RENDER_READY,BRIDGE_SCOPE_PENDING,CESPE_DPU2010_Q70,UNKNOWN_DENOMINATOR_NOT_CLOSED
penalty.multiple_majorants,Faculdade de limitar majorantes não autoriza ignorar o critério legal da mais gravosa.,CANDIDATE_NOT_RENDER_READY,CORE_WITH_DATED_APPLICATION,FGV_ENAC2026_1_Q98,UNKNOWN_DENOMINATOR_NOT_CLOSED
procedure.accusation_individualization,Átomo de ligação identificado na questão; definição jurídica completa pendente de auditoria própria.,CANDIDATE_NOT_RENDER_READY,BRIDGE_SCOPE_PENDING,FGV_OAB46_2026_PECA,UNKNOWN_DENOMINATOR_NOT_CLOSED
procedure.adversarial_response,Átomo de ligação identificado na questão; definição jurídica completa pendente de auditoria própria.,CANDIDATE_NOT_RENDER_READY,BRIDGE_SCOPE_PENDING,FGV_OAB45_2026_Q2,UNKNOWN_DENOMINATOR_NOT_CLOSED
procedure.deadline,Átomo de ligação identificado na questão; definição jurídica completa pendente de auditoria própria.,CANDIDATE_NOT_RENDER_READY,BRIDGE_SCOPE_PENDING,FGV_OAB46_2026_PECA,UNKNOWN_DENOMINATOR_NOT_CLOSED
procedure.digital_evidence,Átomo de ligação identificado na questão; definição jurídica completa pendente de auditoria própria.,CANDIDATE_NOT_RENDER_READY,BRIDGE_SCOPE_PENDING,FGV_OAB46_2026_PECA,UNKNOWN_DENOMINATOR_NOT_CLOSED
procedure.just_cause,Átomo de ligação identificado na questão; definição jurídica completa pendente de auditoria própria.,CANDIDATE_NOT_RENDER_READY,BRIDGE_SCOPE_PENDING,FGV_OAB46_2026_PECA,UNKNOWN_DENOMINATOR_NOT_CLOSED
procedure.reformatio_in_pejus,Átomo de ligação identificado na questão; definição jurídica completa pendente de auditoria própria.,CANDIDATE_NOT_RENDER_READY,BRIDGE_SCOPE_PENDING,FGV_OAB45_2026_Q3,UNKNOWN_DENOMINATOR_NOT_CLOSED
procedure.response_accusation,Átomo de ligação identificado na questão; definição jurídica completa pendente de auditoria própria.,CANDIDATE_NOT_RENDER_READY,BRIDGE_SCOPE_PENDING,FGV_OAB46_2026_PECA,UNKNOWN_DENOMINATOR_NOT_CLOSED
procedure.summary_acquittal,Átomo de ligação identificado na questão; definição jurídica completa pendente de auditoria própria.,CANDIDATE_NOT_RENDER_READY,BRIDGE_SCOPE_PENDING,FGV_OAB46_2026_PECA,UNKNOWN_DENOMINATOR_NOT_CLOSED
procedure.witness_list,Átomo de ligação identificado na questão; definição jurídica completa pendente de auditoria própria.,CANDIDATE_NOT_RENDER_READY,BRIDGE_SCOPE_PENDING,FGV_OAB46_2026_PECA,UNKNOWN_DENOMINATOR_NOT_CLOSED
typicity.formal,Subsunção depende dos elementos do tipo; afastar um tipo não significa licitude global da conduta.,CANDIDATE_NOT_RENDER_READY,CORE_WITH_DATED_APPLICATION,FGV_OAB46_2026_PECA,UNKNOWN_DENOMINATOR_NOT_CLOSED
typicity.typification_administration,Átomo de ligação identificado na questão; definição jurídica completa pendente de auditoria própria.,CANDIDATE_NOT_RENDER_READY,BRIDGE_SCOPE_PENDING,CESPE_TRF2_2013_Q17,UNKNOWN_DENOMINATOR_NOT_CLOSED
typicity.typification_financing,Átomo de ligação identificado na questão; definição jurídica completa pendente de auditoria própria.,CANDIDATE_NOT_RENDER_READY,BRIDGE_SCOPE_PENDING,FGV_OAB45_2026_Q2,UNKNOWN_DENOMINATOR_NOT_CLOSED
