question_id,exam_id,career,bank,application_date,phase,form,question_number,source_id,key_source_id,official_answer,key_status,knowledge_atoms,relevance,evidence_type,source_confidence,legal_state_at_exam,reviewed_as_of,expert_disagreement,legal_verification,defect_status,note,review_status,estimated_difficulty,source_pages,training_eligibility,empirical_difficulty,global_incidence
FGV_OAB45_2026_Q2,OAB45_PENAL_2FASE,OAB,FGV,2026-02-22,discursiva,Penal,2,OAB45_2026_PENAL_PROVA,OAB45_2026_PENAL_KEY,RUBRIC_A_0.65_B_0.60,DEFINITIVE,legality.strict;legality.analogy;typicity.typification_financing;procedure.adversarial_response,CORE_WITH_PROCESSUAL_BRIDGE,REAL_ITEM,OFFICIAL_DOCUMENT,2026-02-22,2026-10-02,NOT_SEARCHED_SYSTEMATICALLY,BANK_POSITION_ONLY_UNLESS_ASSERTION_SPECIFIES_SOURCE,NO_DEFECT_ESTABLISHED,Distinguir atipicidade em relação ao art.19 de ausência de qualquer infração. A banca admite desclassificação; só o item B integra diretamente o núcleo de analogia.,NEW_SELECTED_DECOMPOSITION,MEDIUM_INTEGRATION_ESTIMATE,prova PDF10; padrão PDF5,LEGAL_REVIEW_PENDING,UNKNOWN,UNKNOWN_DENOMINATOR_NOT_CLOSED
FGV_OAB45_2026_Q3,OAB45_PENAL_2FASE,OAB,FGV,2026-02-22,discursiva,Penal,3,OAB45_2026_PENAL_PROVA,OAB45_2026_PENAL_KEY,RUBRIC_A_0.65_B_0.60,DEFINITIVE,law.harsher_nonretroactivity;procedure.reformatio_in_pejus,CORE_WITH_PROCESSUAL_BRIDGE,REAL_ITEM,OFFICIAL_DOCUMENT,2026-02-22,2026-10-02,NOT_SEARCHED_SYSTEMATICALLY,BANK_POSITION_ONLY_UNLESS_ASSERTION_SPECIFIES_SOURCE,NO_DEFECT_ESTABLISHED,Separar lei penal no tempo de limite processual à nova condenação. A data do novo júri não substitui a data do fato.,NEW_SELECTED_DECOMPOSITION,MEDIUM_INTEGRATION_ESTIMATE,padrão PDF6,LEGAL_REVIEW_PENDING,UNKNOWN,UNKNOWN_DENOMINATOR_NOT_CLOSED
FGV_OAB46_2026_PECA,OAB46_PENAL_2FASE,OAB,FGV,2026-06-21,pratica,Penal,PECA,OAB46_2026_PENAL_PROVA,OAB46_2026_PENAL_KEY,RESPOSTA_A_ACUSACAO_RUBRIC_5.00,DEFINITIVE,legality.strict;classification.crime_contravention;typicity.formal;procedure.response_accusation,CORE_EMBEDDED_IN_PRACTICAL,REAL_ITEM,OFFICIAL_DOCUMENT,2026-06-21,2026-10-02,NOT_SEARCHED_SYSTEMATICALLY,BANK_POSITION_ONLY_UNLESS_ASSERTION_SPECIFIES_SOURCE,RUBRIC_SCOPE_CAUTION_TELEMATIC_GENERALIZATION,"A peça inteira vale5.00, mas o item6 de atipicidade/limite do tipo vale0.80. Não atribuir toda a pontuação ao núcleo de Introdução. Atipicidade é do art.288-A no caso; não descriminaliza jogos de azar.",NEW_SELECTED_DECOMPOSITION,HIGH_INTEGRATION_ESTIMATE,padrão PDF1-3,LEGAL_REVIEW_PENDING,UNKNOWN,UNKNOWN_DENOMINATOR_NOT_CLOSED
FGV_OAB46_2026_Q1,OAB46_PENAL_2FASE,OAB,FGV,2026-06-21,discursiva,Penal,1,OAB46_2026_PENAL_PROVA,OAB46_2026_PENAL_KEY,A_ALTERNATIVE_ROUTES_0.65_B_0.60,DEFINITIVE,legality.competence;iter_criminis.preparatory;iter_criminis.voluntary_desistance,CORE_WITH_THEORY_CRIME_BRIDGE,REAL_ITEM,OFFICIAL_DOCUMENT,2026-06-21,2026-10-02,NOT_SEARCHED_SYSTEMATICALLY,BANK_POSITION_ONLY_UNLESS_ASSERTION_SPECIFIES_SOURCE,ALTERNATIVE_DOGMATIC_ROUTES_IN_RUBRIC,"Não fundir desistência voluntária e atos preparatórios. São vias alternativas aceitas pela banca, com pressupostos distintos. ItemB permite trabalhar fonte/competência em aplicação.",NEW_SELECTED_DECOMPOSITION,MEDIUM_WITH_AMBIGUITY_ESTIMATE,padrão PDF4,LEGAL_REVIEW_PENDING,UNKNOWN,UNKNOWN_DENOMINATOR_NOT_CLOSED
FGV_ENAC2026_1_Q98,ENAC2026_1,Cartorios_ENAC,FGV,2026-06-14,objetiva,tipo1/padrao,98,ENAC2026_PROVA,ENAC2026_KEY,A,DEFINITIVE,penalty.multiple_majorants;legality.strict,BRIDGE_ADVANCED,REAL_ITEM,OFFICIAL_DOCUMENT,2026-06-14,2026-10-02,NOT_SEARCHED_SYSTEMATICALLY,BANK_POSITION_ONLY_UNLESS_ASSERTION_SPECIFIES_SOURCE,NO_DEFECT_ESTABLISHED,"O item já pertence ao ENAC300 pass1. Esta é decomposição complementar, não nova descoberta de prova. Cobrança central de dosimetria; conexão com limites legais não transforma o item inteiro em Introdução.",NEW_SELECTED_DECOMPOSITION,MEDIUM_APPLICATION_ESTIMATE,prova PDF31,LEGAL_REVIEW_PENDING,UNKNOWN,UNKNOWN_DENOMINATOR_NOT_CLOSED
CEBRASPE_PCGO2017_Q16,PCGO_EDITAL2016_APLIC2017,Delegado,CEBRASPE,2017-02-05,objetiva,tipo1/padrao,16,PCGO2017_PROVA,PCGO2017_KEY,X,ANNULLED,criminology.vs_dogmatics;criminology.objects,CORE,REAL_ITEM,OFFICIAL_DOCUMENT,2017-02-05,2026-10-02,NOT_SEARCHED_SYSTEMATICALLY,BANK_POSITION_ONLY_UNLESS_ASSERTION_SPECIFIES_SOURCE,OFFICIAL_ANNULMENT_AND_REASON_OPTION_MISMATCH,"Anulada. A justificativa oficial cita depende na opção apontada como gabarito, mas a tabela registra B e o termo aparece em C no caderno. Preservar essa divergência documental. Concurso encerrado em2018 com resultado tornado sem efeito.",NEW_SELECTED_DECOMPOSITION,EDITORIAL_NOT_CALIBRATED,prova PDF1,HISTORICAL_QA_ONLY,UNKNOWN,UNKNOWN_DENOMINATOR_NOT_CLOSED
CEBRASPE_PCGO2017_Q17,PCGO_EDITAL2016_APLIC2017,Delegado,CEBRASPE,2017-02-05,objetiva,tipo1/padrao,17,PCGO2017_PROVA,PCGO2017_KEY,D,DEFINITIVE,criminology.empirical;policy_criminal.role,CORE,REAL_ITEM,OFFICIAL_DOCUMENT,2017-02-05,2026-10-02,NOT_SEARCHED_SYSTEMATICALLY,BANK_POSITION_ONLY_UNLESS_ASSERTION_SPECIFIES_SOURCE,NO_DEFECT_ESTABLISHED,Gabarito histórico do item não supera o encerramento do concurso. Termos causais/periculosidade exigem delimitação de paradigma; não virar definição exclusiva de toda Criminologia.,NEW_SELECTED_DECOMPOSITION,EASY_CONCEPTUAL_ESTIMATE,prova PDF1,HISTORICAL_REVIEW_PENDING,UNKNOWN,UNKNOWN_DENOMINATOR_NOT_CLOSED
CEBRASPE_PCGO2017_Q18,PCGO_EDITAL2016_APLIC2017,Delegado,CEBRASPE,2017-02-05,objetiva,tipo1/padrao,18,PCGO2017_PROVA,PCGO2017_KEY,E,DEFINITIVE,criminology.prevention_levels,BRIDGE,REAL_ITEM,OFFICIAL_DOCUMENT,2017-02-05,2026-10-02,NOT_SEARCHED_SYSTEMATICALLY,BANK_POSITION_ONLY_UNLESS_ASSERTION_SPECIFIES_SOURCE,NO_DEFECT_ESTABLISHED,"Distinguir destinatário, momento e mecanismo de prevenção. Histórico de concurso encerrado; não contar como eficácia comprovada de políticas.",NEW_SELECTED_DECOMPOSITION,MEDIUM_DISCRIMINATION_ESTIMATE,prova PDF1,HISTORICAL_REVIEW_PENDING,UNKNOWN,UNKNOWN_DENOMINATOR_NOT_CLOSED
CEBRASPE_PCGO2017_Q19,PCGO_EDITAL2016_APLIC2017,Delegado,CEBRASPE,2017-02-05,objetiva,tipo1/padrao,19,PCGO2017_PROVA,PCGO2017_KEY,C,DEFINITIVE,criminology.restoration;criminology.resocialization;penalty.general_prevention,CORE,REAL_ITEM,OFFICIAL_DOCUMENT,2017-02-05,2026-10-02,NOT_SEARCHED_SYSTEMATICALLY,BANK_POSITION_ONLY_UNLESS_ASSERTION_SPECIFIES_SOURCE,NO_DEFECT_ESTABLISHED,"Comparar modelos pela finalidade e papel dos envolvidos. Modelo integrador/restaurador é relação terminológica contextual, não sinonímia irrestrita. Histórico de concurso encerrado.",NEW_SELECTED_DECOMPOSITION,MEDIUM_DISCRIMINATION_ESTIMATE,prova PDF1,HISTORICAL_REVIEW_PENDING,UNKNOWN,UNKNOWN_DENOMINATOR_NOT_CLOSED
CEBRASPE_DPERN2015_Q85,DPERN2015,Defensoria,CEBRASPE,2015-12-13,objetiva,tipo1/padrao,85,DPE_RN2015_PROVA_CDN,DPE_RN2015_KEY,C,DEFINITIVE,principle.social_adequacy;principle.insignificance;culpability.prohibition_error;legal_good.copyright,CORE_APPLIED,REAL_ITEM,OFFICIAL_DOCUMENT,2015-12-13,2026-10-02,NOT_SEARCHED_SYSTEMATICALLY,BANK_POSITION_ONLY_UNLESS_ASSERTION_SPECIFIES_SOURCE,NO_DEFECT_ESTABLISHED,"Questão aplica princípios em tipo da parte especial. Não confundir aceitação social, falta de dano individual provado e erro de proibição inevitável.",NEW_SELECTED_DECOMPOSITION,MEDIUM_DISCRIMINATION_ESTIMATE,prova PDF22,LEGAL_REVIEW_PENDING,UNKNOWN,UNKNOWN_DENOMINATOR_NOT_CLOSED
CESPE_TRF2_2013_Q16,TRF2_EDITAL2012_APLIC2013,Magistratura,CESPE,2013-01-13,objetiva,tipo1/padrao,16,TRF2_2012_PROVA_CDN,TRF2_2013_KEY,A,DEFINITIVE,legality.analogy;interpretation.methods,CORE,REAL_ITEM,OFFICIAL_DOCUMENT,2013-01-13,2026-10-02,NOT_SEARCHED_SYSTEMATICALLY,BANK_POSITION_ONLY_UNLESS_ASSERTION_SPECIFIES_SOURCE,EDITORIAL_POSSIBLE_MULTIPLE_ANSWERS_UNRESOLVED,"D também admite analogia favorável, gerando possível dupla resposta. Gabarito A preservado; justificativas dos recursos providos não incluem Q16. Não inventar por que D foi rejeitada.",NEW_SELECTED_DECOMPOSITION,DO_NOT_CALIBRATE_WHILE_DISPUTED,prova PDF7,QUARANTINE_PENDING_ADVERSARIAL_REVIEW,UNKNOWN,UNKNOWN_DENOMINATOR_NOT_CLOSED
CESPE_TRF2_2013_Q17,TRF2_EDITAL2012_APLIC2013,Magistratura,CESPE,2013-01-13,objetiva,tipo1/padrao,17,TRF2_2012_PROVA_CDN,TRF2_2013_KEY,E,DEFINITIVE,principle.insignificance;typicity.typification_administration,BRIDGE,REAL_ITEM,OFFICIAL_DOCUMENT,2013-01-13,2026-10-02,NOT_SEARCHED_SYSTEMATICALLY,BANK_POSITION_ONLY_UNLESS_ASSERTION_SPECIFIES_SOURCE,NO_DEFECT_ESTABLISHED,Somente D se liga diretamente ao núcleo de insignificância; demais alternativas exigem tipos e redações próprias. Questão histórica integral não liberada para treino atual.,NEW_SELECTED_DECOMPOSITION,EDITORIAL_NOT_CALIBRATED,prova PDF8,HISTORICAL_REVIEW_PENDING,UNKNOWN,UNKNOWN_DENOMINATOR_NOT_CLOSED
CESPE_TRF2_2013_Q18,TRF2_EDITAL2012_APLIC2013,Magistratura,CESPE,2013-01-13,objetiva,tipo1/padrao,18,TRF2_2012_PROVA_CDN,TRF2_2013_KEY,E,DEFINITIVE,principle.insignificance;legal_good.public_faith;law.historical_type_change,BRIDGE,REAL_ITEM,OFFICIAL_DOCUMENT,2013-01-13,2026-10-02,NOT_SEARCHED_SYSTEMATICALLY,BANK_POSITION_ONLY_UNLESS_ASSERTION_SPECIFIES_SOURCE,HISTORICAL_LEGAL_CHANGE_REVIEW_REQUIRED,Parte do caderno antecede alterações do art.288 e do tráfico de pessoas. Não trocar nomenclatura quadrilha nem atualizar silenciosamente alternativas. E exemplifica bem jurídico supraindividual.,NEW_SELECTED_DECOMPOSITION,EDITORIAL_NOT_CALIBRATED,prova PDF8,HISTORICAL_REVIEW_PENDING,UNKNOWN,UNKNOWN_DENOMINATOR_NOT_CLOSED
CESPE_DPU2010_Q58,DPU2010,Defensoria,CESPE,2010-03-06,objetiva,tipo1/padrao,58,DPU2010_PROVA_CDN,DPU2010_KEY_CDN,E,DEFINITIVE,iter_criminis.impossible_crime;typicity.material,BRIDGE,REAL_ITEM,OFFICIAL_DOCUMENT,2010-03-06,2026-10-02,NOT_SEARCHED_SYSTEMATICALLY,BANK_POSITION_ONLY_UNLESS_ASSERTION_SPECIFIES_SOURCE,NO_DEFECT_ESTABLISHED,Comparação histórica com entendimento posteriormente sumulado. Súmula567 é de2016; não atribuir sua existência à prova de2010.,NEW_SELECTED_DECOMPOSITION,EASY_RECOGNITION_ESTIMATE,prova PDF4,LEGAL_REVIEW_PENDING,UNKNOWN,UNKNOWN_DENOMINATOR_NOT_CLOSED
CESPE_DPU2010_Q59,DPU2010,Defensoria,CESPE,2010-03-06,objetiva,tipo1/padrao,59,DPU2010_PROVA_CDN,DPU2010_KEY_CDN,C,DEFINITIVE,culpability.theories,BRIDGE,REAL_ITEM,OFFICIAL_DOCUMENT,2010-03-06,2026-10-02,NOT_SEARCHED_SYSTEMATICALLY,BANK_POSITION_ONLY_UNLESS_ASSERTION_SPECIFIES_SOURCE,NO_DEFECT_ESTABLISHED,Comparação entre sistemas do delito; não antecipar detalhes antes de explicar os níveis de análise.,NEW_SELECTED_DECOMPOSITION,EASY_WITH_PREREQUISITE_ESTIMATE,prova PDF4,LEGAL_REVIEW_PENDING,UNKNOWN,UNKNOWN_DENOMINATOR_NOT_CLOSED
CESPE_DPU2010_Q60,DPU2010,Defensoria,CESPE,2010-03-06,objetiva,tipo1/padrao,60,DPU2010_PROVA_CDN,DPU2010_KEY_CDN,X,ANNULLED,culpability.theories,QA_ONLY,REAL_ITEM,OFFICIAL_DOCUMENT,2010-03-06,2026-10-02,NOT_SEARCHED_SYSTEMATICALLY,BANK_POSITION_ONLY_UNLESS_ASSERTION_SPECIFIES_SOURCE,CONFIRMED_WORD_ERROR_OFFICIAL_REASON,Justificativa oficial: uso de jurídico em vez de antijurídico prejudicou o julgamento. Preservar original; eventual correção teria outro ID de adaptação.,NEW_SELECTED_DECOMPOSITION,EDITORIAL_NOT_CALIBRATED,prova PDF4; justificativa PDF1,HISTORICAL_QA_ONLY,UNKNOWN,UNKNOWN_DENOMINATOR_NOT_CLOSED
CESPE_DPU2010_Q61,DPU2010,Defensoria,CESPE,2010-03-06,objetiva,tipo1/padrao,61,DPU2010_PROVA_CDN,DPU2010_KEY_CDN,C,DEFINITIVE,culpability.theories;typicity.dolo,BRIDGE,REAL_ITEM,OFFICIAL_DOCUMENT,2010-03-06,2026-10-02,NOT_SEARCHED_SYSTEMATICALLY,BANK_POSITION_ONLY_UNLESS_ASSERTION_SPECIFIES_SOURCE,NO_DEFECT_ESTABLISHED,Contrastar com Q59: mudança de localização de dolo/culpa conforme a construção dogmática. Corrente não se confunde com data de vigência de uma lei.,NEW_SELECTED_DECOMPOSITION,MEDIUM_CONTRAST_ESTIMATE,prova PDF4,LEGAL_REVIEW_PENDING,UNKNOWN,UNKNOWN_DENOMINATOR_NOT_CLOSED
CESPE_DPU2010_Q70,DPU2010,Defensoria,CESPE,2010-03-06,objetiva,tipo1/padrao,70,DPU2010_PROVA_CDN,DPU2010_KEY_CDN,E,DEFINITIVE,principle.insignificance;legal_good.public_faith;liability.adolescent,CORE_APPLIED_WITH_BRIDGES,REAL_ITEM,OFFICIAL_DOCUMENT,2010-03-06,2026-10-02,NOT_SEARCHED_SYSTEMATICALLY,BANK_POSITION_ONLY_UNLESS_ASSERTION_SPECIFIES_SOURCE,NO_DEFECT_ESTABLISHED,O item é uma conjunção. Seu gabarito E não torna falsas todas as proposições componentes. O adolescente tem17anos; não igualar prisão de adulto e apreensão. Não converter narrativa longa em dificuldade alta automaticamente.,NEW_SELECTED_DECOMPOSITION,MEDIUM_WITH_HIGH_READING_LOAD_ESTIMATE,prova PDF5,LEGAL_REVIEW_PENDING,UNKNOWN,UNKNOWN_DENOMINATOR_NOT_CLOSED
