source_id,url,retrieved_at,sha256,bytes,http_status,local_path,role,remote_binary_status
DPE_RN2015_KEY,https://cdn.cebraspe.org.br/concursos/dpe_rn_15_defensor/arquivos/Gab_Definitivo_208DPERN_001_01.PDF,2026-10-02T01:55:58.674500+00:00,f2544a5d41bb3a48858c4303b7ecd56dd458c808446754e50d75880fca322fb7,55581,200,sources/DPE_RN2015_KEY.pdf,OFFICIAL_EXAM_KEY_OR_NOTICE,NOT_PUBLISHED_IN_THIS_COMMIT
DPE_RN2015_PROVA_CDN,https://cdn.cebraspe.org.br/concursos/dpe_rn_15_defensor/arquivos/208dpern_001_01.pdf,2026-10-01T22:15:17.959131+00:00,05c84f85e25b002abad209f76329faf817145be4784f2b6f79f6194581c768ed,147849,200,sources/DPE_RN2015_PROVA_CDN.pdf,OFFICIAL_EXAM_KEY_OR_NOTICE,NOT_PUBLISHED_IN_THIS_COMMIT
DPU2010_KEY_CDN,https://cdn.cebraspe.org.br/concursos/DPU2010/arquivos/Gab_Definitivo_DPU09_001_1.PDF,2026-10-01T22:15:17.955654+00:00,3bc37652e255c1510009325418fcac0d6922dd2f801d3dd5055f898fae5998ec,54838,200,sources/DPU2010_KEY_CDN.pdf,OFFICIAL_EXAM_KEY_OR_NOTICE,NOT_PUBLISHED_IN_THIS_COMMIT
DPU2010_PROVA_CDN,https://cdn.cebraspe.org.br/concursos/DPU2010/arquivos/DPU09_001_1.PDF,2026-10-01T22:15:17.954994+00:00,99d132f5b36cccd5820996cd943f71e22bfb0b6de5954e6c27d21467aa4145d6,290336,200,sources/DPU2010_PROVA_CDN.pdf,OFFICIAL_EXAM_KEY_OR_NOTICE,NOT_PUBLISHED_IN_THIS_COMMIT
DPU2010_RESOURCES_CDN,https://cdn.cebraspe.org.br/concursos/dpu2010/arquivos/DPU_JUSTICATIVA_DE_ALTERAO_DE_GABARITOS_1.PDF,2026-10-01T22:15:17.956653+00:00,082825b9f36fe0ce61e6be439daadb16b6915a6a5b19a99a8cc819ebc9699451,51122,200,sources/DPU2010_RESOURCES_CDN.pdf,OFFICIAL_EXAM_KEY_OR_NOTICE,NOT_PUBLISHED_IN_THIS_COMMIT
ENAC2025_1_KEY,https://conhecimento.fgv.br/sites/default/files/concursos/gabdefi_enac.pdf,2026-10-01T22:13:59.324827+00:00,635ec0b865a1f6f86ec712b547c557d75b7c592ea8d991889c03f39659842854,217070,200,sources/ENAC2025_1_KEY.pdf,OFFICIAL_EXAM_KEY_OR_NOTICE,NOT_PUBLISHED_IN_THIS_COMMIT
ENAC2025_1_PROVA,https://conhecimento.fgv.br/sites/default/files/concursos/enac-t01.pdf,2026-10-01T22:13:59.376098+00:00,82ba1ca5ad5700fb53f5a693b5bf7a0d391a14daf37b45e325d320c5ded6ed7b,547826,200,sources/ENAC2025_1_PROVA.pdf,OFFICIAL_EXAM_KEY_OR_NOTICE,NOT_PUBLISHED_IN_THIS_COMMIT
ENAC2025_2_KEY,https://conhecimento.fgv.br/sites/default/files/concursos/gabdef_enca-v2.pdf,2026-10-01T22:13:52.443560+00:00,4dabb9533670362fd92d3f8a46d07c891d245339c496da0dbeeb2942ae19cf01,206969,200,sources/ENAC2025_2_KEY.pdf,OFFICIAL_EXAM_KEY_OR_NOTICE,NOT_PUBLISHED_IN_THIS_COMMIT
ENAC2025_2_PROVA,https://conhecimento.fgv.br/sites/default/files/concursos/2o-exame-nacional-dos-cartorios-enac-enac-25-tipo-1.pdf,2026-10-01T22:13:52.444224+00:00,6bfa5155b4ce6efea953d6f31939af69481ba79cf8877c5005f7ad109fd6666b,556273,200,sources/ENAC2025_2_PROVA.pdf,OFFICIAL_EXAM_KEY_OR_NOTICE,NOT_PUBLISHED_IN_THIS_COMMIT
ENAC2026_KEY,https://conhecimento.fgv.br/sites/default/files/concursos/gabarito-definitivo-enac-2026.1.pdf,2026-10-01T22:13:52.445514+00:00,798a8f18514837c240076683a476be1dcb9bf25341ed819545c665383822179e,281248,200,sources/ENAC2026_KEY.pdf,OFFICIAL_EXAM_KEY_OR_NOTICE,NOT_PUBLISHED_IN_THIS_COMMIT
ENAC2026_PROVA,https://conhecimento.fgv.br/sites/default/files/concursos/enac-2026-1-enac-2026-1-tipo-1-2.pdf,2026-10-01T22:13:52.445251+00:00,dfc14cf463ff2f9955aaf6dc11654284391021b8f813d4b64e8347e89738be4b,530071,200,sources/ENAC2026_PROVA.pdf,OFFICIAL_EXAM_KEY_OR_NOTICE,NOT_PUBLISHED_IN_THIS_COMMIT
OAB45_2026_PENAL_KEY,https://oab.fgv.br/arq/648/147181_OAB%2045%20-%20PADR%C3%83O%20DE%20RESPOSTA%20-%20B005%20-%20DIREITO%20PENAL%20-%20NOVO%20FORMATO.pdf,2026-10-02T01:57:25.345447+00:00,f070d35b6664cf4efd86dce66a3322f262af6bdd3fe7072747e0573ab3a796db,147181,200,sources/OAB45_2026_PENAL_KEY.pdf,OFFICIAL_EXAM_KEY_OR_NOTICE,NOT_PUBLISHED_IN_THIS_COMMIT
OAB45_2026_PENAL_PROVA,https://oab.fgv.br/arq/648/510682_OAB45%20-%20B005%20(DIREITO%20PENAL).pdf,2026-10-02T01:57:25.346030+00:00,ed3543c2536bf6131843c0e96d939447e42780dd1887894965416be7fbfb30b1,510682,200,sources/OAB45_2026_PENAL_PROVA.pdf,OFFICIAL_EXAM_KEY_OR_NOTICE,NOT_PUBLISHED_IN_THIS_COMMIT
OAB46_2026_PENAL_KEY,https://oab.fgv.br/arq/649/369161_OAB%2046%20-%20PADR%C3%83O%20DE%20RESPOSTA%20-%20B005%20-%20DIREITO%20PENAL.pdf,2026-10-02T01:57:25.347297+00:00,63db6632358593f5c198281250fa2959e86291ca0320a89bea925ba06448d1fb,369161,200,sources/OAB46_2026_PENAL_KEY.pdf,OFFICIAL_EXAM_KEY_OR_NOTICE,NOT_PUBLISHED_IN_THIS_COMMIT
OAB46_2026_PENAL_PROVA,https://oab.fgv.br/arq/649/516143_OAB46%20-%20B005%20(DIREITO%20PENAL).pdf,2026-10-02T01:57:25.346543+00:00,f280ea261b5b81ece0a7a2c2f570058495531cb4a654dab83d0aa864a584f20b,516143,200,sources/OAB46_2026_PENAL_PROVA.pdf,OFFICIAL_EXAM_KEY_OR_NOTICE,NOT_PUBLISHED_IN_THIS_COMMIT
PCGO2017_ENCERRAMENTO,https://cdn.cebraspe.org.br/concursos/pc_go_16_delegado/arquivos/ED_7_5_2017_PC_GO_16_DELEGADO___ENCERRAMENTO.PDF,2026-10-02T01:56:15.009244+00:00,dfea7b3c65ae7a1c34be9322f7e404043f47bd577c28c03d3cfc0a6518e78552,386732,200,sources/PCGO2017_ENCERRAMENTO.pdf,OFFICIAL_EXAM_KEY_OR_NOTICE,NOT_PUBLISHED_IN_THIS_COMMIT
PCGO2017_JUSTIFICATIVAS,https://cdn.cebraspe.org.br/concursos/pc_go_16_delegado/arquivos/PCGO_DELEGADO_JUSTIFICATIVAS_DE_ALTERA____O_DE_GABARITO.PDF,2026-10-02T01:59:27.267963+00:00,c598e0d83b77361f2f6b4b781a4d5d857dfe4a8f76575315d6e4547afc76041d,357855,200,sources/PCGO2017_JUSTIFICATIVAS.pdf,OFFICIAL_EXAM_KEY_OR_NOTICE,NOT_PUBLISHED_IN_THIS_COMMIT
PCGO2017_KEY,https://cdn.cebraspe.org.br/concursos/pc_go_16_delegado/arquivos/Gab_Definitivo_297PCGO_001_01.pdf,2026-10-02T01:56:15.008584+00:00,52e5a55a1d6983ccb55974bfc757c4e408cfe101077b0b03b01255bfe6751a21,96441,200,sources/PCGO2017_KEY.pdf,OFFICIAL_EXAM_KEY_OR_NOTICE,NOT_PUBLISHED_IN_THIS_COMMIT
PCGO2017_PROVA,https://cdn.cebraspe.org.br/concursos/pc_go_16_delegado/arquivos/297PCGO_001_01.pdf,2026-10-02T01:56:14.971479+00:00,e89ae1dcbc99090398188e5dd6c8ce9bcbb6aec061b988628679db7c9a384729,111688,200,sources/PCGO2017_PROVA.pdf,OFFICIAL_EXAM_KEY_OR_NOTICE,NOT_PUBLISHED_IN_THIS_COMMIT
TRF2_2012_PROVA_CDN,https://cdn.cebraspe.org.br/concursos/trf2_12_juiz/arquivos/TRF2R12_001_01.pdf,2026-10-01T22:15:17.958419+00:00,dab72e4eb6b65452f98dd4e7ca64714965e58e33ce1c6953b665f51b2dda7078,761973,200,sources/TRF2_2012_PROVA_CDN.pdf,OFFICIAL_EXAM_KEY_OR_NOTICE,NOT_PUBLISHED_IN_THIS_COMMIT
TRF2_2013_JUSTIFICATIVAS,https://cdn.cebraspe.org.br/concursos/trf2_12_juiz/arquivos/JUSTIFICATIVAS_DE_ANULA____O_ALTERA____O_DE_GABARITO_A.PDF,2026-10-02T01:59:27.268538+00:00,aeb260919b347ba3807669acf2916f67e5d9476b0975649dd35ac3c8dcef4750,115822,200,sources/TRF2_2013_JUSTIFICATIVAS.pdf,OFFICIAL_EXAM_KEY_OR_NOTICE,NOT_PUBLISHED_IN_THIS_COMMIT
TRF2_2013_KEY,https://cdn.cebraspe.org.br/concursos/trf2_12_juiz/arquivos/Gab_definitivo_TRF2R12_001_01.PDF,2026-10-02T01:55:58.673656+00:00,5c921b04697891f67ef07d8f5346dfe00f3e69416eaafeb5c3a0e93b702bac6a,489819,200,sources/TRF2_2013_KEY.pdf,OFFICIAL_EXAM_KEY_OR_NOTICE,NOT_PUBLISHED_IN_THIS_COMMIT
